nohup: ignoring input
distributed True
Use GPU: 0 for training
[4, 1]
5
=> creating model 'resnet50'
MoCo(
  (encoder_q): ResNet(
    (conv1): Conv2d(3, 64, kernel_size=(7, 7), stride=(2, 2), padding=(3, 3), bias=False)
    (bn1): BatchNorm2d(64, eps=1e-05, momentum=0.1, affine=True, track_running_stats=True)
    (relu): ReLU(inplace=True)
    (maxpool): MaxPool2d(kernel_size=3, stride=2, padding=1, dilation=1, ceil_mode=False)
    (layer1): Sequential(
      (0): Bottleneck(
        (conv1): Conv2d(64, 64, kernel_size=(1, 1), stride=(1, 1), bias=False)
        (bn1): BatchNorm2d(64, eps=1e-05, momentum=0.1, affine=True, track_running_stats=True)
        (conv2): Conv2d(64, 64, kernel_size=(3, 3), stride=(1, 1), padding=(1, 1), bias=False)
        (bn2): BatchNorm2d(64, eps=1e-05, momentum=0.1, affine=True, track_running_stats=True)
        (conv3): Conv2d(64, 256, kernel_size=(1, 1), stride=(1, 1), bias=False)
        (bn3): BatchNorm2d(256, eps=1e-05, momentum=0.1, affine=True, track_running_stats=True)
        (relu): ReLU(inplace=True)
        (downsample): Sequential(
          (0): Conv2d(64, 256, kernel_size=(1, 1), stride=(1, 1), bias=False)
          (1): BatchNorm2d(256, eps=1e-05, momentum=0.1, affine=True, track_running_stats=True)
        )
      )
      (1): Bottleneck(
        (conv1): Conv2d(256, 64, kernel_size=(1, 1), stride=(1, 1), bias=False)
        (bn1): BatchNorm2d(64, eps=1e-05, momentum=0.1, affine=True, track_running_stats=True)
        (conv2): Conv2d(64, 64, kernel_size=(3, 3), stride=(1, 1), padding=(1, 1), bias=False)
        (bn2): BatchNorm2d(64, eps=1e-05, momentum=0.1, affine=True, track_running_stats=True)
        (conv3): Conv2d(64, 256, kernel_size=(1, 1), stride=(1, 1), bias=False)
        (bn3): BatchNorm2d(256, eps=1e-05, momentum=0.1, affine=True, track_running_stats=True)
        (relu): ReLU(inplace=True)
      )
      (2): Bottleneck(
        (conv1): Conv2d(256, 64, kernel_size=(1, 1), stride=(1, 1), bias=False)
        (bn1): BatchNorm2d(64, eps=1e-05, momentum=0.1, affine=True, track_running_stats=True)
        (conv2): Conv2d(64, 64, kernel_size=(3, 3), stride=(1, 1), padding=(1, 1), bias=False)
        (bn2): BatchNorm2d(64, eps=1e-05, momentum=0.1, affine=True, track_running_stats=True)
        (conv3): Conv2d(64, 256, kernel_size=(1, 1), stride=(1, 1), bias=False)
        (bn3): BatchNorm2d(256, eps=1e-05, momentum=0.1, affine=True, track_running_stats=True)
        (relu): ReLU(inplace=True)
      )
    )
    (layer2): Sequential(
      (0): Bottleneck(
        (conv1): Conv2d(256, 128, kernel_size=(1, 1), stride=(1, 1), bias=False)
        (bn1): BatchNorm2d(128, eps=1e-05, momentum=0.1, affine=True, track_running_stats=True)
        (conv2): Conv2d(128, 128, kernel_size=(3, 3), stride=(2, 2), padding=(1, 1), bias=False)
        (bn2): BatchNorm2d(128, eps=1e-05, momentum=0.1, affine=True, track_running_stats=True)
        (conv3): Conv2d(128, 512, kernel_size=(1, 1), stride=(1, 1), bias=False)
        (bn3): BatchNorm2d(512, eps=1e-05, momentum=0.1, affine=True, track_running_stats=True)
        (relu): ReLU(inplace=True)
        (downsample): Sequential(
          (0): Conv2d(256, 512, kernel_size=(1, 1), stride=(2, 2), bias=False)
          (1): BatchNorm2d(512, eps=1e-05, momentum=0.1, affine=True, track_running_stats=True)
        )
      )
      (1): Bottleneck(
        (conv1): Conv2d(512, 128, kernel_size=(1, 1), stride=(1, 1), bias=False)
        (bn1): BatchNorm2d(128, eps=1e-05, momentum=0.1, affine=True, track_running_stats=True)
        (conv2): Conv2d(128, 128, kernel_size=(3, 3), stride=(1, 1), padding=(1, 1), bias=False)
        (bn2): BatchNorm2d(128, eps=1e-05, momentum=0.1, affine=True, track_running_stats=True)
        (conv3): Conv2d(128, 512, kernel_size=(1, 1), stride=(1, 1), bias=False)
        (bn3): BatchNorm2d(512, eps=1e-05, momentum=0.1, affine=True, track_running_stats=True)
        (relu): ReLU(inplace=True)
      )
      (2): Bottleneck(
        (conv1): Conv2d(512, 128, kernel_size=(1, 1), stride=(1, 1), bias=False)
        (bn1): BatchNorm2d(128, eps=1e-05, momentum=0.1, affine=True, track_running_stats=True)
        (conv2): Conv2d(128, 128, kernel_size=(3, 3), stride=(1, 1), padding=(1, 1), bias=False)
        (bn2): BatchNorm2d(128, eps=1e-05, momentum=0.1, affine=True, track_running_stats=True)
        (conv3): Conv2d(128, 512, kernel_size=(1, 1), stride=(1, 1), bias=False)
        (bn3): BatchNorm2d(512, eps=1e-05, momentum=0.1, affine=True, track_running_stats=True)
        (relu): ReLU(inplace=True)
      )
      (3): Bottleneck(
        (conv1): Conv2d(512, 128, kernel_size=(1, 1), stride=(1, 1), bias=False)
        (bn1): BatchNorm2d(128, eps=1e-05, momentum=0.1, affine=True, track_running_stats=True)
        (conv2): Conv2d(128, 128, kernel_size=(3, 3), stride=(1, 1), padding=(1, 1), bias=False)
        (bn2): BatchNorm2d(128, eps=1e-05, momentum=0.1, affine=True, track_running_stats=True)
        (conv3): Conv2d(128, 512, kernel_size=(1, 1), stride=(1, 1), bias=False)
        (bn3): BatchNorm2d(512, eps=1e-05, momentum=0.1, affine=True, track_running_stats=True)
        (relu): ReLU(inplace=True)
      )
    )
    (layer3): Sequential(
      (0): Bottleneck(
        (conv1): Conv2d(512, 256, kernel_size=(1, 1), stride=(1, 1), bias=False)
        (bn1): BatchNorm2d(256, eps=1e-05, momentum=0.1, affine=True, track_running_stats=True)
        (conv2): Conv2d(256, 256, kernel_size=(3, 3), stride=(2, 2), padding=(1, 1), bias=False)
        (bn2): BatchNorm2d(256, eps=1e-05, momentum=0.1, affine=True, track_running_stats=True)
        (conv3): Conv2d(256, 1024, kernel_size=(1, 1), stride=(1, 1), bias=False)
        (bn3): BatchNorm2d(1024, eps=1e-05, momentum=0.1, affine=True, track_running_stats=True)
        (relu): ReLU(inplace=True)
        (downsample): Sequential(
          (0): Conv2d(512, 1024, kernel_size=(1, 1), stride=(2, 2), bias=False)
          (1): BatchNorm2d(1024, eps=1e-05, momentum=0.1, affine=True, track_running_stats=True)
        )
      )
      (1): Bottleneck(
        (conv1): Conv2d(1024, 256, kernel_size=(1, 1), stride=(1, 1), bias=False)
        (bn1): BatchNorm2d(256, eps=1e-05, momentum=0.1, affine=True, track_running_stats=True)
        (conv2): Conv2d(256, 256, kernel_size=(3, 3), stride=(1, 1), padding=(1, 1), bias=False)
        (bn2): BatchNorm2d(256, eps=1e-05, momentum=0.1, affine=True, track_running_stats=True)
        (conv3): Conv2d(256, 1024, kernel_size=(1, 1), stride=(1, 1), bias=False)
        (bn3): BatchNorm2d(1024, eps=1e-05, momentum=0.1, affine=True, track_running_stats=True)
        (relu): ReLU(inplace=True)
      )
      (2): Bottleneck(
        (conv1): Conv2d(1024, 256, kernel_size=(1, 1), stride=(1, 1), bias=False)
        (bn1): BatchNorm2d(256, eps=1e-05, momentum=0.1, affine=True, track_running_stats=True)
        (conv2): Conv2d(256, 256, kernel_size=(3, 3), stride=(1, 1), padding=(1, 1), bias=False)
        (bn2): BatchNorm2d(256, eps=1e-05, momentum=0.1, affine=True, track_running_stats=True)
        (conv3): Conv2d(256, 1024, kernel_size=(1, 1), stride=(1, 1), bias=False)
        (bn3): BatchNorm2d(1024, eps=1e-05, momentum=0.1, affine=True, track_running_stats=True)
        (relu): ReLU(inplace=True)
      )
      (3): Bottleneck(
        (conv1): Conv2d(1024, 256, kernel_size=(1, 1), stride=(1, 1), bias=False)
        (bn1): BatchNorm2d(256, eps=1e-05, momentum=0.1, affine=True, track_running_stats=True)
        (conv2): Conv2d(256, 256, kernel_size=(3, 3), stride=(1, 1), padding=(1, 1), bias=False)
        (bn2): BatchNorm2d(256, eps=1e-05, momentum=0.1, affine=True, track_running_stats=True)
        (conv3): Conv2d(256, 1024, kernel_size=(1, 1), stride=(1, 1), bias=False)
        (bn3): BatchNorm2d(1024, eps=1e-05, momentum=0.1, affine=True, track_running_stats=True)
        (relu): ReLU(inplace=True)
      )
      (4): Bottleneck(
        (conv1): Conv2d(1024, 256, kernel_size=(1, 1), stride=(1, 1), bias=False)
        (bn1): BatchNorm2d(256, eps=1e-05, momentum=0.1, affine=True, track_running_stats=True)
        (conv2): Conv2d(256, 256, kernel_size=(3, 3), stride=(1, 1), padding=(1, 1), bias=False)
        (bn2): BatchNorm2d(256, eps=1e-05, momentum=0.1, affine=True, track_running_stats=True)
        (conv3): Conv2d(256, 1024, kernel_size=(1, 1), stride=(1, 1), bias=False)
        (bn3): BatchNorm2d(1024, eps=1e-05, momentum=0.1, affine=True, track_running_stats=True)
        (relu): ReLU(inplace=True)
      )
      (5): Bottleneck(
        (conv1): Conv2d(1024, 256, kernel_size=(1, 1), stride=(1, 1), bias=False)
        (bn1): BatchNorm2d(256, eps=1e-05, momentum=0.1, affine=True, track_running_stats=True)
        (conv2): Conv2d(256, 256, kernel_size=(3, 3), stride=(1, 1), padding=(1, 1), bias=False)
        (bn2): BatchNorm2d(256, eps=1e-05, momentum=0.1, affine=True, track_running_stats=True)
        (conv3): Conv2d(256, 1024, kernel_size=(1, 1), stride=(1, 1), bias=False)
        (bn3): BatchNorm2d(1024, eps=1e-05, momentum=0.1, affine=True, track_running_stats=True)
        (relu): ReLU(inplace=True)
      )
    )
    (layer4): Sequential(
      (0): Bottleneck(
        (conv1): Conv2d(1024, 512, kernel_size=(1, 1), stride=(1, 1), bias=False)
        (bn1): BatchNorm2d(512, eps=1e-05, momentum=0.1, affine=True, track_running_stats=True)
        (conv2): Conv2d(512, 512, kernel_size=(3, 3), stride=(2, 2), padding=(1, 1), bias=False)
        (bn2): BatchNorm2d(512, eps=1e-05, momentum=0.1, affine=True, track_running_stats=True)
        (conv3): Conv2d(512, 2048, kernel_size=(1, 1), stride=(1, 1), bias=False)
        (bn3): BatchNorm2d(2048, eps=1e-05, momentum=0.1, affine=True, track_running_stats=True)
        (relu): ReLU(inplace=True)
        (downsample): Sequential(
          (0): Conv2d(1024, 2048, kernel_size=(1, 1), stride=(2, 2), bias=False)
          (1): BatchNorm2d(2048, eps=1e-05, momentum=0.1, affine=True, track_running_stats=True)
        )
      )
      (1): Bottleneck(
        (conv1): Conv2d(2048, 512, kernel_size=(1, 1), stride=(1, 1), bias=False)
        (bn1): BatchNorm2d(512, eps=1e-05, momentum=0.1, affine=True, track_running_stats=True)
        (conv2): Conv2d(512, 512, kernel_size=(3, 3), stride=(1, 1), padding=(1, 1), bias=False)
        (bn2): BatchNorm2d(512, eps=1e-05, momentum=0.1, affine=True, track_running_stats=True)
        (conv3): Conv2d(512, 2048, kernel_size=(1, 1), stride=(1, 1), bias=False)
        (bn3): BatchNorm2d(2048, eps=1e-05, momentum=0.1, affine=True, track_running_stats=True)
        (relu): ReLU(inplace=True)
      )
      (2): Bottleneck(
        (conv1): Conv2d(2048, 512, kernel_size=(1, 1), stride=(1, 1), bias=False)
        (bn1): BatchNorm2d(512, eps=1e-05, momentum=0.1, affine=True, track_running_stats=True)
        (conv2): Conv2d(512, 512, kernel_size=(3, 3), stride=(1, 1), padding=(1, 1), bias=False)
        (bn2): BatchNorm2d(512, eps=1e-05, momentum=0.1, affine=True, track_running_stats=True)
        (conv3): Conv2d(512, 2048, kernel_size=(1, 1), stride=(1, 1), bias=False)
        (bn3): BatchNorm2d(2048, eps=1e-05, momentum=0.1, affine=True, track_running_stats=True)
        (relu): ReLU(inplace=True)
      )
    )
    (avgpool): AdaptiveAvgPool2d(output_size=(1, 1))
    (fc): Sequential(
      (0): Linear(in_features=2048, out_features=2048, bias=True)
      (1): ReLU()
      (2): Linear(in_features=2048, out_features=128, bias=True)
    )
  )
  (encoder_k): ResNet(
    (conv1): Conv2d(3, 64, kernel_size=(7, 7), stride=(2, 2), padding=(3, 3), bias=False)
    (bn1): BatchNorm2d(64, eps=1e-05, momentum=0.1, affine=True, track_running_stats=True)
    (relu): ReLU(inplace=True)
    (maxpool): MaxPool2d(kernel_size=3, stride=2, padding=1, dilation=1, ceil_mode=False)
    (layer1): Sequential(
      (0): Bottleneck(
        (conv1): Conv2d(64, 64, kernel_size=(1, 1), stride=(1, 1), bias=False)
        (bn1): BatchNorm2d(64, eps=1e-05, momentum=0.1, affine=True, track_running_stats=True)
        (conv2): Conv2d(64, 64, kernel_size=(3, 3), stride=(1, 1), padding=(1, 1), bias=False)
        (bn2): BatchNorm2d(64, eps=1e-05, momentum=0.1, affine=True, track_running_stats=True)
        (conv3): Conv2d(64, 256, kernel_size=(1, 1), stride=(1, 1), bias=False)
        (bn3): BatchNorm2d(256, eps=1e-05, momentum=0.1, affine=True, track_running_stats=True)
        (relu): ReLU(inplace=True)
        (downsample): Sequential(
          (0): Conv2d(64, 256, kernel_size=(1, 1), stride=(1, 1), bias=False)
          (1): BatchNorm2d(256, eps=1e-05, momentum=0.1, affine=True, track_running_stats=True)
        )
      )
      (1): Bottleneck(
        (conv1): Conv2d(256, 64, kernel_size=(1, 1), stride=(1, 1), bias=False)
        (bn1): BatchNorm2d(64, eps=1e-05, momentum=0.1, affine=True, track_running_stats=True)
        (conv2): Conv2d(64, 64, kernel_size=(3, 3), stride=(1, 1), padding=(1, 1), bias=False)
        (bn2): BatchNorm2d(64, eps=1e-05, momentum=0.1, affine=True, track_running_stats=True)
        (conv3): Conv2d(64, 256, kernel_size=(1, 1), stride=(1, 1), bias=False)
        (bn3): BatchNorm2d(256, eps=1e-05, momentum=0.1, affine=True, track_running_stats=True)
        (relu): ReLU(inplace=True)
      )
      (2): Bottleneck(
        (conv1): Conv2d(256, 64, kernel_size=(1, 1), stride=(1, 1), bias=False)
        (bn1): BatchNorm2d(64, eps=1e-05, momentum=0.1, affine=True, track_running_stats=True)
        (conv2): Conv2d(64, 64, kernel_size=(3, 3), stride=(1, 1), padding=(1, 1), bias=False)
        (bn2): BatchNorm2d(64, eps=1e-05, momentum=0.1, affine=True, track_running_stats=True)
        (conv3): Conv2d(64, 256, kernel_size=(1, 1), stride=(1, 1), bias=False)
        (bn3): BatchNorm2d(256, eps=1e-05, momentum=0.1, affine=True, track_running_stats=True)
        (relu): ReLU(inplace=True)
      )
    )
    (layer2): Sequential(
      (0): Bottleneck(
        (conv1): Conv2d(256, 128, kernel_size=(1, 1), stride=(1, 1), bias=False)
        (bn1): BatchNorm2d(128, eps=1e-05, momentum=0.1, affine=True, track_running_stats=True)
        (conv2): Conv2d(128, 128, kernel_size=(3, 3), stride=(2, 2), padding=(1, 1), bias=False)
        (bn2): BatchNorm2d(128, eps=1e-05, momentum=0.1, affine=True, track_running_stats=True)
        (conv3): Conv2d(128, 512, kernel_size=(1, 1), stride=(1, 1), bias=False)
        (bn3): BatchNorm2d(512, eps=1e-05, momentum=0.1, affine=True, track_running_stats=True)
        (relu): ReLU(inplace=True)
        (downsample): Sequential(
          (0): Conv2d(256, 512, kernel_size=(1, 1), stride=(2, 2), bias=False)
          (1): BatchNorm2d(512, eps=1e-05, momentum=0.1, affine=True, track_running_stats=True)
        )
      )
      (1): Bottleneck(
        (conv1): Conv2d(512, 128, kernel_size=(1, 1), stride=(1, 1), bias=False)
        (bn1): BatchNorm2d(128, eps=1e-05, momentum=0.1, affine=True, track_running_stats=True)
        (conv2): Conv2d(128, 128, kernel_size=(3, 3), stride=(1, 1), padding=(1, 1), bias=False)
        (bn2): BatchNorm2d(128, eps=1e-05, momentum=0.1, affine=True, track_running_stats=True)
        (conv3): Conv2d(128, 512, kernel_size=(1, 1), stride=(1, 1), bias=False)
        (bn3): BatchNorm2d(512, eps=1e-05, momentum=0.1, affine=True, track_running_stats=True)
        (relu): ReLU(inplace=True)
      )
      (2): Bottleneck(
        (conv1): Conv2d(512, 128, kernel_size=(1, 1), stride=(1, 1), bias=False)
        (bn1): BatchNorm2d(128, eps=1e-05, momentum=0.1, affine=True, track_running_stats=True)
        (conv2): Conv2d(128, 128, kernel_size=(3, 3), stride=(1, 1), padding=(1, 1), bias=False)
        (bn2): BatchNorm2d(128, eps=1e-05, momentum=0.1, affine=True, track_running_stats=True)
        (conv3): Conv2d(128, 512, kernel_size=(1, 1), stride=(1, 1), bias=False)
        (bn3): BatchNorm2d(512, eps=1e-05, momentum=0.1, affine=True, track_running_stats=True)
        (relu): ReLU(inplace=True)
      )
      (3): Bottleneck(
        (conv1): Conv2d(512, 128, kernel_size=(1, 1), stride=(1, 1), bias=False)
        (bn1): BatchNorm2d(128, eps=1e-05, momentum=0.1, affine=True, track_running_stats=True)
        (conv2): Conv2d(128, 128, kernel_size=(3, 3), stride=(1, 1), padding=(1, 1), bias=False)
        (bn2): BatchNorm2d(128, eps=1e-05, momentum=0.1, affine=True, track_running_stats=True)
        (conv3): Conv2d(128, 512, kernel_size=(1, 1), stride=(1, 1), bias=False)
        (bn3): BatchNorm2d(512, eps=1e-05, momentum=0.1, affine=True, track_running_stats=True)
        (relu): ReLU(inplace=True)
      )
    )
    (layer3): Sequential(
      (0): Bottleneck(
        (conv1): Conv2d(512, 256, kernel_size=(1, 1), stride=(1, 1), bias=False)
        (bn1): BatchNorm2d(256, eps=1e-05, momentum=0.1, affine=True, track_running_stats=True)
        (conv2): Conv2d(256, 256, kernel_size=(3, 3), stride=(2, 2), padding=(1, 1), bias=False)
        (bn2): BatchNorm2d(256, eps=1e-05, momentum=0.1, affine=True, track_running_stats=True)
        (conv3): Conv2d(256, 1024, kernel_size=(1, 1), stride=(1, 1), bias=False)
        (bn3): BatchNorm2d(1024, eps=1e-05, momentum=0.1, affine=True, track_running_stats=True)
        (relu): ReLU(inplace=True)
        (downsample): Sequential(
          (0): Conv2d(512, 1024, kernel_size=(1, 1), stride=(2, 2), bias=False)
          (1): BatchNorm2d(1024, eps=1e-05, momentum=0.1, affine=True, track_running_stats=True)
        )
      )
      (1): Bottleneck(
        (conv1): Conv2d(1024, 256, kernel_size=(1, 1), stride=(1, 1), bias=False)
        (bn1): BatchNorm2d(256, eps=1e-05, momentum=0.1, affine=True, track_running_stats=True)
        (conv2): Conv2d(256, 256, kernel_size=(3, 3), stride=(1, 1), padding=(1, 1), bias=False)
        (bn2): BatchNorm2d(256, eps=1e-05, momentum=0.1, affine=True, track_running_stats=True)
        (conv3): Conv2d(256, 1024, kernel_size=(1, 1), stride=(1, 1), bias=False)
        (bn3): BatchNorm2d(1024, eps=1e-05, momentum=0.1, affine=True, track_running_stats=True)
        (relu): ReLU(inplace=True)
      )
      (2): Bottleneck(
        (conv1): Conv2d(1024, 256, kernel_size=(1, 1), stride=(1, 1), bias=False)
        (bn1): BatchNorm2d(256, eps=1e-05, momentum=0.1, affine=True, track_running_stats=True)
        (conv2): Conv2d(256, 256, kernel_size=(3, 3), stride=(1, 1), padding=(1, 1), bias=False)
        (bn2): BatchNorm2d(256, eps=1e-05, momentum=0.1, affine=True, track_running_stats=True)
        (conv3): Conv2d(256, 1024, kernel_size=(1, 1), stride=(1, 1), bias=False)
        (bn3): BatchNorm2d(1024, eps=1e-05, momentum=0.1, affine=True, track_running_stats=True)
        (relu): ReLU(inplace=True)
      )
      (3): Bottleneck(
        (conv1): Conv2d(1024, 256, kernel_size=(1, 1), stride=(1, 1), bias=False)
        (bn1): BatchNorm2d(256, eps=1e-05, momentum=0.1, affine=True, track_running_stats=True)
        (conv2): Conv2d(256, 256, kernel_size=(3, 3), stride=(1, 1), padding=(1, 1), bias=False)
        (bn2): BatchNorm2d(256, eps=1e-05, momentum=0.1, affine=True, track_running_stats=True)
        (conv3): Conv2d(256, 1024, kernel_size=(1, 1), stride=(1, 1), bias=False)
        (bn3): BatchNorm2d(1024, eps=1e-05, momentum=0.1, affine=True, track_running_stats=True)
        (relu): ReLU(inplace=True)
      )
      (4): Bottleneck(
        (conv1): Conv2d(1024, 256, kernel_size=(1, 1), stride=(1, 1), bias=False)
        (bn1): BatchNorm2d(256, eps=1e-05, momentum=0.1, affine=True, track_running_stats=True)
        (conv2): Conv2d(256, 256, kernel_size=(3, 3), stride=(1, 1), padding=(1, 1), bias=False)
        (bn2): BatchNorm2d(256, eps=1e-05, momentum=0.1, affine=True, track_running_stats=True)
        (conv3): Conv2d(256, 1024, kernel_size=(1, 1), stride=(1, 1), bias=False)
        (bn3): BatchNorm2d(1024, eps=1e-05, momentum=0.1, affine=True, track_running_stats=True)
        (relu): ReLU(inplace=True)
      )
      (5): Bottleneck(
        (conv1): Conv2d(1024, 256, kernel_size=(1, 1), stride=(1, 1), bias=False)
        (bn1): BatchNorm2d(256, eps=1e-05, momentum=0.1, affine=True, track_running_stats=True)
        (conv2): Conv2d(256, 256, kernel_size=(3, 3), stride=(1, 1), padding=(1, 1), bias=False)
        (bn2): BatchNorm2d(256, eps=1e-05, momentum=0.1, affine=True, track_running_stats=True)
        (conv3): Conv2d(256, 1024, kernel_size=(1, 1), stride=(1, 1), bias=False)
        (bn3): BatchNorm2d(1024, eps=1e-05, momentum=0.1, affine=True, track_running_stats=True)
        (relu): ReLU(inplace=True)
      )
    )
    (layer4): Sequential(
      (0): Bottleneck(
        (conv1): Conv2d(1024, 512, kernel_size=(1, 1), stride=(1, 1), bias=False)
        (bn1): BatchNorm2d(512, eps=1e-05, momentum=0.1, affine=True, track_running_stats=True)
        (conv2): Conv2d(512, 512, kernel_size=(3, 3), stride=(2, 2), padding=(1, 1), bias=False)
        (bn2): BatchNorm2d(512, eps=1e-05, momentum=0.1, affine=True, track_running_stats=True)
        (conv3): Conv2d(512, 2048, kernel_size=(1, 1), stride=(1, 1), bias=False)
        (bn3): BatchNorm2d(2048, eps=1e-05, momentum=0.1, affine=True, track_running_stats=True)
        (relu): ReLU(inplace=True)
        (downsample): Sequential(
          (0): Conv2d(1024, 2048, kernel_size=(1, 1), stride=(2, 2), bias=False)
          (1): BatchNorm2d(2048, eps=1e-05, momentum=0.1, affine=True, track_running_stats=True)
        )
      )
      (1): Bottleneck(
        (conv1): Conv2d(2048, 512, kernel_size=(1, 1), stride=(1, 1), bias=False)
        (bn1): BatchNorm2d(512, eps=1e-05, momentum=0.1, affine=True, track_running_stats=True)
        (conv2): Conv2d(512, 512, kernel_size=(3, 3), stride=(1, 1), padding=(1, 1), bias=False)
        (bn2): BatchNorm2d(512, eps=1e-05, momentum=0.1, affine=True, track_running_stats=True)
        (conv3): Conv2d(512, 2048, kernel_size=(1, 1), stride=(1, 1), bias=False)
        (bn3): BatchNorm2d(2048, eps=1e-05, momentum=0.1, affine=True, track_running_stats=True)
        (relu): ReLU(inplace=True)
      )
      (2): Bottleneck(
        (conv1): Conv2d(2048, 512, kernel_size=(1, 1), stride=(1, 1), bias=False)
        (bn1): BatchNorm2d(512, eps=1e-05, momentum=0.1, affine=True, track_running_stats=True)
        (conv2): Conv2d(512, 512, kernel_size=(3, 3), stride=(1, 1), padding=(1, 1), bias=False)
        (bn2): BatchNorm2d(512, eps=1e-05, momentum=0.1, affine=True, track_running_stats=True)
        (conv3): Conv2d(512, 2048, kernel_size=(1, 1), stride=(1, 1), bias=False)
        (bn3): BatchNorm2d(2048, eps=1e-05, momentum=0.1, affine=True, track_running_stats=True)
        (relu): ReLU(inplace=True)
      )
    )
    (avgpool): AdaptiveAvgPool2d(output_size=(1, 1))
    (fc): Sequential(
      (0): Linear(in_features=2048, out_features=2048, bias=True)
      (1): ReLU()
      (2): Linear(in_features=2048, out_features=128, bias=True)
    )
  )
)
/home/linux/7T/lzw/projects/IDDCNF_baseline/IDDCNF_baseline_SBCL/moco/moco.py:76: UserWarning: The use of `x.T` on tensors of dimension other than 2 to reverse their shape is deprecated and it will throw an error in a future release. Consider `x.mT` to transpose batches of matrices or `x.permute(*torch.arange(x.ndim - 1, -1, -1))` to reverse the dimensions of a tensor. (Triggered internally at ../aten/src/ATen/native/TensorShape.cpp:3683.)
  self.queue_l[:,ptr:ptr + batch_size] = labels.T
Epoch: [0][  0/247]	Time 31.993 (31.993)	Data 28.270 (28.270)	Loss 2.6229e-01 (2.6229e-01)
Epoch: [0][ 20/247]	Time  0.109 ( 1.648)	Data  0.000 ( 1.385)	Loss 6.4472e+00 (5.3669e+00)
Epoch: [0][ 40/247]	Time  0.108 ( 0.944)	Data  0.001 ( 0.759)	Loss 7.1774e+00 (6.1006e+00)
Epoch: [0][ 60/247]	Time  0.106 ( 0.724)	Data  0.000 ( 0.566)	Loss 7.5614e+00 (6.5204e+00)
Epoch: [0][ 80/247]	Time  0.094 ( 0.595)	Data  0.000 ( 0.452)	Loss 7.8171e+00 (6.8147e+00)
Epoch: [0][100/247]	Time  0.103 ( 0.524)	Data  0.000 ( 0.388)	Loss 8.0436e+00 (7.0387e+00)
Epoch: [0][120/247]	Time  0.095 ( 0.469)	Data  0.000 ( 0.339)	Loss 8.1937e+00 (7.2191e+00)
Epoch: [0][140/247]	Time  0.093 ( 0.440)	Data  0.000 ( 0.315)	Loss 8.3460e+00 (7.3705e+00)
Epoch: [0][160/247]	Time  0.100 ( 0.410)	Data  0.000 ( 0.288)	Loss 8.5237e+00 (7.5031e+00)
Epoch: [0][180/247]	Time  0.097 ( 0.396)	Data  0.000 ( 0.276)	Loss 8.6318e+00 (7.6204e+00)
Epoch: [0][200/247]	Time  0.092 ( 0.377)	Data  0.000 ( 0.259)	Loss 8.7351e+00 (7.7260e+00)
Epoch: [0][220/247]	Time  0.566 ( 0.365)	Data  0.458 ( 0.248)	Loss 8.8185e+00 (7.8213e+00)
Epoch: [0][240/247]	Time  0.093 ( 0.351)	Data  0.000 ( 0.235)	Loss 8.9041e+00 (7.9086e+00)
Epoch: [1][  0/247]	Time 27.957 (27.957)	Data 27.842 (27.842)	Loss 8.9425e+00 (8.9425e+00)
Epoch: [1][ 20/247]	Time  0.087 ( 1.419)	Data  0.000 ( 1.326)	Loss 8.9948e+00 (8.9817e+00)
Epoch: [1][ 40/247]	Time  0.076 ( 0.766)	Data  0.000 ( 0.679)	Loss 9.0934e+00 (9.0159e+00)
Epoch: [1][ 60/247]	Time  0.081 ( 0.541)	Data  0.000 ( 0.458)	Loss 9.1387e+00 (9.0474e+00)
Epoch: [1][ 80/247]	Time  0.070 ( 0.430)	Data  0.000 ( 0.347)	Loss 9.2094e+00 (9.0791e+00)
Epoch: [1][100/247]	Time  0.077 ( 0.363)	Data  0.000 ( 0.280)	Loss 9.2402e+00 (9.1068e+00)
Epoch: [1][120/247]	Time  0.102 ( 0.318)	Data  0.019 ( 0.236)	Loss 9.3346e+00 (9.1349e+00)
Epoch: [1][140/247]	Time  0.088 ( 0.287)	Data  0.000 ( 0.204)	Loss 9.3449e+00 (9.1619e+00)
Epoch: [1][160/247]	Time  0.082 ( 0.262)	Data  0.000 ( 0.179)	Loss 9.4265e+00 (9.1897e+00)
Epoch: [1][180/247]	Time  0.089 ( 0.243)	Data  0.000 ( 0.159)	Loss 9.4825e+00 (9.2161e+00)
Epoch: [1][200/247]	Time  0.076 ( 0.227)	Data  0.000 ( 0.144)	Loss 9.4786e+00 (9.2431e+00)
Epoch: [1][220/247]	Time  0.102 ( 0.215)	Data  0.000 ( 0.131)	Loss 9.5752e+00 (9.2695e+00)
Epoch: [1][240/247]	Time  0.087 ( 0.205)	Data  0.000 ( 0.120)	Loss 9.5904e+00 (9.2953e+00)
Epoch: [2][  0/247]	Time 28.400 (28.400)	Data 28.293 (28.293)	Loss 9.6235e+00 (9.6235e+00)
Epoch: [2][ 20/247]	Time  0.098 ( 1.437)	Data  0.000 ( 1.348)	Loss 9.6487e+00 (9.6334e+00)
Epoch: [2][ 40/247]	Time  0.092 ( 0.782)	Data  0.000 ( 0.690)	Loss 9.6857e+00 (9.6504e+00)
Epoch: [2][ 60/247]	Time  0.098 ( 0.556)	Data  0.000 ( 0.464)	Loss 9.7037e+00 (9.6669e+00)
Epoch: [2][ 80/247]	Time  0.078 ( 0.439)	Data  0.000 ( 0.350)	Loss 9.7850e+00 (9.6823e+00)
Epoch: [2][100/247]	Time  0.080 ( 0.368)	Data  0.000 ( 0.280)	Loss 9.7649e+00 (9.6998e+00)
Epoch: [2][120/247]	Time  0.077 ( 0.320)	Data  0.000 ( 0.234)	Loss 9.8037e+00 (9.7153e+00)
Epoch: [2][140/247]	Time  0.103 ( 0.288)	Data  0.000 ( 0.201)	Loss 9.8429e+00 (9.7286e+00)
Epoch: [2][160/247]	Time  0.080 ( 0.262)	Data  0.000 ( 0.176)	Loss 9.8668e+00 (9.7443e+00)
Epoch: [2][180/247]	Time  0.080 ( 0.242)	Data  0.000 ( 0.157)	Loss 9.9176e+00 (9.7610e+00)
Epoch: [2][200/247]	Time  0.076 ( 0.226)	Data  0.000 ( 0.141)	Loss 9.9553e+00 (9.7761e+00)
Epoch: [2][220/247]	Time  0.078 ( 0.212)	Data  0.000 ( 0.128)	Loss 9.9673e+00 (9.7920e+00)
Epoch: [2][240/247]	Time  0.078 ( 0.202)	Data  0.000 ( 0.118)	Loss 1.0011e+01 (9.8078e+00)
Epoch: [3][  0/247]	Time 27.424 (27.424)	Data 27.332 (27.332)	Loss 9.9733e+00 (9.9733e+00)
Epoch: [3][ 20/247]	Time  0.089 ( 1.395)	Data  0.000 ( 1.302)	Loss 1.0020e+01 (1.0000e+01)
Epoch: [3][ 40/247]	Time  0.085 ( 0.756)	Data  0.000 ( 0.667)	Loss 1.0034e+01 (1.0014e+01)
Epoch: [3][ 60/247]	Time  0.087 ( 0.537)	Data  0.000 ( 0.448)	Loss 1.0041e+01 (1.0023e+01)
Epoch: [3][ 80/247]	Time  0.084 ( 0.426)	Data  0.000 ( 0.338)	Loss 1.0017e+01 (1.0031e+01)
Epoch: [3][100/247]	Time  0.085 ( 0.358)	Data  0.000 ( 0.271)	Loss 1.0063e+01 (1.0037e+01)
Epoch: [3][120/247]	Time  0.087 ( 0.313)	Data  0.000 ( 0.226)	Loss 1.0099e+01 (1.0045e+01)
Epoch: [3][140/247]	Time  0.091 ( 0.281)	Data  0.000 ( 0.194)	Loss 1.0156e+01 (1.0055e+01)
Epoch: [3][160/247]	Time  0.083 ( 0.257)	Data  0.000 ( 0.170)	Loss 1.0136e+01 (1.0067e+01)
Epoch: [3][180/247]	Time  0.082 ( 0.238)	Data  0.000 ( 0.151)	Loss 1.0161e+01 (1.0077e+01)
Epoch: [3][200/247]	Time  0.085 ( 0.223)	Data  0.000 ( 0.136)	Loss 1.0224e+01 (1.0089e+01)
Epoch: [3][220/247]	Time  0.084 ( 0.211)	Data  0.000 ( 0.124)	Loss 1.0255e+01 (1.0101e+01)
Epoch: [3][240/247]	Time  0.075 ( 0.200)	Data  0.000 ( 0.114)	Loss 1.0223e+01 (1.0114e+01)
Epoch: [4][  0/247]	Time 27.370 (27.370)	Data 27.251 (27.251)	Loss 1.0254e+01 (1.0254e+01)
Epoch: [4][ 20/247]	Time  0.084 ( 1.388)	Data  0.000 ( 1.299)	Loss 1.0310e+01 (1.0284e+01)
Epoch: [4][ 40/247]	Time  0.082 ( 0.752)	Data  0.000 ( 0.666)	Loss 1.0314e+01 (1.0295e+01)
Epoch: [4][ 60/247]	Time  0.086 ( 0.533)	Data  0.000 ( 0.447)	Loss 1.0370e+01 (1.0304e+01)
Epoch: [4][ 80/247]	Time  0.088 ( 0.423)	Data  0.000 ( 0.337)	Loss 1.0348e+01 (1.0316e+01)
Epoch: [4][100/247]	Time  0.103 ( 0.356)	Data  0.000 ( 0.270)	Loss 1.0374e+01 (1.0325e+01)
Epoch: [4][120/247]	Time  0.084 ( 0.312)	Data  0.000 ( 0.226)	Loss 1.0398e+01 (1.0336e+01)
Epoch: [4][140/247]	Time  0.105 ( 0.281)	Data  0.000 ( 0.194)	Loss 1.0391e+01 (1.0344e+01)
Epoch: [4][160/247]	Time  0.080 ( 0.258)	Data  0.000 ( 0.170)	Loss 1.0433e+01 (1.0354e+01)
Epoch: [4][180/247]	Time  0.089 ( 0.239)	Data  0.000 ( 0.151)	Loss 1.0426e+01 (1.0362e+01)
Epoch: [4][200/247]	Time  0.092 ( 0.223)	Data  0.000 ( 0.136)	Loss 1.0440e+01 (1.0369e+01)
Epoch: [4][220/247]	Time  0.087 ( 0.211)	Data  0.000 ( 0.124)	Loss 1.0439e+01 (1.0377e+01)
Epoch: [4][240/247]	Time  0.077 ( 0.200)	Data  0.000 ( 0.113)	Loss 1.0474e+01 (1.0383e+01)
Epoch: [5][  0/247]	Time 27.211 (27.211)	Data 27.076 (27.076)	Loss 1.0459e+01 (1.0459e+01)
Epoch: [5][ 20/247]	Time  0.085 ( 1.379)	Data  0.000 ( 1.290)	Loss 1.0465e+01 (1.0474e+01)
Epoch: [5][ 40/247]	Time  0.080 ( 0.748)	Data  0.000 ( 0.661)	Loss 1.0496e+01 (1.0474e+01)
Epoch: [5][ 60/247]	Time  0.086 ( 0.531)	Data  0.000 ( 0.444)	Loss 1.0534e+01 (1.0477e+01)
Epoch: [5][ 80/247]	Time  0.077 ( 0.420)	Data  0.000 ( 0.335)	Loss 1.0541e+01 (1.0484e+01)
Epoch: [5][100/247]	Time  0.078 ( 0.353)	Data  0.000 ( 0.268)	Loss 1.0555e+01 (1.0490e+01)
Epoch: [5][120/247]	Time  0.076 ( 0.308)	Data  0.000 ( 0.224)	Loss 1.0582e+01 (1.0497e+01)
Epoch: [5][140/247]	Time  0.085 ( 0.276)	Data  0.000 ( 0.192)	Loss 1.0582e+01 (1.0505e+01)
Epoch: [5][160/247]	Time  0.081 ( 0.252)	Data  0.000 ( 0.168)	Loss 1.0613e+01 (1.0515e+01)
Epoch: [5][180/247]	Time  0.076 ( 0.233)	Data  0.000 ( 0.150)	Loss 1.0591e+01 (1.0525e+01)
Epoch: [5][200/247]	Time  0.089 ( 0.218)	Data  0.000 ( 0.135)	Loss 1.0616e+01 (1.0533e+01)
Epoch: [5][220/247]	Time  0.080 ( 0.206)	Data  0.000 ( 0.123)	Loss 1.0635e+01 (1.0541e+01)
Epoch: [5][240/247]	Time  0.071 ( 0.195)	Data  0.000 ( 0.113)	Loss 1.0637e+01 (1.0549e+01)
Epoch: [6][  0/247]	Time 27.181 (27.181)	Data 27.059 (27.059)	Loss 1.0654e+01 (1.0654e+01)
Epoch: [6][ 20/247]	Time  0.092 ( 1.378)	Data  0.000 ( 1.289)	Loss 1.0624e+01 (1.0633e+01)
Epoch: [6][ 40/247]	Time  0.085 ( 0.748)	Data  0.000 ( 0.660)	Loss 1.0649e+01 (1.0643e+01)
Epoch: [6][ 60/247]	Time  0.081 ( 0.529)	Data  0.000 ( 0.444)	Loss 1.0660e+01 (1.0647e+01)
Epoch: [6][ 80/247]	Time  0.081 ( 0.419)	Data  0.000 ( 0.334)	Loss 1.0685e+01 (1.0651e+01)
Epoch: [6][100/247]	Time  0.080 ( 0.352)	Data  0.000 ( 0.268)	Loss 1.0702e+01 (1.0655e+01)
Epoch: [6][120/247]	Time  0.079 ( 0.307)	Data  0.000 ( 0.224)	Loss 1.0725e+01 (1.0659e+01)
Epoch: [6][140/247]	Time  0.080 ( 0.275)	Data  0.000 ( 0.192)	Loss 1.0668e+01 (1.0662e+01)
Epoch: [6][160/247]	Time  0.079 ( 0.251)	Data  0.000 ( 0.169)	Loss 1.0738e+01 (1.0668e+01)
Epoch: [6][180/247]	Time  0.079 ( 0.233)	Data  0.000 ( 0.151)	Loss 1.0737e+01 (1.0673e+01)
Epoch: [6][200/247]	Time  0.078 ( 0.218)	Data  0.000 ( 0.136)	Loss 1.0721e+01 (1.0679e+01)
Epoch: [6][220/247]	Time  0.085 ( 0.206)	Data  0.000 ( 0.124)	Loss 1.0763e+01 (1.0685e+01)
Epoch: [6][240/247]	Time  0.074 ( 0.196)	Data  0.000 ( 0.113)	Loss 1.0779e+01 (1.0692e+01)
Epoch: [7][  0/247]	Time 27.255 (27.255)	Data 27.110 (27.110)	Loss 1.0766e+01 (1.0766e+01)
Epoch: [7][ 20/247]	Time  0.099 ( 1.387)	Data  0.000 ( 1.291)	Loss 1.0791e+01 (1.0784e+01)
Epoch: [7][ 40/247]	Time  0.093 ( 0.753)	Data  0.000 ( 0.662)	Loss 1.0822e+01 (1.0801e+01)
Epoch: [7][ 60/247]	Time  0.087 ( 0.535)	Data  0.000 ( 0.445)	Loss 1.0821e+01 (1.0811e+01)
Epoch: [7][ 80/247]	Time  0.091 ( 0.425)	Data  0.000 ( 0.335)	Loss 1.0848e+01 (1.0820e+01)
Epoch: [7][100/247]	Time  0.086 ( 0.359)	Data  0.000 ( 0.269)	Loss 1.0820e+01 (1.0827e+01)
Epoch: [7][120/247]	Time  0.083 ( 0.313)	Data  0.000 ( 0.224)	Loss 1.0866e+01 (1.0834e+01)
Epoch: [7][140/247]	Time  0.087 ( 0.281)	Data  0.000 ( 0.193)	Loss 1.0879e+01 (1.0841e+01)
Epoch: [7][160/247]	Time  0.097 ( 0.257)	Data  0.000 ( 0.169)	Loss 1.0935e+01 (1.0849e+01)
Epoch: [7][180/247]	Time  0.085 ( 0.238)	Data  0.000 ( 0.150)	Loss 1.0933e+01 (1.0855e+01)
Epoch: [7][200/247]	Time  0.084 ( 0.223)	Data  0.000 ( 0.135)	Loss 1.0921e+01 (1.0863e+01)
Epoch: [7][220/247]	Time  0.087 ( 0.210)	Data  0.000 ( 0.123)	Loss 1.0898e+01 (1.0869e+01)
Epoch: [7][240/247]	Time  0.075 ( 0.200)	Data  0.000 ( 0.113)	Loss 1.0941e+01 (1.0875e+01)
Epoch: [8][  0/247]	Time 27.177 (27.177)	Data 27.055 (27.055)	Loss 1.0960e+01 (1.0960e+01)
Epoch: [8][ 20/247]	Time  0.090 ( 1.376)	Data  0.000 ( 1.289)	Loss 1.0957e+01 (1.0956e+01)
Epoch: [8][ 40/247]	Time  0.086 ( 0.746)	Data  0.000 ( 0.660)	Loss 1.0962e+01 (1.0954e+01)
Epoch: [8][ 60/247]	Time  0.087 ( 0.532)	Data  0.000 ( 0.444)	Loss 1.0944e+01 (1.0951e+01)
Epoch: [8][ 80/247]	Time  0.087 ( 0.422)	Data  0.000 ( 0.334)	Loss 1.0941e+01 (1.0951e+01)
Epoch: [8][100/247]	Time  0.084 ( 0.355)	Data  0.000 ( 0.268)	Loss 1.0930e+01 (1.0948e+01)
Epoch: [8][120/247]	Time  0.091 ( 0.311)	Data  0.000 ( 0.224)	Loss 1.0904e+01 (1.0943e+01)
Epoch: [8][140/247]	Time  0.090 ( 0.279)	Data  0.001 ( 0.192)	Loss 1.0896e+01 (1.0938e+01)
Epoch: [8][160/247]	Time  0.087 ( 0.255)	Data  0.000 ( 0.168)	Loss 1.0906e+01 (1.0933e+01)
Epoch: [8][180/247]	Time  0.088 ( 0.237)	Data  0.000 ( 0.150)	Loss 1.0935e+01 (1.0928e+01)
Epoch: [8][200/247]	Time  0.089 ( 0.222)	Data  0.000 ( 0.135)	Loss 1.0899e+01 (1.0925e+01)
Epoch: [8][220/247]	Time  0.086 ( 0.209)	Data  0.000 ( 0.123)	Loss 1.0924e+01 (1.0922e+01)
Epoch: [8][240/247]	Time  0.077 ( 0.199)	Data  0.000 ( 0.113)	Loss 1.0914e+01 (1.0919e+01)
Epoch: [9][  0/247]	Time 27.252 (27.252)	Data 27.125 (27.125)	Loss 1.0866e+01 (1.0866e+01)
Epoch: [9][ 20/247]	Time  0.093 ( 1.381)	Data  0.000 ( 1.292)	Loss 1.0906e+01 (1.0892e+01)
Epoch: [9][ 40/247]	Time  0.084 ( 0.751)	Data  0.000 ( 0.662)	Loss 1.0942e+01 (1.0894e+01)
Epoch: [9][ 60/247]	Time  0.087 ( 0.533)	Data  0.000 ( 0.445)	Loss 1.0815e+01 (1.0890e+01)
Epoch: [9][ 80/247]	Time  0.088 ( 0.423)	Data  0.000 ( 0.335)	Loss 1.0906e+01 (1.0891e+01)
Epoch: [9][100/247]	Time  0.086 ( 0.356)	Data  0.000 ( 0.269)	Loss 1.0861e+01 (1.0889e+01)
Epoch: [9][120/247]	Time  0.084 ( 0.312)	Data  0.000 ( 0.224)	Loss 1.0919e+01 (1.0888e+01)
Epoch: [9][140/247]	Time  0.088 ( 0.280)	Data  0.000 ( 0.193)	Loss 1.0851e+01 (1.0887e+01)
Epoch: [9][160/247]	Time  0.090 ( 0.256)	Data  0.000 ( 0.169)	Loss 1.0878e+01 (1.0886e+01)
Epoch: [9][180/247]	Time  0.082 ( 0.237)	Data  0.000 ( 0.150)	Loss 1.0850e+01 (1.0885e+01)
Epoch: [9][200/247]	Time  0.087 ( 0.222)	Data  0.000 ( 0.135)	Loss 1.0878e+01 (1.0884e+01)
Epoch: [9][220/247]	Time  0.089 ( 0.210)	Data  0.000 ( 0.123)	Loss 1.0860e+01 (1.0882e+01)
Epoch: [9][240/247]	Time  0.077 ( 0.199)	Data  0.000 ( 0.113)	Loss 1.0856e+01 (1.0881e+01)
Epoch: [10][  0/247]	Time 27.295 (27.295)	Data 27.102 (27.102)	Loss 1.0839e+01 (1.0839e+01)
Epoch: [10][ 20/247]	Time  0.091 ( 1.381)	Data  0.000 ( 1.291)	Loss 1.0892e+01 (1.0857e+01)
Epoch: [10][ 40/247]	Time  0.082 ( 0.751)	Data  0.000 ( 0.661)	Loss 1.0847e+01 (1.0856e+01)
Epoch: [10][ 60/247]	Time  0.086 ( 0.533)	Data  0.000 ( 0.445)	Loss 1.0875e+01 (1.0864e+01)
Epoch: [10][ 80/247]	Time  0.083 ( 0.424)	Data  0.000 ( 0.335)	Loss 1.0868e+01 (1.0866e+01)
Epoch: [10][100/247]	Time  0.100 ( 0.357)	Data  0.000 ( 0.269)	Loss 1.0844e+01 (1.0867e+01)
Epoch: [10][120/247]	Time  0.085 ( 0.313)	Data  0.000 ( 0.224)	Loss 1.0908e+01 (1.0866e+01)
Epoch: [10][140/247]	Time  0.084 ( 0.281)	Data  0.000 ( 0.192)	Loss 1.0853e+01 (1.0864e+01)
Epoch: [10][160/247]	Time  0.085 ( 0.257)	Data  0.000 ( 0.169)	Loss 1.0786e+01 (1.0863e+01)
Epoch: [10][180/247]	Time  0.103 ( 0.238)	Data  0.000 ( 0.150)	Loss 1.0825e+01 (1.0863e+01)
Epoch: [10][200/247]	Time  0.089 ( 0.223)	Data  0.000 ( 0.135)	Loss 1.0902e+01 (1.0862e+01)
Epoch: [10][220/247]	Time  0.089 ( 0.211)	Data  0.000 ( 0.123)	Loss 1.0873e+01 (1.0862e+01)
Epoch: [10][240/247]	Time  0.078 ( 0.200)	Data  0.000 ( 0.113)	Loss 1.0867e+01 (1.0861e+01)
Epoch: [11][  0/247]	Time 27.362 (27.362)	Data 27.251 (27.251)	Loss 1.0829e+01 (1.0829e+01)
Epoch: [11][ 20/247]	Time  0.092 ( 1.390)	Data  0.000 ( 1.298)	Loss 1.0850e+01 (1.0857e+01)
Epoch: [11][ 40/247]	Time  0.088 ( 0.754)	Data  0.000 ( 0.665)	Loss 1.0815e+01 (1.0854e+01)
Epoch: [11][ 60/247]	Time  0.085 ( 0.535)	Data  0.000 ( 0.447)	Loss 1.0856e+01 (1.0854e+01)
Epoch: [11][ 80/247]	Time  0.089 ( 0.424)	Data  0.000 ( 0.337)	Loss 1.0852e+01 (1.0850e+01)
Epoch: [11][100/247]	Time  0.087 ( 0.357)	Data  0.000 ( 0.270)	Loss 1.0805e+01 (1.0846e+01)
Epoch: [11][120/247]	Time  0.084 ( 0.313)	Data  0.000 ( 0.225)	Loss 1.0812e+01 (1.0844e+01)
Epoch: [11][140/247]	Time  0.083 ( 0.280)	Data  0.000 ( 0.194)	Loss 1.0854e+01 (1.0843e+01)
Epoch: [11][160/247]	Time  0.086 ( 0.256)	Data  0.000 ( 0.170)	Loss 1.0848e+01 (1.0843e+01)
Epoch: [11][180/247]	Time  0.087 ( 0.237)	Data  0.000 ( 0.151)	Loss 1.0825e+01 (1.0843e+01)
Epoch: [11][200/247]	Time  0.088 ( 0.222)	Data  0.000 ( 0.136)	Loss 1.0844e+01 (1.0844e+01)
Epoch: [11][220/247]	Time  0.086 ( 0.210)	Data  0.000 ( 0.124)	Loss 1.0843e+01 (1.0845e+01)
Epoch: [11][240/247]	Time  0.077 ( 0.199)	Data  0.000 ( 0.113)	Loss 1.0861e+01 (1.0846e+01)
Epoch: [12][  0/247]	Time 27.419 (27.419)	Data 27.302 (27.302)	Loss 1.0896e+01 (1.0896e+01)
Epoch: [12][ 20/247]	Time  0.093 ( 1.392)	Data  0.000 ( 1.300)	Loss 1.0873e+01 (1.0844e+01)
Epoch: [12][ 40/247]	Time  0.081 ( 0.754)	Data  0.000 ( 0.666)	Loss 1.0766e+01 (1.0837e+01)
Epoch: [12][ 60/247]	Time  0.088 ( 0.536)	Data  0.000 ( 0.448)	Loss 1.0808e+01 (1.0839e+01)
Epoch: [12][ 80/247]	Time  0.090 ( 0.425)	Data  0.000 ( 0.337)	Loss 1.0874e+01 (1.0841e+01)
Epoch: [12][100/247]	Time  0.084 ( 0.358)	Data  0.000 ( 0.271)	Loss 1.0835e+01 (1.0842e+01)
Epoch: [12][120/247]	Time  0.083 ( 0.313)	Data  0.000 ( 0.226)	Loss 1.0851e+01 (1.0846e+01)
Epoch: [12][140/247]	Time  0.088 ( 0.281)	Data  0.000 ( 0.194)	Loss 1.0813e+01 (1.0846e+01)
Epoch: [12][160/247]	Time  0.088 ( 0.256)	Data  0.000 ( 0.170)	Loss 1.0831e+01 (1.0847e+01)
Epoch: [12][180/247]	Time  0.084 ( 0.238)	Data  0.000 ( 0.151)	Loss 1.0834e+01 (1.0847e+01)
Epoch: [12][200/247]	Time  0.090 ( 0.223)	Data  0.000 ( 0.136)	Loss 1.0832e+01 (1.0847e+01)
Epoch: [12][220/247]	Time  0.091 ( 0.210)	Data  0.000 ( 0.124)	Loss 1.0841e+01 (1.0847e+01)
Epoch: [12][240/247]	Time  0.075 ( 0.200)	Data  0.000 ( 0.114)	Loss 1.0762e+01 (1.0848e+01)
Epoch: [13][  0/247]	Time 27.279 (27.279)	Data 27.164 (27.164)	Loss 1.0841e+01 (1.0841e+01)
Epoch: [13][ 20/247]	Time  0.087 ( 1.381)	Data  0.000 ( 1.294)	Loss 1.0851e+01 (1.0852e+01)
Epoch: [13][ 40/247]	Time  0.099 ( 0.752)	Data  0.000 ( 0.663)	Loss 1.0807e+01 (1.0852e+01)
Epoch: [13][ 60/247]	Time  0.100 ( 0.539)	Data  0.000 ( 0.446)	Loss 1.0855e+01 (1.0852e+01)
Epoch: [13][ 80/247]	Time  0.104 ( 0.430)	Data  0.000 ( 0.336)	Loss 1.0873e+01 (1.0849e+01)
Epoch: [13][100/247]	Time  0.098 ( 0.365)	Data  0.000 ( 0.269)	Loss 1.0840e+01 (1.0846e+01)
Epoch: [13][120/247]	Time  0.099 ( 0.322)	Data  0.000 ( 0.225)	Loss 1.0878e+01 (1.0845e+01)
Epoch: [13][140/247]	Time  0.100 ( 0.290)	Data  0.000 ( 0.193)	Loss 1.0842e+01 (1.0844e+01)
Epoch: [13][160/247]	Time  0.099 ( 0.267)	Data  0.000 ( 0.169)	Loss 1.0833e+01 (1.0843e+01)
Epoch: [13][180/247]	Time  0.102 ( 0.248)	Data  0.000 ( 0.150)	Loss 1.0862e+01 (1.0844e+01)
Epoch: [13][200/247]	Time  0.103 ( 0.233)	Data  0.000 ( 0.135)	Loss 1.0840e+01 (1.0843e+01)
Epoch: [13][220/247]	Time  0.100 ( 0.221)	Data  0.000 ( 0.123)	Loss 1.0856e+01 (1.0841e+01)
Epoch: [13][240/247]	Time  0.090 ( 0.211)	Data  0.000 ( 0.113)	Loss 1.0845e+01 (1.0841e+01)
Epoch: [14][  0/247]	Time 27.311 (27.311)	Data 27.212 (27.212)	Loss 1.0798e+01 (1.0798e+01)
Epoch: [14][ 20/247]	Time  0.082 ( 1.382)	Data  0.000 ( 1.297)	Loss 1.0852e+01 (1.0843e+01)
Epoch: [14][ 40/247]	Time  0.083 ( 0.751)	Data  0.000 ( 0.665)	Loss 1.0850e+01 (1.0845e+01)
Epoch: [14][ 60/247]	Time  0.087 ( 0.533)	Data  0.000 ( 0.447)	Loss 1.0856e+01 (1.0847e+01)
Epoch: [14][ 80/247]	Time  0.080 ( 0.423)	Data  0.000 ( 0.336)	Loss 1.0878e+01 (1.0847e+01)
Epoch: [14][100/247]	Time  0.085 ( 0.356)	Data  0.000 ( 0.270)	Loss 1.0824e+01 (1.0846e+01)
Epoch: [14][120/247]	Time  0.086 ( 0.311)	Data  0.000 ( 0.225)	Loss 1.0911e+01 (1.0846e+01)
Epoch: [14][140/247]	Time  0.085 ( 0.279)	Data  0.000 ( 0.193)	Loss 1.0859e+01 (1.0847e+01)
Epoch: [14][160/247]	Time  0.085 ( 0.255)	Data  0.000 ( 0.169)	Loss 1.0786e+01 (1.0845e+01)
Epoch: [14][180/247]	Time  0.087 ( 0.236)	Data  0.000 ( 0.151)	Loss 1.0799e+01 (1.0845e+01)
Epoch: [14][200/247]	Time  0.086 ( 0.221)	Data  0.000 ( 0.136)	Loss 1.0791e+01 (1.0845e+01)
Epoch: [14][220/247]	Time  0.087 ( 0.209)	Data  0.000 ( 0.124)	Loss 1.0819e+01 (1.0844e+01)
Epoch: [14][240/247]	Time  0.075 ( 0.198)	Data  0.000 ( 0.113)	Loss 1.0839e+01 (1.0844e+01)
Epoch: [15][  0/247]	Time 27.236 (27.236)	Data 27.097 (27.097)	Loss 1.0812e+01 (1.0812e+01)
Epoch: [15][ 20/247]	Time  0.088 ( 1.381)	Data  0.000 ( 1.291)	Loss 1.0868e+01 (1.0846e+01)
Epoch: [15][ 40/247]	Time  0.083 ( 0.749)	Data  0.000 ( 0.661)	Loss 1.0833e+01 (1.0835e+01)
Epoch: [15][ 60/247]	Time  0.095 ( 0.533)	Data  0.001 ( 0.444)	Loss 1.0899e+01 (1.0836e+01)
Epoch: [15][ 80/247]	Time  0.086 ( 0.422)	Data  0.000 ( 0.335)	Loss 1.0836e+01 (1.0834e+01)
Epoch: [15][100/247]	Time  0.086 ( 0.356)	Data  0.000 ( 0.269)	Loss 1.0851e+01 (1.0835e+01)
Epoch: [15][120/247]	Time  0.083 ( 0.311)	Data  0.000 ( 0.224)	Loss 1.0864e+01 (1.0837e+01)
Epoch: [15][140/247]	Time  0.087 ( 0.279)	Data  0.000 ( 0.192)	Loss 1.0833e+01 (1.0837e+01)
Epoch: [15][160/247]	Time  0.083 ( 0.255)	Data  0.000 ( 0.169)	Loss 1.0884e+01 (1.0839e+01)
Epoch: [15][180/247]	Time  0.087 ( 0.236)	Data  0.000 ( 0.150)	Loss 1.0829e+01 (1.0839e+01)
Epoch: [15][200/247]	Time  0.083 ( 0.222)	Data  0.000 ( 0.135)	Loss 1.0818e+01 (1.0839e+01)
Epoch: [15][220/247]	Time  0.084 ( 0.209)	Data  0.000 ( 0.123)	Loss 1.0850e+01 (1.0839e+01)
Epoch: [15][240/247]	Time  0.074 ( 0.199)	Data  0.000 ( 0.113)	Loss 1.0842e+01 (1.0839e+01)
Epoch: [16][  0/247]	Time 27.152 (27.152)	Data 27.063 (27.063)	Loss 1.0845e+01 (1.0845e+01)
Epoch: [16][ 20/247]	Time  0.082 ( 1.373)	Data  0.000 ( 1.289)	Loss 1.0900e+01 (1.0856e+01)
Epoch: [16][ 40/247]	Time  0.080 ( 0.744)	Data  0.000 ( 0.660)	Loss 1.0857e+01 (1.0855e+01)
Epoch: [16][ 60/247]	Time  0.085 ( 0.528)	Data  0.000 ( 0.444)	Loss 1.0840e+01 (1.0859e+01)
Epoch: [16][ 80/247]	Time  0.083 ( 0.418)	Data  0.000 ( 0.334)	Loss 1.0888e+01 (1.0857e+01)
Epoch: [16][100/247]	Time  0.084 ( 0.353)	Data  0.000 ( 0.268)	Loss 1.0930e+01 (1.0865e+01)
Epoch: [16][120/247]	Time  0.084 ( 0.309)	Data  0.000 ( 0.224)	Loss 1.0848e+01 (1.0868e+01)
Epoch: [16][140/247]	Time  0.084 ( 0.277)	Data  0.000 ( 0.192)	Loss 1.0872e+01 (1.0868e+01)
Epoch: [16][160/247]	Time  0.084 ( 0.253)	Data  0.000 ( 0.168)	Loss 1.0920e+01 (1.0869e+01)
Epoch: [16][180/247]	Time  0.087 ( 0.235)	Data  0.000 ( 0.150)	Loss 1.0876e+01 (1.0871e+01)
Epoch: [16][200/247]	Time  0.092 ( 0.220)	Data  0.000 ( 0.135)	Loss 1.0890e+01 (1.0871e+01)
Epoch: [16][220/247]	Time  0.091 ( 0.208)	Data  0.000 ( 0.123)	Loss 1.0923e+01 (1.0872e+01)
Epoch: [16][240/247]	Time  0.072 ( 0.198)	Data  0.000 ( 0.113)	Loss 1.0814e+01 (1.0871e+01)
Epoch: [17][  0/247]	Time 27.121 (27.121)	Data 27.019 (27.019)	Loss 1.0820e+01 (1.0820e+01)
Epoch: [17][ 20/247]	Time  0.084 ( 1.374)	Data  0.000 ( 1.287)	Loss 1.0860e+01 (1.0838e+01)
Epoch: [17][ 40/247]	Time  0.083 ( 0.747)	Data  0.000 ( 0.659)	Loss 1.0745e+01 (1.0833e+01)
Epoch: [17][ 60/247]	Time  0.084 ( 0.531)	Data  0.000 ( 0.443)	Loss 1.0762e+01 (1.0826e+01)
Epoch: [17][ 80/247]	Time  0.087 ( 0.421)	Data  0.000 ( 0.334)	Loss 1.0790e+01 (1.0819e+01)
Epoch: [17][100/247]	Time  0.085 ( 0.355)	Data  0.000 ( 0.268)	Loss 1.0847e+01 (1.0814e+01)
Epoch: [17][120/247]	Time  0.084 ( 0.310)	Data  0.000 ( 0.224)	Loss 1.0757e+01 (1.0813e+01)
Epoch: [17][140/247]	Time  0.084 ( 0.279)	Data  0.000 ( 0.192)	Loss 1.0805e+01 (1.0813e+01)
Epoch: [17][160/247]	Time  0.088 ( 0.255)	Data  0.000 ( 0.168)	Loss 1.0843e+01 (1.0814e+01)
Epoch: [17][180/247]	Time  0.083 ( 0.236)	Data  0.000 ( 0.150)	Loss 1.0862e+01 (1.0813e+01)
Epoch: [17][200/247]	Time  0.091 ( 0.221)	Data  0.000 ( 0.135)	Loss 1.0858e+01 (1.0813e+01)
Epoch: [17][220/247]	Time  0.086 ( 0.209)	Data  0.000 ( 0.123)	Loss 1.0877e+01 (1.0816e+01)
Epoch: [17][240/247]	Time  0.074 ( 0.198)	Data  0.000 ( 0.112)	Loss 1.0887e+01 (1.0816e+01)
Epoch: [18][  0/247]	Time 27.281 (27.281)	Data 27.160 (27.160)	Loss 1.0860e+01 (1.0860e+01)
Epoch: [18][ 20/247]	Time  0.085 ( 1.380)	Data  0.000 ( 1.294)	Loss 1.0831e+01 (1.0837e+01)
Epoch: [18][ 40/247]	Time  0.087 ( 0.749)	Data  0.000 ( 0.663)	Loss 1.0858e+01 (1.0837e+01)
Epoch: [18][ 60/247]	Time  0.088 ( 0.532)	Data  0.000 ( 0.446)	Loss 1.0794e+01 (1.0833e+01)
Epoch: [18][ 80/247]	Time  0.082 ( 0.423)	Data  0.000 ( 0.336)	Loss 1.0828e+01 (1.0830e+01)
Epoch: [18][100/247]	Time  0.104 ( 0.356)	Data  0.001 ( 0.269)	Loss 1.0820e+01 (1.0830e+01)
Epoch: [18][120/247]	Time  0.086 ( 0.312)	Data  0.000 ( 0.225)	Loss 1.0794e+01 (1.0831e+01)
Epoch: [18][140/247]	Time  0.086 ( 0.280)	Data  0.000 ( 0.193)	Loss 1.0817e+01 (1.0831e+01)
Epoch: [18][160/247]	Time  0.088 ( 0.256)	Data  0.000 ( 0.169)	Loss 1.0828e+01 (1.0832e+01)
Epoch: [18][180/247]	Time  0.101 ( 0.238)	Data  0.000 ( 0.150)	Loss 1.0808e+01 (1.0830e+01)
Epoch: [18][200/247]	Time  0.093 ( 0.223)	Data  0.000 ( 0.135)	Loss 1.0912e+01 (1.0831e+01)
Epoch: [18][220/247]	Time  0.088 ( 0.212)	Data  0.000 ( 0.123)	Loss 1.0862e+01 (1.0833e+01)
Epoch: [18][240/247]	Time  0.078 ( 0.201)	Data  0.000 ( 0.113)	Loss 1.0785e+01 (1.0832e+01)
Epoch: [19][  0/247]	Time 27.191 (27.191)	Data 27.078 (27.078)	Loss 1.0893e+01 (1.0893e+01)
Epoch: [19][ 20/247]	Time  0.089 ( 1.385)	Data  0.000 ( 1.290)	Loss 1.0830e+01 (1.0838e+01)
Epoch: [19][ 40/247]	Time  0.081 ( 0.752)	Data  0.000 ( 0.661)	Loss 1.0894e+01 (1.0836e+01)
Epoch: [19][ 60/247]	Time  0.084 ( 0.534)	Data  0.000 ( 0.444)	Loss 1.0945e+01 (1.0833e+01)
Epoch: [19][ 80/247]	Time  0.085 ( 0.424)	Data  0.000 ( 0.335)	Loss 1.0885e+01 (1.0839e+01)
Epoch: [19][100/247]	Time  0.084 ( 0.357)	Data  0.000 ( 0.268)	Loss 1.0912e+01 (1.0836e+01)
Epoch: [19][120/247]	Time  0.090 ( 0.312)	Data  0.000 ( 0.224)	Loss 1.0881e+01 (1.0830e+01)
Epoch: [19][140/247]	Time  0.083 ( 0.280)	Data  0.000 ( 0.192)	Loss 1.0847e+01 (1.0830e+01)
Epoch: [19][160/247]	Time  0.089 ( 0.256)	Data  0.000 ( 0.168)	Loss 1.0718e+01 (1.0826e+01)
Epoch: [19][180/247]	Time  0.085 ( 0.237)	Data  0.000 ( 0.150)	Loss 1.0765e+01 (1.0823e+01)
Epoch: [19][200/247]	Time  0.091 ( 0.222)	Data  0.000 ( 0.135)	Loss 1.0751e+01 (1.0820e+01)
Epoch: [19][220/247]	Time  0.100 ( 0.211)	Data  0.000 ( 0.123)	Loss 1.0756e+01 (1.0817e+01)
Epoch: [19][240/247]	Time  0.075 ( 0.200)	Data  0.000 ( 0.113)	Loss 1.0786e+01 (1.0816e+01)
Epoch: [20][  0/247]	Time 27.243 (27.243)	Data 27.121 (27.121)	Loss 1.0838e+01 (1.0838e+01)
Epoch: [20][ 20/247]	Time  0.085 ( 1.379)	Data  0.000 ( 1.292)	Loss 1.0785e+01 (1.0794e+01)
Epoch: [20][ 40/247]	Time  0.087 ( 0.748)	Data  0.000 ( 0.662)	Loss 1.0789e+01 (1.0792e+01)
Epoch: [20][ 60/247]	Time  0.087 ( 0.531)	Data  0.000 ( 0.445)	Loss 1.0697e+01 (1.0791e+01)
Epoch: [20][ 80/247]	Time  0.081 ( 0.421)	Data  0.000 ( 0.335)	Loss 1.0765e+01 (1.0788e+01)
Epoch: [20][100/247]	Time  0.087 ( 0.355)	Data  0.000 ( 0.269)	Loss 1.0795e+01 (1.0785e+01)
Epoch: [20][120/247]	Time  0.084 ( 0.310)	Data  0.000 ( 0.224)	Loss 1.0808e+01 (1.0787e+01)
Epoch: [20][140/247]	Time  0.083 ( 0.279)	Data  0.000 ( 0.193)	Loss 1.0800e+01 (1.0788e+01)
Epoch: [20][160/247]	Time  0.081 ( 0.255)	Data  0.000 ( 0.169)	Loss 1.0793e+01 (1.0790e+01)
Epoch: [20][180/247]	Time  0.083 ( 0.236)	Data  0.000 ( 0.150)	Loss 1.0786e+01 (1.0790e+01)
Epoch: [20][200/247]	Time  0.089 ( 0.221)	Data  0.000 ( 0.135)	Loss 1.0844e+01 (1.0791e+01)
Epoch: [20][220/247]	Time  0.085 ( 0.209)	Data  0.000 ( 0.123)	Loss 1.0892e+01 (1.0793e+01)
Epoch: [20][240/247]	Time  0.077 ( 0.199)	Data  0.000 ( 0.113)	Loss 1.0887e+01 (1.0796e+01)
Epoch: [21][  0/247]	Time 27.274 (27.274)	Data 27.166 (27.166)	Loss 1.0799e+01 (1.0799e+01)
Epoch: [21][ 20/247]	Time  0.086 ( 1.381)	Data  0.000 ( 1.294)	Loss 1.0868e+01 (1.0837e+01)
Epoch: [21][ 40/247]	Time  0.080 ( 0.750)	Data  0.000 ( 0.663)	Loss 1.0741e+01 (1.0833e+01)
Epoch: [21][ 60/247]	Time  0.087 ( 0.533)	Data  0.000 ( 0.446)	Loss 1.0908e+01 (1.0842e+01)
Epoch: [21][ 80/247]	Time  0.084 ( 0.422)	Data  0.000 ( 0.336)	Loss 1.0884e+01 (1.0843e+01)
Epoch: [21][100/247]	Time  0.083 ( 0.356)	Data  0.000 ( 0.269)	Loss 1.0887e+01 (1.0845e+01)
Epoch: [21][120/247]	Time  0.090 ( 0.311)	Data  0.000 ( 0.225)	Loss 1.0846e+01 (1.0846e+01)
Epoch: [21][140/247]	Time  0.084 ( 0.279)	Data  0.000 ( 0.193)	Loss 1.0784e+01 (1.0845e+01)
Epoch: [21][160/247]	Time  0.087 ( 0.255)	Data  0.000 ( 0.169)	Loss 1.0911e+01 (1.0842e+01)
Epoch: [21][180/247]	Time  0.086 ( 0.237)	Data  0.000 ( 0.150)	Loss 1.0735e+01 (1.0837e+01)
Epoch: [21][200/247]	Time  0.088 ( 0.222)	Data  0.000 ( 0.135)	Loss 1.0699e+01 (1.0832e+01)
Epoch: [21][220/247]	Time  0.084 ( 0.210)	Data  0.000 ( 0.123)	Loss 1.0748e+01 (1.0829e+01)
Epoch: [21][240/247]	Time  0.076 ( 0.199)	Data  0.000 ( 0.113)	Loss 1.0784e+01 (1.0825e+01)
Epoch: [22][  0/247]	Time 28.015 (28.015)	Data 27.913 (27.913)	Loss 1.0887e+01 (1.0887e+01)
Epoch: [22][ 20/247]	Time  0.086 ( 1.418)	Data  0.000 ( 1.329)	Loss 1.0816e+01 (1.0791e+01)
Epoch: [22][ 40/247]	Time  0.083 ( 0.768)	Data  0.000 ( 0.681)	Loss 1.0744e+01 (1.0778e+01)
Epoch: [22][ 60/247]	Time  0.088 ( 0.545)	Data  0.000 ( 0.458)	Loss 1.0866e+01 (1.0784e+01)
Epoch: [22][ 80/247]	Time  0.086 ( 0.432)	Data  0.000 ( 0.345)	Loss 1.0768e+01 (1.0792e+01)
Epoch: [22][100/247]	Time  0.085 ( 0.364)	Data  0.000 ( 0.277)	Loss 1.0799e+01 (1.0791e+01)
Epoch: [22][120/247]	Time  0.086 ( 0.318)	Data  0.000 ( 0.231)	Loss 1.0856e+01 (1.0794e+01)
Epoch: [22][140/247]	Time  0.090 ( 0.285)	Data  0.000 ( 0.198)	Loss 1.0676e+01 (1.0796e+01)
Epoch: [22][160/247]	Time  0.088 ( 0.261)	Data  0.000 ( 0.174)	Loss 1.0849e+01 (1.0799e+01)
Epoch: [22][180/247]	Time  0.088 ( 0.242)	Data  0.000 ( 0.155)	Loss 1.0753e+01 (1.0799e+01)
Epoch: [22][200/247]	Time  0.085 ( 0.226)	Data  0.000 ( 0.139)	Loss 1.0693e+01 (1.0797e+01)
Epoch: [22][220/247]	Time  0.081 ( 0.214)	Data  0.000 ( 0.127)	Loss 1.0823e+01 (1.0795e+01)
Epoch: [22][240/247]	Time  0.074 ( 0.203)	Data  0.000 ( 0.116)	Loss 1.0799e+01 (1.0794e+01)
Epoch: [23][  0/247]	Time 27.446 (27.446)	Data 27.303 (27.303)	Loss 1.0727e+01 (1.0727e+01)
Epoch: [23][ 20/247]	Time  0.087 ( 1.401)	Data  0.000 ( 1.300)	Loss 1.0816e+01 (1.0745e+01)
Epoch: [23][ 40/247]	Time  0.088 ( 0.760)	Data  0.000 ( 0.666)	Loss 1.0749e+01 (1.0761e+01)
Epoch: [23][ 60/247]	Time  0.087 ( 0.540)	Data  0.000 ( 0.448)	Loss 1.0780e+01 (1.0757e+01)
Epoch: [23][ 80/247]	Time  0.084 ( 0.428)	Data  0.000 ( 0.337)	Loss 1.0783e+01 (1.0762e+01)
Epoch: [23][100/247]	Time  0.086 ( 0.360)	Data  0.000 ( 0.271)	Loss 1.0738e+01 (1.0764e+01)
Epoch: [23][120/247]	Time  0.088 ( 0.315)	Data  0.000 ( 0.226)	Loss 1.0845e+01 (1.0771e+01)
Epoch: [23][140/247]	Time  0.082 ( 0.283)	Data  0.000 ( 0.194)	Loss 1.0835e+01 (1.0777e+01)
Epoch: [23][160/247]	Time  0.086 ( 0.259)	Data  0.000 ( 0.170)	Loss 1.0874e+01 (1.0784e+01)
Epoch: [23][180/247]	Time  0.087 ( 0.240)	Data  0.000 ( 0.151)	Loss 1.0749e+01 (1.0790e+01)
Epoch: [23][200/247]	Time  0.090 ( 0.224)	Data  0.000 ( 0.136)	Loss 1.0979e+01 (1.0796e+01)
Epoch: [23][220/247]	Time  0.085 ( 0.212)	Data  0.000 ( 0.124)	Loss 1.0883e+01 (1.0801e+01)
Epoch: [23][240/247]	Time  0.075 ( 0.201)	Data  0.000 ( 0.114)	Loss 1.0852e+01 (1.0805e+01)
Epoch: [24][  0/247]	Time 27.320 (27.320)	Data 27.206 (27.206)	Loss 1.0802e+01 (1.0802e+01)
Epoch: [24][ 20/247]	Time  0.092 ( 1.384)	Data  0.000 ( 1.296)	Loss 1.0834e+01 (1.0824e+01)
Epoch: [24][ 40/247]	Time  0.082 ( 0.751)	Data  0.000 ( 0.664)	Loss 1.0829e+01 (1.0820e+01)
Epoch: [24][ 60/247]	Time  0.094 ( 0.534)	Data  0.000 ( 0.446)	Loss 1.0841e+01 (1.0810e+01)
Epoch: [24][ 80/247]	Time  0.087 ( 0.425)	Data  0.000 ( 0.336)	Loss 1.0741e+01 (1.0799e+01)
Epoch: [24][100/247]	Time  0.083 ( 0.358)	Data  0.000 ( 0.270)	Loss 1.0702e+01 (1.0794e+01)
Epoch: [24][120/247]	Time  0.085 ( 0.313)	Data  0.000 ( 0.225)	Loss 1.0908e+01 (1.0791e+01)
Epoch: [24][140/247]	Time  0.085 ( 0.281)	Data  0.000 ( 0.193)	Loss 1.0750e+01 (1.0790e+01)
Epoch: [24][160/247]	Time  0.087 ( 0.257)	Data  0.000 ( 0.169)	Loss 1.0877e+01 (1.0791e+01)
Epoch: [24][180/247]	Time  0.087 ( 0.238)	Data  0.000 ( 0.151)	Loss 1.0866e+01 (1.0791e+01)
Epoch: [24][200/247]	Time  0.090 ( 0.223)	Data  0.000 ( 0.136)	Loss 1.0808e+01 (1.0794e+01)
Epoch: [24][220/247]	Time  0.085 ( 0.211)	Data  0.000 ( 0.123)	Loss 1.0746e+01 (1.0796e+01)
Epoch: [24][240/247]	Time  0.077 ( 0.200)	Data  0.000 ( 0.113)	Loss 1.0779e+01 (1.0800e+01)
Epoch: [25][  0/247]	Time 27.846 (27.846)	Data 27.720 (27.720)	Loss 1.0923e+01 (1.0923e+01)
Epoch: [25][ 20/247]	Time  0.087 ( 1.408)	Data  0.000 ( 1.320)	Loss 1.0904e+01 (1.0850e+01)
Epoch: [25][ 40/247]	Time  0.083 ( 0.764)	Data  0.000 ( 0.676)	Loss 1.0878e+01 (1.0851e+01)
Epoch: [25][ 60/247]	Time  0.084 ( 0.542)	Data  0.000 ( 0.455)	Loss 1.0779e+01 (1.0849e+01)
Epoch: [25][ 80/247]	Time  0.084 ( 0.429)	Data  0.000 ( 0.343)	Loss 1.0735e+01 (1.0834e+01)
Epoch: [25][100/247]	Time  0.083 ( 0.361)	Data  0.000 ( 0.275)	Loss 1.0813e+01 (1.0821e+01)
Epoch: [25][120/247]	Time  0.088 ( 0.316)	Data  0.000 ( 0.229)	Loss 1.0743e+01 (1.0804e+01)
Epoch: [25][140/247]	Time  0.086 ( 0.283)	Data  0.000 ( 0.197)	Loss 1.0926e+01 (1.0796e+01)
Epoch: [25][160/247]	Time  0.086 ( 0.259)	Data  0.000 ( 0.172)	Loss 1.0730e+01 (1.0787e+01)
Epoch: [25][180/247]	Time  0.084 ( 0.240)	Data  0.000 ( 0.153)	Loss 1.0697e+01 (1.0785e+01)
Epoch: [25][200/247]	Time  0.082 ( 0.225)	Data  0.000 ( 0.138)	Loss 1.0746e+01 (1.0780e+01)
Epoch: [25][220/247]	Time  0.087 ( 0.212)	Data  0.000 ( 0.126)	Loss 1.0711e+01 (1.0779e+01)
Epoch: [25][240/247]	Time  0.075 ( 0.201)	Data  0.000 ( 0.115)	Loss 1.0760e+01 (1.0777e+01)
Epoch: [26][  0/247]	Time 27.964 (27.964)	Data 27.839 (27.839)	Loss 1.0759e+01 (1.0759e+01)
Epoch: [26][ 20/247]	Time  0.083 ( 1.412)	Data  0.000 ( 1.326)	Loss 1.0777e+01 (1.0786e+01)
Epoch: [26][ 40/247]	Time  0.082 ( 0.765)	Data  0.000 ( 0.679)	Loss 1.0662e+01 (1.0789e+01)
Epoch: [26][ 60/247]	Time  0.089 ( 0.543)	Data  0.000 ( 0.457)	Loss 1.0741e+01 (1.0793e+01)
Epoch: [26][ 80/247]	Time  0.090 ( 0.430)	Data  0.000 ( 0.344)	Loss 1.0863e+01 (1.0792e+01)
Epoch: [26][100/247]	Time  0.081 ( 0.362)	Data  0.000 ( 0.276)	Loss 1.0901e+01 (1.0791e+01)
Epoch: [26][120/247]	Time  0.084 ( 0.318)	Data  0.000 ( 0.230)	Loss 1.0843e+01 (1.0790e+01)
Epoch: [26][140/247]	Time  0.083 ( 0.286)	Data  0.000 ( 0.198)	Loss 1.0741e+01 (1.0791e+01)
Epoch: [26][160/247]	Time  0.122 ( 0.262)	Data  0.000 ( 0.173)	Loss 1.0702e+01 (1.0789e+01)
Epoch: [26][180/247]	Time  0.085 ( 0.243)	Data  0.000 ( 0.154)	Loss 1.0724e+01 (1.0785e+01)
Epoch: [26][200/247]	Time  0.084 ( 0.228)	Data  0.000 ( 0.139)	Loss 1.0723e+01 (1.0782e+01)
Epoch: [26][220/247]	Time  0.087 ( 0.215)	Data  0.000 ( 0.126)	Loss 1.0657e+01 (1.0778e+01)
Epoch: [26][240/247]	Time  0.076 ( 0.204)	Data  0.000 ( 0.116)	Loss 1.0648e+01 (1.0774e+01)
Epoch: [27][  0/247]	Time 27.916 (27.916)	Data 27.779 (27.779)	Loss 1.0784e+01 (1.0784e+01)
Epoch: [27][ 20/247]	Time  0.089 ( 1.414)	Data  0.000 ( 1.323)	Loss 1.0780e+01 (1.0737e+01)
Epoch: [27][ 40/247]	Time  0.075 ( 0.766)	Data  0.000 ( 0.678)	Loss 1.0807e+01 (1.0750e+01)
Epoch: [27][ 60/247]	Time  0.080 ( 0.540)	Data  0.000 ( 0.456)	Loss 1.0837e+01 (1.0751e+01)
Epoch: [27][ 80/247]	Time  0.086 ( 0.427)	Data  0.000 ( 0.343)	Loss 1.0681e+01 (1.0759e+01)
Epoch: [27][100/247]	Time  0.087 ( 0.360)	Data  0.000 ( 0.275)	Loss 1.0792e+01 (1.0763e+01)
Epoch: [27][120/247]	Time  0.083 ( 0.314)	Data  0.000 ( 0.230)	Loss 1.0925e+01 (1.0770e+01)
Epoch: [27][140/247]	Time  0.085 ( 0.282)	Data  0.000 ( 0.197)	Loss 1.0694e+01 (1.0774e+01)
Epoch: [27][160/247]	Time  0.088 ( 0.258)	Data  0.000 ( 0.173)	Loss 1.0805e+01 (1.0777e+01)
Epoch: [27][180/247]	Time  0.086 ( 0.239)	Data  0.000 ( 0.154)	Loss 1.0754e+01 (1.0780e+01)
Epoch: [27][200/247]	Time  0.087 ( 0.223)	Data  0.000 ( 0.139)	Loss 1.0771e+01 (1.0779e+01)
Epoch: [27][220/247]	Time  0.091 ( 0.211)	Data  0.000 ( 0.126)	Loss 1.0762e+01 (1.0777e+01)
Epoch: [27][240/247]	Time  0.075 ( 0.201)	Data  0.000 ( 0.116)	Loss 1.0749e+01 (1.0774e+01)
Epoch: [28][  0/247]	Time 28.109 (28.109)	Data 27.967 (27.967)	Loss 1.0806e+01 (1.0806e+01)
Epoch: [28][ 20/247]	Time  0.092 ( 1.425)	Data  0.000 ( 1.332)	Loss 1.0691e+01 (1.0739e+01)
Epoch: [28][ 40/247]	Time  0.076 ( 0.769)	Data  0.000 ( 0.682)	Loss 1.0797e+01 (1.0735e+01)
Epoch: [28][ 60/247]	Time  0.079 ( 0.543)	Data  0.000 ( 0.459)	Loss 1.0786e+01 (1.0737e+01)
Epoch: [28][ 80/247]	Time  0.085 ( 0.430)	Data  0.000 ( 0.346)	Loss 1.0801e+01 (1.0744e+01)
Epoch: [28][100/247]	Time  0.086 ( 0.362)	Data  0.000 ( 0.277)	Loss 1.0668e+01 (1.0748e+01)
Epoch: [28][120/247]	Time  0.087 ( 0.316)	Data  0.000 ( 0.231)	Loss 1.0780e+01 (1.0752e+01)
Epoch: [28][140/247]	Time  0.087 ( 0.284)	Data  0.000 ( 0.199)	Loss 1.0669e+01 (1.0749e+01)
Epoch: [28][160/247]	Time  0.083 ( 0.259)	Data  0.000 ( 0.174)	Loss 1.0744e+01 (1.0752e+01)
Epoch: [28][180/247]	Time  0.088 ( 0.240)	Data  0.000 ( 0.155)	Loss 1.0850e+01 (1.0757e+01)
Epoch: [28][200/247]	Time  0.083 ( 0.225)	Data  0.000 ( 0.139)	Loss 1.0882e+01 (1.0759e+01)
Epoch: [28][220/247]	Time  0.089 ( 0.213)	Data  0.000 ( 0.127)	Loss 1.0725e+01 (1.0758e+01)
Epoch: [28][240/247]	Time  0.074 ( 0.202)	Data  0.000 ( 0.116)	Loss 1.0707e+01 (1.0755e+01)
Epoch: [29][  0/247]	Time 28.167 (28.167)	Data 28.050 (28.050)	Loss 1.0868e+01 (1.0868e+01)
Epoch: [29][ 20/247]	Time  0.092 ( 1.426)	Data  0.000 ( 1.336)	Loss 1.0605e+01 (1.0733e+01)
Epoch: [29][ 40/247]	Time  0.084 ( 0.773)	Data  0.000 ( 0.684)	Loss 1.0660e+01 (1.0731e+01)
Epoch: [29][ 60/247]	Time  0.090 ( 0.548)	Data  0.000 ( 0.460)	Loss 1.0843e+01 (1.0731e+01)
Epoch: [29][ 80/247]	Time  0.088 ( 0.434)	Data  0.000 ( 0.347)	Loss 1.0768e+01 (1.0734e+01)
Epoch: [29][100/247]	Time  0.083 ( 0.366)	Data  0.000 ( 0.278)	Loss 1.0742e+01 (1.0741e+01)
Epoch: [29][120/247]	Time  0.086 ( 0.320)	Data  0.000 ( 0.232)	Loss 1.0698e+01 (1.0740e+01)
Epoch: [29][140/247]	Time  0.089 ( 0.287)	Data  0.000 ( 0.199)	Loss 1.0740e+01 (1.0744e+01)
Epoch: [29][160/247]	Time  0.085 ( 0.262)	Data  0.000 ( 0.175)	Loss 1.0826e+01 (1.0745e+01)
Epoch: [29][180/247]	Time  0.099 ( 0.242)	Data  0.001 ( 0.155)	Loss 1.0756e+01 (1.0749e+01)
Epoch: [29][200/247]	Time  0.083 ( 0.227)	Data  0.000 ( 0.140)	Loss 1.0793e+01 (1.0754e+01)
Epoch: [29][220/247]	Time  0.155 ( 0.215)	Data  0.000 ( 0.127)	Loss 1.0845e+01 (1.0757e+01)
Epoch: [29][240/247]	Time  0.088 ( 0.204)	Data  0.000 ( 0.117)	Loss 1.0762e+01 (1.0760e+01)
Epoch: [30][  0/247]	Time 27.966 (27.966)	Data 27.860 (27.860)	Loss 1.0692e+01 (1.0692e+01)
Epoch: [30][ 20/247]	Time  0.092 ( 1.414)	Data  0.000 ( 1.327)	Loss 1.0841e+01 (1.0745e+01)
Epoch: [30][ 40/247]	Time  0.078 ( 0.767)	Data  0.000 ( 0.680)	Loss 1.0669e+01 (1.0744e+01)
Epoch: [30][ 60/247]	Time  0.088 ( 0.543)	Data  0.000 ( 0.457)	Loss 1.0775e+01 (1.0743e+01)
Epoch: [30][ 80/247]	Time  0.088 ( 0.430)	Data  0.000 ( 0.344)	Loss 1.0738e+01 (1.0734e+01)
Epoch: [30][100/247]	Time  0.100 ( 0.362)	Data  0.000 ( 0.276)	Loss 1.0780e+01 (1.0735e+01)
Epoch: [30][120/247]	Time  0.085 ( 0.317)	Data  0.000 ( 0.231)	Loss 1.0715e+01 (1.0730e+01)
Epoch: [30][140/247]	Time  0.091 ( 0.284)	Data  0.000 ( 0.198)	Loss 1.0729e+01 (1.0734e+01)
Epoch: [30][160/247]	Time  0.085 ( 0.260)	Data  0.000 ( 0.173)	Loss 1.0714e+01 (1.0737e+01)
Epoch: [30][180/247]	Time  0.087 ( 0.241)	Data  0.000 ( 0.154)	Loss 1.0757e+01 (1.0738e+01)
Epoch: [30][200/247]	Time  0.088 ( 0.225)	Data  0.000 ( 0.139)	Loss 1.0635e+01 (1.0738e+01)
Epoch: [30][220/247]	Time  0.084 ( 0.213)	Data  0.000 ( 0.126)	Loss 1.0698e+01 (1.0738e+01)
Epoch: [30][240/247]	Time  0.076 ( 0.202)	Data  0.000 ( 0.116)	Loss 1.0704e+01 (1.0739e+01)
Epoch: [31][  0/247]	Time 27.940 (27.940)	Data 27.835 (27.835)	Loss 1.0761e+01 (1.0761e+01)
Epoch: [31][ 20/247]	Time  0.078 ( 1.409)	Data  0.000 ( 1.326)	Loss 1.0750e+01 (1.0736e+01)
Epoch: [31][ 40/247]	Time  0.081 ( 0.762)	Data  0.000 ( 0.679)	Loss 1.0633e+01 (1.0738e+01)
Epoch: [31][ 60/247]	Time  0.093 ( 0.541)	Data  0.000 ( 0.457)	Loss 1.0741e+01 (1.0736e+01)
Epoch: [31][ 80/247]	Time  0.068 ( 0.428)	Data  0.000 ( 0.344)	Loss 1.0706e+01 (1.0739e+01)
Epoch: [31][100/247]	Time  0.081 ( 0.360)	Data  0.000 ( 0.276)	Loss 1.0733e+01 (1.0746e+01)
Epoch: [31][120/247]	Time  0.081 ( 0.315)	Data  0.000 ( 0.230)	Loss 1.0627e+01 (1.0744e+01)
Epoch: [31][140/247]	Time  0.092 ( 0.282)	Data  0.000 ( 0.198)	Loss 1.0795e+01 (1.0746e+01)
Epoch: [31][160/247]	Time  0.076 ( 0.257)	Data  0.000 ( 0.173)	Loss 1.0738e+01 (1.0746e+01)
Epoch: [31][180/247]	Time  0.075 ( 0.238)	Data  0.000 ( 0.154)	Loss 1.0789e+01 (1.0748e+01)
Epoch: [31][200/247]	Time  0.078 ( 0.222)	Data  0.000 ( 0.139)	Loss 1.0760e+01 (1.0748e+01)
Epoch: [31][220/247]	Time  0.075 ( 0.209)	Data  0.000 ( 0.126)	Loss 1.0740e+01 (1.0750e+01)
Epoch: [31][240/247]	Time  0.069 ( 0.198)	Data  0.000 ( 0.116)	Loss 1.0710e+01 (1.0750e+01)
Epoch: [32][  0/247]	Time 27.314 (27.314)	Data 27.215 (27.215)	Loss 1.0889e+01 (1.0889e+01)
Epoch: [32][ 20/247]	Time  0.093 ( 1.382)	Data  0.000 ( 1.296)	Loss 1.0817e+01 (1.0783e+01)
Epoch: [32][ 40/247]	Time  0.106 ( 0.756)	Data  0.000 ( 0.664)	Loss 1.0749e+01 (1.0785e+01)
Epoch: [32][ 60/247]	Time  0.087 ( 0.537)	Data  0.000 ( 0.446)	Loss 1.0752e+01 (1.0778e+01)
Epoch: [32][ 80/247]	Time  0.084 ( 0.425)	Data  0.000 ( 0.336)	Loss 1.0843e+01 (1.0777e+01)
Epoch: [32][100/247]	Time  0.085 ( 0.358)	Data  0.000 ( 0.270)	Loss 1.0832e+01 (1.0776e+01)
Epoch: [32][120/247]	Time  0.082 ( 0.312)	Data  0.000 ( 0.225)	Loss 1.0642e+01 (1.0768e+01)
Epoch: [32][140/247]	Time  0.082 ( 0.280)	Data  0.000 ( 0.193)	Loss 1.0650e+01 (1.0759e+01)
Epoch: [32][160/247]	Time  0.083 ( 0.258)	Data  0.000 ( 0.169)	Loss 1.0693e+01 (1.0758e+01)
Epoch: [32][180/247]	Time  0.088 ( 0.239)	Data  0.000 ( 0.151)	Loss 1.0777e+01 (1.0755e+01)
Epoch: [32][200/247]	Time  0.087 ( 0.224)	Data  0.000 ( 0.136)	Loss 1.0793e+01 (1.0754e+01)
Epoch: [32][220/247]	Time  0.088 ( 0.211)	Data  0.000 ( 0.123)	Loss 1.0705e+01 (1.0752e+01)
Epoch: [32][240/247]	Time  0.074 ( 0.201)	Data  0.000 ( 0.113)	Loss 1.0825e+01 (1.0752e+01)
Epoch: [33][  0/247]	Time 27.851 (27.851)	Data 27.743 (27.743)	Loss 1.0748e+01 (1.0748e+01)
Epoch: [33][ 20/247]	Time  0.083 ( 1.406)	Data  0.000 ( 1.321)	Loss 1.0671e+01 (1.0746e+01)
Epoch: [33][ 40/247]	Time  0.081 ( 0.761)	Data  0.000 ( 0.677)	Loss 1.0799e+01 (1.0748e+01)
Epoch: [33][ 60/247]	Time  0.088 ( 0.540)	Data  0.000 ( 0.455)	Loss 1.0846e+01 (1.0760e+01)
Epoch: [33][ 80/247]	Time  0.083 ( 0.428)	Data  0.000 ( 0.343)	Loss 1.0824e+01 (1.0770e+01)
Epoch: [33][100/247]	Time  0.095 ( 0.360)	Data  0.000 ( 0.275)	Loss 1.0806e+01 (1.0771e+01)
Epoch: [33][120/247]	Time  0.084 ( 0.315)	Data  0.000 ( 0.230)	Loss 1.0864e+01 (1.0774e+01)
Epoch: [33][140/247]	Time  0.083 ( 0.283)	Data  0.000 ( 0.197)	Loss 1.0901e+01 (1.0773e+01)
Epoch: [33][160/247]	Time  0.082 ( 0.258)	Data  0.000 ( 0.173)	Loss 1.0760e+01 (1.0770e+01)
Epoch: [33][180/247]	Time  0.085 ( 0.239)	Data  0.000 ( 0.154)	Loss 1.0717e+01 (1.0767e+01)
Epoch: [33][200/247]	Time  0.089 ( 0.224)	Data  0.000 ( 0.138)	Loss 1.0692e+01 (1.0764e+01)
Epoch: [33][220/247]	Time  0.087 ( 0.212)	Data  0.000 ( 0.126)	Loss 1.0679e+01 (1.0758e+01)
Epoch: [33][240/247]	Time  0.076 ( 0.201)	Data  0.000 ( 0.115)	Loss 1.0702e+01 (1.0754e+01)
Epoch: [34][  0/247]	Time 27.909 (27.909)	Data 27.787 (27.787)	Loss 1.0789e+01 (1.0789e+01)
Epoch: [34][ 20/247]	Time  0.088 ( 1.411)	Data  0.000 ( 1.323)	Loss 1.0684e+01 (1.0722e+01)
Epoch: [34][ 40/247]	Time  0.082 ( 0.764)	Data  0.000 ( 0.678)	Loss 1.0638e+01 (1.0714e+01)
Epoch: [34][ 60/247]	Time  0.086 ( 0.542)	Data  0.000 ( 0.456)	Loss 1.0703e+01 (1.0714e+01)
Epoch: [34][ 80/247]	Time  0.086 ( 0.429)	Data  0.000 ( 0.343)	Loss 1.0730e+01 (1.0716e+01)
Epoch: [34][100/247]	Time  0.084 ( 0.361)	Data  0.000 ( 0.275)	Loss 1.0677e+01 (1.0725e+01)
Epoch: [34][120/247]	Time  0.084 ( 0.316)	Data  0.000 ( 0.230)	Loss 1.0709e+01 (1.0730e+01)
Epoch: [34][140/247]	Time  0.090 ( 0.283)	Data  0.000 ( 0.197)	Loss 1.0776e+01 (1.0734e+01)
Epoch: [34][160/247]	Time  0.081 ( 0.259)	Data  0.000 ( 0.173)	Loss 1.0735e+01 (1.0739e+01)
Epoch: [34][180/247]	Time  0.078 ( 0.240)	Data  0.000 ( 0.154)	Loss 1.0832e+01 (1.0743e+01)
Epoch: [34][200/247]	Time  0.089 ( 0.224)	Data  0.000 ( 0.139)	Loss 1.0833e+01 (1.0747e+01)
Epoch: [34][220/247]	Time  0.088 ( 0.212)	Data  0.000 ( 0.126)	Loss 1.0755e+01 (1.0750e+01)
Epoch: [34][240/247]	Time  0.075 ( 0.201)	Data  0.000 ( 0.116)	Loss 1.0786e+01 (1.0754e+01)
Epoch: [35][  0/247]	Time 27.942 (27.942)	Data 27.842 (27.842)	Loss 1.0742e+01 (1.0742e+01)
Epoch: [35][ 20/247]	Time  0.074 ( 1.408)	Data  0.000 ( 1.329)	Loss 1.0923e+01 (1.0830e+01)
Epoch: [35][ 40/247]	Time  0.169 ( 0.764)	Data  0.080 ( 0.685)	Loss 1.0819e+01 (1.0813e+01)
Epoch: [35][ 60/247]	Time  0.091 ( 0.542)	Data  0.000 ( 0.460)	Loss 1.0789e+01 (1.0805e+01)
Epoch: [35][ 80/247]	Time  0.083 ( 0.429)	Data  0.000 ( 0.347)	Loss 1.0797e+01 (1.0796e+01)
Epoch: [35][100/247]	Time  0.089 ( 0.362)	Data  0.000 ( 0.278)	Loss 1.0860e+01 (1.0796e+01)
Epoch: [35][120/247]	Time  0.082 ( 0.317)	Data  0.000 ( 0.232)	Loss 1.0854e+01 (1.0793e+01)
Epoch: [35][140/247]	Time  0.085 ( 0.284)	Data  0.000 ( 0.199)	Loss 1.0864e+01 (1.0788e+01)
Epoch: [35][160/247]	Time  0.084 ( 0.259)	Data  0.000 ( 0.175)	Loss 1.0681e+01 (1.0784e+01)
Epoch: [35][180/247]	Time  0.086 ( 0.240)	Data  0.000 ( 0.155)	Loss 1.0757e+01 (1.0783e+01)
Epoch: [35][200/247]	Time  0.085 ( 0.225)	Data  0.000 ( 0.140)	Loss 1.0740e+01 (1.0781e+01)
Epoch: [35][220/247]	Time  0.083 ( 0.212)	Data  0.000 ( 0.127)	Loss 1.0780e+01 (1.0779e+01)
Epoch: [35][240/247]	Time  0.075 ( 0.202)	Data  0.000 ( 0.117)	Loss 1.0706e+01 (1.0777e+01)
Epoch: [36][  0/247]	Time 27.864 (27.864)	Data 27.772 (27.772)	Loss 1.0851e+01 (1.0851e+01)
Epoch: [36][ 20/247]	Time  0.082 ( 1.408)	Data  0.000 ( 1.323)	Loss 1.0778e+01 (1.0763e+01)
Epoch: [36][ 40/247]	Time  0.082 ( 0.764)	Data  0.000 ( 0.678)	Loss 1.0859e+01 (1.0784e+01)
Epoch: [36][ 60/247]	Time  0.089 ( 0.542)	Data  0.000 ( 0.456)	Loss 1.0687e+01 (1.0778e+01)
Epoch: [36][ 80/247]	Time  0.082 ( 0.429)	Data  0.000 ( 0.343)	Loss 1.0665e+01 (1.0777e+01)
Epoch: [36][100/247]	Time  0.086 ( 0.362)	Data  0.000 ( 0.275)	Loss 1.0661e+01 (1.0771e+01)
Epoch: [36][120/247]	Time  0.083 ( 0.316)	Data  0.000 ( 0.230)	Loss 1.0865e+01 (1.0770e+01)
Epoch: [36][140/247]	Time  0.089 ( 0.284)	Data  0.000 ( 0.197)	Loss 1.0580e+01 (1.0765e+01)
Epoch: [36][160/247]	Time  0.090 ( 0.259)	Data  0.000 ( 0.173)	Loss 1.0655e+01 (1.0759e+01)
Epoch: [36][180/247]	Time  0.082 ( 0.240)	Data  0.000 ( 0.154)	Loss 1.0676e+01 (1.0755e+01)
Epoch: [36][200/247]	Time  0.089 ( 0.224)	Data  0.000 ( 0.138)	Loss 1.0616e+01 (1.0751e+01)
Epoch: [36][220/247]	Time  0.087 ( 0.212)	Data  0.000 ( 0.126)	Loss 1.0830e+01 (1.0748e+01)
Epoch: [36][240/247]	Time  0.075 ( 0.201)	Data  0.000 ( 0.116)	Loss 1.0672e+01 (1.0745e+01)
Epoch: [37][  0/247]	Time 27.952 (27.952)	Data 27.832 (27.832)	Loss 1.0743e+01 (1.0743e+01)
Epoch: [37][ 20/247]	Time  0.092 ( 1.413)	Data  0.000 ( 1.326)	Loss 1.0681e+01 (1.0735e+01)
Epoch: [37][ 40/247]	Time  0.081 ( 0.767)	Data  0.000 ( 0.679)	Loss 1.0692e+01 (1.0724e+01)
Epoch: [37][ 60/247]	Time  0.085 ( 0.544)	Data  0.000 ( 0.457)	Loss 1.0635e+01 (1.0725e+01)
Epoch: [37][ 80/247]	Time  0.090 ( 0.431)	Data  0.000 ( 0.344)	Loss 1.0732e+01 (1.0723e+01)
Epoch: [37][100/247]	Time  0.091 ( 0.363)	Data  0.000 ( 0.276)	Loss 1.0679e+01 (1.0727e+01)
Epoch: [37][120/247]	Time  0.082 ( 0.317)	Data  0.000 ( 0.230)	Loss 1.0797e+01 (1.0728e+01)
Epoch: [37][140/247]	Time  0.083 ( 0.284)	Data  0.000 ( 0.198)	Loss 1.0729e+01 (1.0727e+01)
Epoch: [37][160/247]	Time  0.086 ( 0.259)	Data  0.000 ( 0.173)	Loss 1.0765e+01 (1.0734e+01)
Epoch: [37][180/247]	Time  0.089 ( 0.240)	Data  0.000 ( 0.154)	Loss 1.0711e+01 (1.0735e+01)
Epoch: [37][200/247]	Time  0.085 ( 0.225)	Data  0.000 ( 0.139)	Loss 1.0655e+01 (1.0737e+01)
Epoch: [37][220/247]	Time  0.085 ( 0.212)	Data  0.000 ( 0.126)	Loss 1.0742e+01 (1.0739e+01)
Epoch: [37][240/247]	Time  0.074 ( 0.201)	Data  0.000 ( 0.116)	Loss 1.0683e+01 (1.0739e+01)
Epoch: [38][  0/247]	Time 27.876 (27.876)	Data 27.754 (27.754)	Loss 1.0761e+01 (1.0761e+01)
Epoch: [38][ 20/247]	Time  0.091 ( 1.411)	Data  0.000 ( 1.322)	Loss 1.0843e+01 (1.0752e+01)
Epoch: [38][ 40/247]	Time  0.082 ( 0.766)	Data  0.000 ( 0.677)	Loss 1.0678e+01 (1.0736e+01)
Epoch: [38][ 60/247]	Time  0.084 ( 0.542)	Data  0.000 ( 0.455)	Loss 1.0696e+01 (1.0724e+01)
Epoch: [38][ 80/247]	Time  0.085 ( 0.430)	Data  0.000 ( 0.343)	Loss 1.0781e+01 (1.0732e+01)
Epoch: [38][100/247]	Time  0.086 ( 0.362)	Data  0.000 ( 0.275)	Loss 1.0725e+01 (1.0726e+01)
Epoch: [38][120/247]	Time  0.088 ( 0.316)	Data  0.000 ( 0.230)	Loss 1.0720e+01 (1.0721e+01)
Epoch: [38][140/247]	Time  0.089 ( 0.284)	Data  0.000 ( 0.197)	Loss 1.0808e+01 (1.0725e+01)
Epoch: [38][160/247]	Time  0.090 ( 0.260)	Data  0.000 ( 0.173)	Loss 1.0766e+01 (1.0729e+01)
Epoch: [38][180/247]	Time  0.090 ( 0.241)	Data  0.000 ( 0.154)	Loss 1.0760e+01 (1.0732e+01)
Epoch: [38][200/247]	Time  0.089 ( 0.226)	Data  0.000 ( 0.138)	Loss 1.0813e+01 (1.0736e+01)
Epoch: [38][220/247]	Time  0.090 ( 0.213)	Data  0.000 ( 0.126)	Loss 1.0794e+01 (1.0740e+01)
Epoch: [38][240/247]	Time  0.076 ( 0.203)	Data  0.000 ( 0.115)	Loss 1.0826e+01 (1.0741e+01)
Epoch: [39][  0/247]	Time 28.030 (28.030)	Data 27.924 (27.924)	Loss 1.0773e+01 (1.0773e+01)
Epoch: [39][ 20/247]	Time  0.088 ( 1.413)	Data  0.000 ( 1.330)	Loss 1.0775e+01 (1.0778e+01)
Epoch: [39][ 40/247]	Time  0.082 ( 0.765)	Data  0.000 ( 0.681)	Loss 1.0659e+01 (1.0753e+01)
Epoch: [39][ 60/247]	Time  0.086 ( 0.543)	Data  0.000 ( 0.458)	Loss 1.0752e+01 (1.0751e+01)
Epoch: [39][ 80/247]	Time  0.090 ( 0.430)	Data  0.000 ( 0.345)	Loss 1.0733e+01 (1.0752e+01)
Epoch: [39][100/247]	Time  0.084 ( 0.362)	Data  0.000 ( 0.277)	Loss 1.0765e+01 (1.0749e+01)
Epoch: [39][120/247]	Time  0.088 ( 0.317)	Data  0.000 ( 0.231)	Loss 1.0687e+01 (1.0746e+01)
Epoch: [39][140/247]	Time  0.090 ( 0.284)	Data  0.000 ( 0.198)	Loss 1.0726e+01 (1.0743e+01)
Epoch: [39][160/247]	Time  0.086 ( 0.259)	Data  0.000 ( 0.174)	Loss 1.0786e+01 (1.0745e+01)
Epoch: [39][180/247]	Time  0.091 ( 0.240)	Data  0.000 ( 0.155)	Loss 1.0675e+01 (1.0748e+01)
Epoch: [39][200/247]	Time  0.090 ( 0.225)	Data  0.000 ( 0.139)	Loss 1.0708e+01 (1.0747e+01)
Epoch: [39][220/247]	Time  0.085 ( 0.212)	Data  0.000 ( 0.127)	Loss 1.0865e+01 (1.0747e+01)
Epoch: [39][240/247]	Time  0.075 ( 0.201)	Data  0.000 ( 0.116)	Loss 1.0760e+01 (1.0748e+01)
Epoch: [40][  0/247]	Time 27.845 (27.845)	Data 27.754 (27.754)	Loss 1.0781e+01 (1.0781e+01)
Epoch: [40][ 20/247]	Time  0.084 ( 1.405)	Data  0.000 ( 1.322)	Loss 1.0755e+01 (1.0759e+01)
Epoch: [40][ 40/247]	Time  0.082 ( 0.761)	Data  0.000 ( 0.677)	Loss 1.0699e+01 (1.0753e+01)
Epoch: [40][ 60/247]	Time  0.113 ( 0.541)	Data  0.000 ( 0.455)	Loss 1.0674e+01 (1.0761e+01)
Epoch: [40][ 80/247]	Time  0.080 ( 0.427)	Data  0.000 ( 0.343)	Loss 1.0754e+01 (1.0765e+01)
Epoch: [40][100/247]	Time  0.079 ( 0.360)	Data  0.000 ( 0.275)	Loss 1.0840e+01 (1.0766e+01)
Epoch: [40][120/247]	Time  0.081 ( 0.314)	Data  0.000 ( 0.230)	Loss 1.0591e+01 (1.0765e+01)
Epoch: [40][140/247]	Time  0.089 ( 0.282)	Data  0.000 ( 0.197)	Loss 1.0904e+01 (1.0766e+01)
Epoch: [40][160/247]	Time  0.085 ( 0.257)	Data  0.000 ( 0.173)	Loss 1.0704e+01 (1.0768e+01)
Epoch: [40][180/247]	Time  0.086 ( 0.238)	Data  0.000 ( 0.154)	Loss 1.0671e+01 (1.0768e+01)
Epoch: [40][200/247]	Time  0.087 ( 0.223)	Data  0.000 ( 0.138)	Loss 1.0746e+01 (1.0769e+01)
Epoch: [40][220/247]	Time  0.096 ( 0.211)	Data  0.000 ( 0.126)	Loss 1.0742e+01 (1.0766e+01)
Epoch: [40][240/247]	Time  0.072 ( 0.201)	Data  0.000 ( 0.115)	Loss 1.0811e+01 (1.0764e+01)
Epoch: [41][  0/247]	Time 27.838 (27.838)	Data 27.749 (27.749)	Loss 1.0741e+01 (1.0741e+01)
Epoch: [41][ 20/247]	Time  0.078 ( 1.405)	Data  0.000 ( 1.322)	Loss 1.0741e+01 (1.0759e+01)
Epoch: [41][ 40/247]	Time  0.077 ( 0.762)	Data  0.000 ( 0.681)	Loss 1.0745e+01 (1.0758e+01)
Epoch: [41][ 60/247]	Time  0.086 ( 0.540)	Data  0.000 ( 0.458)	Loss 1.0700e+01 (1.0753e+01)
Epoch: [41][ 80/247]	Time  0.087 ( 0.428)	Data  0.000 ( 0.345)	Loss 1.0859e+01 (1.0754e+01)
Epoch: [41][100/247]	Time  0.082 ( 0.360)	Data  0.000 ( 0.276)	Loss 1.0801e+01 (1.0758e+01)
Epoch: [41][120/247]	Time  0.081 ( 0.314)	Data  0.000 ( 0.231)	Loss 1.0732e+01 (1.0763e+01)
Epoch: [41][140/247]	Time  0.082 ( 0.282)	Data  0.000 ( 0.198)	Loss 1.0878e+01 (1.0766e+01)
Epoch: [41][160/247]	Time  0.088 ( 0.257)	Data  0.000 ( 0.174)	Loss 1.0697e+01 (1.0769e+01)
Epoch: [41][180/247]	Time  0.087 ( 0.238)	Data  0.000 ( 0.154)	Loss 1.0886e+01 (1.0772e+01)
Epoch: [41][200/247]	Time  0.085 ( 0.223)	Data  0.000 ( 0.139)	Loss 1.0747e+01 (1.0771e+01)
Epoch: [41][220/247]	Time  0.082 ( 0.211)	Data  0.000 ( 0.127)	Loss 1.0767e+01 (1.0771e+01)
Epoch: [41][240/247]	Time  0.074 ( 0.200)	Data  0.000 ( 0.116)	Loss 1.0754e+01 (1.0769e+01)
Epoch: [42][  0/247]	Time 27.749 (27.749)	Data 27.649 (27.649)	Loss 1.0719e+01 (1.0719e+01)
Epoch: [42][ 20/247]	Time  0.088 ( 1.403)	Data  0.000 ( 1.317)	Loss 1.0692e+01 (1.0724e+01)
Epoch: [42][ 40/247]	Time  0.081 ( 0.761)	Data  0.000 ( 0.675)	Loss 1.0677e+01 (1.0722e+01)
Epoch: [42][ 60/247]	Time  0.087 ( 0.540)	Data  0.000 ( 0.454)	Loss 1.0735e+01 (1.0736e+01)
Epoch: [42][ 80/247]	Time  0.082 ( 0.428)	Data  0.000 ( 0.342)	Loss 1.0766e+01 (1.0739e+01)
Epoch: [42][100/247]	Time  0.086 ( 0.361)	Data  0.000 ( 0.274)	Loss 1.0705e+01 (1.0741e+01)
Epoch: [42][120/247]	Time  0.087 ( 0.316)	Data  0.000 ( 0.229)	Loss 1.0780e+01 (1.0741e+01)
Epoch: [42][140/247]	Time  0.087 ( 0.283)	Data  0.000 ( 0.196)	Loss 1.0771e+01 (1.0745e+01)
Epoch: [42][160/247]	Time  0.083 ( 0.259)	Data  0.000 ( 0.172)	Loss 1.0728e+01 (1.0743e+01)
Epoch: [42][180/247]	Time  0.101 ( 0.240)	Data  0.000 ( 0.153)	Loss 1.0581e+01 (1.0744e+01)
Epoch: [42][200/247]	Time  0.083 ( 0.224)	Data  0.000 ( 0.138)	Loss 1.0621e+01 (1.0746e+01)
Epoch: [42][220/247]	Time  0.088 ( 0.212)	Data  0.000 ( 0.125)	Loss 1.0809e+01 (1.0747e+01)
Epoch: [42][240/247]	Time  0.076 ( 0.201)	Data  0.000 ( 0.115)	Loss 1.0691e+01 (1.0750e+01)
Epoch: [43][  0/247]	Time 27.880 (27.880)	Data 27.766 (27.766)	Loss 1.0861e+01 (1.0861e+01)
Epoch: [43][ 20/247]	Time  0.075 ( 1.402)	Data  0.000 ( 1.322)	Loss 1.0817e+01 (1.0762e+01)
Epoch: [43][ 40/247]	Time  0.074 ( 0.758)	Data  0.000 ( 0.680)	Loss 1.0789e+01 (1.0767e+01)
Epoch: [43][ 60/247]	Time  0.085 ( 0.540)	Data  0.000 ( 0.460)	Loss 1.0760e+01 (1.0763e+01)
Epoch: [43][ 80/247]	Time  0.081 ( 0.428)	Data  0.000 ( 0.348)	Loss 1.0712e+01 (1.0759e+01)
Epoch: [43][100/247]	Time  0.181 ( 0.361)	Data  0.091 ( 0.281)	Loss 1.0697e+01 (1.0760e+01)
Epoch: [43][120/247]	Time  0.077 ( 0.316)	Data  0.000 ( 0.236)	Loss 1.0652e+01 (1.0758e+01)
Epoch: [43][140/247]	Time  0.153 ( 0.284)	Data  0.075 ( 0.204)	Loss 1.0723e+01 (1.0755e+01)
Epoch: [43][160/247]	Time  0.079 ( 0.260)	Data  0.000 ( 0.180)	Loss 1.0715e+01 (1.0756e+01)
Epoch: [43][180/247]	Time  0.114 ( 0.241)	Data  0.037 ( 0.161)	Loss 1.0649e+01 (1.0756e+01)
Epoch: [43][200/247]	Time  0.084 ( 0.225)	Data  0.000 ( 0.145)	Loss 1.0713e+01 (1.0756e+01)
Epoch: [43][220/247]	Time  0.078 ( 0.212)	Data  0.000 ( 0.132)	Loss 1.0784e+01 (1.0756e+01)
Epoch: [43][240/247]	Time  0.067 ( 0.201)	Data  0.000 ( 0.121)	Loss 1.0805e+01 (1.0756e+01)
Epoch: [44][  0/247]	Time 28.040 (28.040)	Data 27.917 (27.917)	Loss 1.0766e+01 (1.0766e+01)
Epoch: [44][ 20/247]	Time  0.083 ( 1.417)	Data  0.000 ( 1.330)	Loss 1.0775e+01 (1.0737e+01)
Epoch: [44][ 40/247]	Time  0.081 ( 0.767)	Data  0.000 ( 0.681)	Loss 1.0747e+01 (1.0731e+01)
Epoch: [44][ 60/247]	Time  0.088 ( 0.544)	Data  0.000 ( 0.458)	Loss 1.0778e+01 (1.0736e+01)
Epoch: [44][ 80/247]	Time  0.084 ( 0.430)	Data  0.000 ( 0.345)	Loss 1.0788e+01 (1.0738e+01)
Epoch: [44][100/247]	Time  0.087 ( 0.362)	Data  0.000 ( 0.277)	Loss 1.0687e+01 (1.0738e+01)
Epoch: [44][120/247]	Time  0.089 ( 0.316)	Data  0.000 ( 0.231)	Loss 1.0729e+01 (1.0740e+01)
Epoch: [44][140/247]	Time  0.080 ( 0.284)	Data  0.000 ( 0.198)	Loss 1.0711e+01 (1.0743e+01)
Epoch: [44][160/247]	Time  0.086 ( 0.259)	Data  0.000 ( 0.174)	Loss 1.0647e+01 (1.0743e+01)
Epoch: [44][180/247]	Time  0.084 ( 0.240)	Data  0.000 ( 0.155)	Loss 1.0742e+01 (1.0742e+01)
Epoch: [44][200/247]	Time  0.084 ( 0.225)	Data  0.000 ( 0.139)	Loss 1.0869e+01 (1.0744e+01)
Epoch: [44][220/247]	Time  0.088 ( 0.212)	Data  0.000 ( 0.127)	Loss 1.0884e+01 (1.0747e+01)
Epoch: [44][240/247]	Time  0.076 ( 0.202)	Data  0.000 ( 0.116)	Loss 1.0728e+01 (1.0749e+01)
Epoch: [45][  0/247]	Time 27.875 (27.875)	Data 27.772 (27.772)	Loss 1.0725e+01 (1.0725e+01)
Epoch: [45][ 20/247]	Time  0.087 ( 1.420)	Data  0.000 ( 1.323)	Loss 1.0760e+01 (1.0732e+01)
Epoch: [45][ 40/247]	Time  0.080 ( 0.768)	Data  0.000 ( 0.678)	Loss 1.0808e+01 (1.0739e+01)
Epoch: [45][ 60/247]	Time  0.088 ( 0.544)	Data  0.000 ( 0.456)	Loss 1.0704e+01 (1.0738e+01)
Epoch: [45][ 80/247]	Time  0.083 ( 0.431)	Data  0.000 ( 0.343)	Loss 1.0670e+01 (1.0742e+01)
Epoch: [45][100/247]	Time  0.084 ( 0.362)	Data  0.000 ( 0.275)	Loss 1.0781e+01 (1.0738e+01)
Epoch: [45][120/247]	Time  0.086 ( 0.316)	Data  0.000 ( 0.230)	Loss 1.0755e+01 (1.0737e+01)
Epoch: [45][140/247]	Time  0.090 ( 0.284)	Data  0.000 ( 0.197)	Loss 1.0746e+01 (1.0736e+01)
Epoch: [45][160/247]	Time  0.085 ( 0.259)	Data  0.000 ( 0.173)	Loss 1.0736e+01 (1.0740e+01)
Epoch: [45][180/247]	Time  0.088 ( 0.240)	Data  0.000 ( 0.154)	Loss 1.0677e+01 (1.0739e+01)
Epoch: [45][200/247]	Time  0.084 ( 0.225)	Data  0.000 ( 0.138)	Loss 1.0693e+01 (1.0736e+01)
Epoch: [45][220/247]	Time  0.086 ( 0.212)	Data  0.000 ( 0.126)	Loss 1.0828e+01 (1.0733e+01)
Epoch: [45][240/247]	Time  0.076 ( 0.202)	Data  0.000 ( 0.116)	Loss 1.0699e+01 (1.0732e+01)
Epoch: [46][  0/247]	Time 27.890 (27.890)	Data 27.782 (27.782)	Loss 1.0750e+01 (1.0750e+01)
Epoch: [46][ 20/247]	Time  0.090 ( 1.420)	Data  0.000 ( 1.323)	Loss 1.0717e+01 (1.0716e+01)
Epoch: [46][ 40/247]	Time  0.077 ( 0.769)	Data  0.000 ( 0.678)	Loss 1.0792e+01 (1.0734e+01)
Epoch: [46][ 60/247]	Time  0.085 ( 0.544)	Data  0.000 ( 0.456)	Loss 1.0769e+01 (1.0723e+01)
Epoch: [46][ 80/247]	Time  0.088 ( 0.431)	Data  0.000 ( 0.343)	Loss 1.0642e+01 (1.0730e+01)
Epoch: [46][100/247]	Time  0.086 ( 0.363)	Data  0.000 ( 0.275)	Loss 1.0714e+01 (1.0727e+01)
Epoch: [46][120/247]	Time  0.082 ( 0.317)	Data  0.000 ( 0.230)	Loss 1.0533e+01 (1.0728e+01)
Epoch: [46][140/247]	Time  0.087 ( 0.284)	Data  0.000 ( 0.197)	Loss 1.0725e+01 (1.0732e+01)
Epoch: [46][160/247]	Time  0.086 ( 0.260)	Data  0.000 ( 0.173)	Loss 1.0845e+01 (1.0731e+01)
Epoch: [46][180/247]	Time  0.088 ( 0.241)	Data  0.000 ( 0.154)	Loss 1.0780e+01 (1.0732e+01)
Epoch: [46][200/247]	Time  0.095 ( 0.225)	Data  0.000 ( 0.139)	Loss 1.0755e+01 (1.0733e+01)
Epoch: [46][220/247]	Time  0.090 ( 0.212)	Data  0.000 ( 0.126)	Loss 1.0686e+01 (1.0733e+01)
Epoch: [46][240/247]	Time  0.075 ( 0.202)	Data  0.000 ( 0.116)	Loss 1.0698e+01 (1.0737e+01)
Epoch: [47][  0/247]	Time 28.108 (28.108)	Data 27.981 (27.981)	Loss 1.0718e+01 (1.0718e+01)
Epoch: [47][ 20/247]	Time  0.087 ( 1.419)	Data  0.000 ( 1.333)	Loss 1.0725e+01 (1.0744e+01)
Epoch: [47][ 40/247]	Time  0.082 ( 0.769)	Data  0.000 ( 0.683)	Loss 1.0672e+01 (1.0746e+01)
Epoch: [47][ 60/247]	Time  0.086 ( 0.546)	Data  0.000 ( 0.459)	Loss 1.0795e+01 (1.0742e+01)
Epoch: [47][ 80/247]	Time  0.087 ( 0.432)	Data  0.000 ( 0.346)	Loss 1.0735e+01 (1.0742e+01)
Epoch: [47][100/247]	Time  0.087 ( 0.364)	Data  0.000 ( 0.277)	Loss 1.0693e+01 (1.0738e+01)
Epoch: [47][120/247]	Time  0.085 ( 0.318)	Data  0.000 ( 0.232)	Loss 1.0699e+01 (1.0735e+01)
Epoch: [47][140/247]	Time  0.080 ( 0.284)	Data  0.000 ( 0.199)	Loss 1.0812e+01 (1.0741e+01)
Epoch: [47][160/247]	Time  0.077 ( 0.259)	Data  0.000 ( 0.174)	Loss 1.0750e+01 (1.0740e+01)
Epoch: [47][180/247]	Time  0.083 ( 0.240)	Data  0.000 ( 0.155)	Loss 1.0644e+01 (1.0737e+01)
Epoch: [47][200/247]	Time  0.093 ( 0.224)	Data  0.000 ( 0.140)	Loss 1.0722e+01 (1.0735e+01)
Epoch: [47][220/247]	Time  0.085 ( 0.212)	Data  0.000 ( 0.127)	Loss 1.0882e+01 (1.0736e+01)
Epoch: [47][240/247]	Time  0.074 ( 0.201)	Data  0.000 ( 0.116)	Loss 1.0852e+01 (1.0737e+01)
Epoch: [48][  0/247]	Time 27.856 (27.856)	Data 27.750 (27.750)	Loss 1.0829e+01 (1.0829e+01)
Epoch: [48][ 20/247]	Time  0.067 ( 1.395)	Data  0.000 ( 1.322)	Loss 1.0761e+01 (1.0741e+01)
Epoch: [48][ 40/247]	Time  0.087 ( 0.756)	Data  0.000 ( 0.681)	Loss 1.0692e+01 (1.0740e+01)
Epoch: [48][ 60/247]	Time  0.090 ( 0.536)	Data  0.000 ( 0.458)	Loss 1.0713e+01 (1.0745e+01)
Epoch: [48][ 80/247]	Time  0.082 ( 0.425)	Data  0.000 ( 0.345)	Loss 1.0767e+01 (1.0745e+01)
Epoch: [48][100/247]	Time  0.090 ( 0.358)	Data  0.000 ( 0.277)	Loss 1.0777e+01 (1.0742e+01)
Epoch: [48][120/247]	Time  0.081 ( 0.313)	Data  0.000 ( 0.231)	Loss 1.0814e+01 (1.0740e+01)
Epoch: [48][140/247]	Time  0.079 ( 0.281)	Data  0.000 ( 0.198)	Loss 1.0848e+01 (1.0743e+01)
Epoch: [48][160/247]	Time  0.088 ( 0.256)	Data  0.000 ( 0.174)	Loss 1.0847e+01 (1.0739e+01)
Epoch: [48][180/247]	Time  0.087 ( 0.238)	Data  0.000 ( 0.155)	Loss 1.0685e+01 (1.0738e+01)
Epoch: [48][200/247]	Time  0.091 ( 0.223)	Data  0.000 ( 0.139)	Loss 1.0665e+01 (1.0738e+01)
Epoch: [48][220/247]	Time  0.088 ( 0.210)	Data  0.000 ( 0.127)	Loss 1.0900e+01 (1.0740e+01)
Epoch: [48][240/247]	Time  0.075 ( 0.200)	Data  0.000 ( 0.116)	Loss 1.0724e+01 (1.0739e+01)
Epoch: [49][  0/247]	Time 28.077 (28.077)	Data 27.977 (27.977)	Loss 1.0697e+01 (1.0697e+01)
Epoch: [49][ 20/247]	Time  0.086 ( 1.418)	Data  0.000 ( 1.335)	Loss 1.0779e+01 (1.0731e+01)
Epoch: [49][ 40/247]	Time  0.087 ( 0.769)	Data  0.000 ( 0.684)	Loss 1.0651e+01 (1.0715e+01)
Epoch: [49][ 60/247]	Time  0.086 ( 0.545)	Data  0.000 ( 0.460)	Loss 1.0705e+01 (1.0718e+01)
Epoch: [49][ 80/247]	Time  0.082 ( 0.432)	Data  0.000 ( 0.346)	Loss 1.0720e+01 (1.0720e+01)
Epoch: [49][100/247]	Time  0.085 ( 0.363)	Data  0.000 ( 0.278)	Loss 1.0722e+01 (1.0716e+01)
Epoch: [49][120/247]	Time  0.086 ( 0.318)	Data  0.000 ( 0.232)	Loss 1.0749e+01 (1.0717e+01)
Epoch: [49][140/247]	Time  0.084 ( 0.285)	Data  0.000 ( 0.199)	Loss 1.0710e+01 (1.0720e+01)
Epoch: [49][160/247]	Time  0.085 ( 0.260)	Data  0.000 ( 0.174)	Loss 1.0813e+01 (1.0722e+01)
Epoch: [49][180/247]	Time  0.082 ( 0.241)	Data  0.000 ( 0.155)	Loss 1.0789e+01 (1.0725e+01)
Epoch: [49][200/247]	Time  0.089 ( 0.226)	Data  0.000 ( 0.140)	Loss 1.0639e+01 (1.0725e+01)
Epoch: [49][220/247]	Time  0.086 ( 0.213)	Data  0.000 ( 0.127)	Loss 1.0847e+01 (1.0725e+01)
Epoch: [49][240/247]	Time  0.074 ( 0.202)	Data  0.000 ( 0.117)	Loss 1.0703e+01 (1.0727e+01)
Epoch: [50][  0/247]	Time 27.979 (27.979)	Data 27.861 (27.861)	Loss 1.0680e+01 (1.0680e+01)
Epoch: [50][ 20/247]	Time  0.087 ( 1.413)	Data  0.000 ( 1.327)	Loss 1.0747e+01 (1.0740e+01)
Epoch: [50][ 40/247]	Time  0.081 ( 0.766)	Data  0.000 ( 0.680)	Loss 1.0691e+01 (1.0733e+01)
Epoch: [50][ 60/247]	Time  0.084 ( 0.545)	Data  0.000 ( 0.457)	Loss 1.0754e+01 (1.0731e+01)
Epoch: [50][ 80/247]	Time  0.088 ( 0.432)	Data  0.000 ( 0.344)	Loss 1.0790e+01 (1.0733e+01)
Epoch: [50][100/247]	Time  0.087 ( 0.364)	Data  0.000 ( 0.276)	Loss 1.0642e+01 (1.0734e+01)
Epoch: [50][120/247]	Time  0.085 ( 0.318)	Data  0.000 ( 0.231)	Loss 1.0678e+01 (1.0738e+01)
Epoch: [50][140/247]	Time  0.091 ( 0.285)	Data  0.000 ( 0.198)	Loss 1.0750e+01 (1.0738e+01)
Epoch: [50][160/247]	Time  0.088 ( 0.261)	Data  0.000 ( 0.173)	Loss 1.0777e+01 (1.0736e+01)
Epoch: [50][180/247]	Time  0.087 ( 0.242)	Data  0.000 ( 0.154)	Loss 1.0768e+01 (1.0736e+01)
Epoch: [50][200/247]	Time  0.087 ( 0.226)	Data  0.000 ( 0.139)	Loss 1.0696e+01 (1.0733e+01)
Epoch: [50][220/247]	Time  0.084 ( 0.214)	Data  0.000 ( 0.126)	Loss 1.0781e+01 (1.0731e+01)
Epoch: [50][240/247]	Time  0.073 ( 0.202)	Data  0.000 ( 0.116)	Loss 1.0755e+01 (1.0729e+01)
Epoch: [51][  0/247]	Time 28.134 (28.134)	Data 28.019 (28.019)	Loss 1.0674e+01 (1.0674e+01)
Epoch: [51][ 20/247]	Time  0.082 ( 1.422)	Data  0.000 ( 1.335)	Loss 1.0833e+01 (1.0723e+01)
Epoch: [51][ 40/247]	Time  0.087 ( 0.767)	Data  0.000 ( 0.684)	Loss 1.0628e+01 (1.0715e+01)
Epoch: [51][ 60/247]	Time  0.085 ( 0.544)	Data  0.000 ( 0.460)	Loss 1.0729e+01 (1.0721e+01)
Epoch: [51][ 80/247]	Time  0.083 ( 0.431)	Data  0.000 ( 0.346)	Loss 1.0680e+01 (1.0720e+01)
Epoch: [51][100/247]	Time  0.089 ( 0.362)	Data  0.000 ( 0.278)	Loss 1.0664e+01 (1.0729e+01)
Epoch: [51][120/247]	Time  0.085 ( 0.317)	Data  0.000 ( 0.232)	Loss 1.0784e+01 (1.0733e+01)
Epoch: [51][140/247]	Time  0.088 ( 0.284)	Data  0.000 ( 0.199)	Loss 1.0717e+01 (1.0732e+01)
Epoch: [51][160/247]	Time  0.087 ( 0.259)	Data  0.000 ( 0.174)	Loss 1.0720e+01 (1.0734e+01)
Epoch: [51][180/247]	Time  0.084 ( 0.240)	Data  0.000 ( 0.155)	Loss 1.0795e+01 (1.0732e+01)
Epoch: [51][200/247]	Time  0.086 ( 0.225)	Data  0.000 ( 0.140)	Loss 1.0744e+01 (1.0732e+01)
Epoch: [51][220/247]	Time  0.085 ( 0.213)	Data  0.000 ( 0.127)	Loss 1.0789e+01 (1.0732e+01)
Epoch: [51][240/247]	Time  0.072 ( 0.202)	Data  0.000 ( 0.117)	Loss 1.0626e+01 (1.0732e+01)
Epoch: [52][  0/247]	Time 28.263 (28.263)	Data 28.134 (28.134)	Loss 1.0779e+01 (1.0779e+01)
Epoch: [52][ 20/247]	Time  0.087 ( 1.432)	Data  0.000 ( 1.340)	Loss 1.0802e+01 (1.0738e+01)
Epoch: [52][ 40/247]	Time  0.080 ( 0.774)	Data  0.000 ( 0.687)	Loss 1.0812e+01 (1.0737e+01)
Epoch: [52][ 60/247]	Time  0.093 ( 0.547)	Data  0.000 ( 0.462)	Loss 1.0633e+01 (1.0733e+01)
Epoch: [52][ 80/247]	Time  0.086 ( 0.433)	Data  0.000 ( 0.348)	Loss 1.0695e+01 (1.0734e+01)
Epoch: [52][100/247]	Time  0.086 ( 0.364)	Data  0.000 ( 0.279)	Loss 1.0821e+01 (1.0728e+01)
Epoch: [52][120/247]	Time  0.087 ( 0.319)	Data  0.000 ( 0.233)	Loss 1.0733e+01 (1.0731e+01)
Epoch: [52][140/247]	Time  0.084 ( 0.286)	Data  0.000 ( 0.200)	Loss 1.0672e+01 (1.0732e+01)
Epoch: [52][160/247]	Time  0.088 ( 0.261)	Data  0.000 ( 0.175)	Loss 1.0789e+01 (1.0731e+01)
Epoch: [52][180/247]	Time  0.085 ( 0.242)	Data  0.000 ( 0.156)	Loss 1.0757e+01 (1.0730e+01)
Epoch: [52][200/247]	Time  0.087 ( 0.226)	Data  0.000 ( 0.140)	Loss 1.0564e+01 (1.0731e+01)
Epoch: [52][220/247]	Time  0.084 ( 0.214)	Data  0.000 ( 0.128)	Loss 1.0704e+01 (1.0730e+01)
Epoch: [52][240/247]	Time  0.074 ( 0.203)	Data  0.000 ( 0.117)	Loss 1.0741e+01 (1.0728e+01)
Epoch: [53][  0/247]	Time 27.960 (27.960)	Data 27.857 (27.857)	Loss 1.0838e+01 (1.0838e+01)
Epoch: [53][ 20/247]	Time  0.086 ( 1.412)	Data  0.000 ( 1.327)	Loss 1.0750e+01 (1.0728e+01)
Epoch: [53][ 40/247]	Time  0.082 ( 0.765)	Data  0.000 ( 0.680)	Loss 1.0720e+01 (1.0731e+01)
Epoch: [53][ 60/247]	Time  0.084 ( 0.542)	Data  0.000 ( 0.457)	Loss 1.0709e+01 (1.0732e+01)
Epoch: [53][ 80/247]	Time  0.083 ( 0.430)	Data  0.000 ( 0.344)	Loss 1.0565e+01 (1.0727e+01)
Epoch: [53][100/247]	Time  0.093 ( 0.362)	Data  0.000 ( 0.276)	Loss 1.0719e+01 (1.0731e+01)
Epoch: [53][120/247]	Time  0.088 ( 0.317)	Data  0.000 ( 0.231)	Loss 1.0763e+01 (1.0729e+01)
Epoch: [53][140/247]	Time  0.081 ( 0.284)	Data  0.000 ( 0.198)	Loss 1.0597e+01 (1.0729e+01)
Epoch: [53][160/247]	Time  0.095 ( 0.260)	Data  0.000 ( 0.173)	Loss 1.0891e+01 (1.0729e+01)
Epoch: [53][180/247]	Time  0.087 ( 0.241)	Data  0.000 ( 0.154)	Loss 1.0688e+01 (1.0731e+01)
Epoch: [53][200/247]	Time  0.086 ( 0.225)	Data  0.000 ( 0.139)	Loss 1.0720e+01 (1.0730e+01)
Epoch: [53][220/247]	Time  0.085 ( 0.213)	Data  0.000 ( 0.126)	Loss 1.0838e+01 (1.0728e+01)
Epoch: [53][240/247]	Time  0.076 ( 0.202)	Data  0.000 ( 0.116)	Loss 1.0709e+01 (1.0727e+01)
Epoch: [54][  0/247]	Time 27.770 (27.770)	Data 27.650 (27.650)	Loss 1.0669e+01 (1.0669e+01)
Epoch: [54][ 20/247]	Time  0.078 ( 1.402)	Data  0.000 ( 1.317)	Loss 1.0717e+01 (1.0718e+01)
Epoch: [54][ 40/247]	Time  0.076 ( 0.759)	Data  0.000 ( 0.675)	Loss 1.0819e+01 (1.0723e+01)
Epoch: [54][ 60/247]	Time  0.092 ( 0.538)	Data  0.000 ( 0.454)	Loss 1.0557e+01 (1.0718e+01)
Epoch: [54][ 80/247]	Time  0.086 ( 0.426)	Data  0.000 ( 0.342)	Loss 1.0668e+01 (1.0720e+01)
Epoch: [54][100/247]	Time  0.088 ( 0.359)	Data  0.000 ( 0.274)	Loss 1.0791e+01 (1.0718e+01)
Epoch: [54][120/247]	Time  0.083 ( 0.313)	Data  0.000 ( 0.229)	Loss 1.0703e+01 (1.0715e+01)
Epoch: [54][140/247]	Time  0.087 ( 0.281)	Data  0.000 ( 0.196)	Loss 1.0718e+01 (1.0717e+01)
Epoch: [54][160/247]	Time  0.085 ( 0.257)	Data  0.000 ( 0.172)	Loss 1.0674e+01 (1.0716e+01)
Epoch: [54][180/247]	Time  0.071 ( 0.238)	Data  0.000 ( 0.153)	Loss 1.0710e+01 (1.0718e+01)
Epoch: [54][200/247]	Time  0.103 ( 0.223)	Data  0.000 ( 0.138)	Loss 1.0726e+01 (1.0721e+01)
Epoch: [54][220/247]	Time  0.085 ( 0.210)	Data  0.000 ( 0.125)	Loss 1.0817e+01 (1.0722e+01)
Epoch: [54][240/247]	Time  0.078 ( 0.200)	Data  0.000 ( 0.115)	Loss 1.0747e+01 (1.0723e+01)
Epoch: [55][  0/247]	Time 28.129 (28.129)	Data 28.019 (28.019)	Loss 1.0795e+01 (1.0795e+01)
Epoch: [55][ 20/247]	Time  0.085 ( 1.421)	Data  0.000 ( 1.335)	Loss 1.0770e+01 (1.0722e+01)
Epoch: [55][ 40/247]	Time  0.081 ( 0.769)	Data  0.000 ( 0.684)	Loss 1.0586e+01 (1.0702e+01)
Epoch: [55][ 60/247]	Time  0.084 ( 0.547)	Data  0.000 ( 0.460)	Loss 1.0714e+01 (1.0703e+01)
Epoch: [55][ 80/247]	Time  0.083 ( 0.433)	Data  0.000 ( 0.346)	Loss 1.0691e+01 (1.0716e+01)
Epoch: [55][100/247]	Time  0.088 ( 0.366)	Data  0.000 ( 0.278)	Loss 1.0780e+01 (1.0721e+01)
Epoch: [55][120/247]	Time  0.068 ( 0.319)	Data  0.000 ( 0.232)	Loss 1.0678e+01 (1.0715e+01)
Epoch: [55][140/247]	Time  0.087 ( 0.286)	Data  0.000 ( 0.199)	Loss 1.0651e+01 (1.0717e+01)
Epoch: [55][160/247]	Time  0.089 ( 0.261)	Data  0.000 ( 0.174)	Loss 1.0578e+01 (1.0715e+01)
Epoch: [55][180/247]	Time  0.089 ( 0.242)	Data  0.000 ( 0.155)	Loss 1.0672e+01 (1.0715e+01)
Epoch: [55][200/247]	Time  0.086 ( 0.226)	Data  0.000 ( 0.140)	Loss 1.0796e+01 (1.0717e+01)
Epoch: [55][220/247]	Time  0.132 ( 0.214)	Data  0.000 ( 0.127)	Loss 1.0682e+01 (1.0716e+01)
Epoch: [55][240/247]	Time  0.075 ( 0.203)	Data  0.000 ( 0.117)	Loss 1.0635e+01 (1.0716e+01)
Epoch: [56][  0/247]	Time 27.921 (27.921)	Data 27.817 (27.817)	Loss 1.0737e+01 (1.0737e+01)
Epoch: [56][ 20/247]	Time  0.088 ( 1.414)	Data  0.000 ( 1.325)	Loss 1.0812e+01 (1.0724e+01)
Epoch: [56][ 40/247]	Time  0.083 ( 0.766)	Data  0.000 ( 0.679)	Loss 1.0804e+01 (1.0711e+01)
Epoch: [56][ 60/247]	Time  0.084 ( 0.541)	Data  0.000 ( 0.456)	Loss 1.0650e+01 (1.0720e+01)
Epoch: [56][ 80/247]	Time  0.080 ( 0.428)	Data  0.000 ( 0.344)	Loss 1.0822e+01 (1.0723e+01)
Epoch: [56][100/247]	Time  0.085 ( 0.362)	Data  0.000 ( 0.276)	Loss 1.0679e+01 (1.0722e+01)
Epoch: [56][120/247]	Time  0.093 ( 0.316)	Data  0.000 ( 0.230)	Loss 1.0820e+01 (1.0723e+01)
Epoch: [56][140/247]	Time  0.084 ( 0.283)	Data  0.000 ( 0.198)	Loss 1.0734e+01 (1.0727e+01)
Epoch: [56][160/247]	Time  0.084 ( 0.259)	Data  0.000 ( 0.173)	Loss 1.0793e+01 (1.0729e+01)
Epoch: [56][180/247]	Time  0.085 ( 0.240)	Data  0.000 ( 0.154)	Loss 1.0786e+01 (1.0726e+01)
Epoch: [56][200/247]	Time  0.086 ( 0.225)	Data  0.000 ( 0.139)	Loss 1.0859e+01 (1.0728e+01)
Epoch: [56][220/247]	Time  0.080 ( 0.212)	Data  0.000 ( 0.126)	Loss 1.0591e+01 (1.0730e+01)
Epoch: [56][240/247]	Time  0.072 ( 0.201)	Data  0.000 ( 0.116)	Loss 1.0618e+01 (1.0729e+01)
Epoch: [57][  0/247]	Time 27.962 (27.962)	Data 27.834 (27.834)	Loss 1.0758e+01 (1.0758e+01)
Epoch: [57][ 20/247]	Time  0.096 ( 1.414)	Data  0.000 ( 1.326)	Loss 1.0787e+01 (1.0723e+01)
Epoch: [57][ 40/247]	Time  0.082 ( 0.767)	Data  0.000 ( 0.679)	Loss 1.0622e+01 (1.0719e+01)
Epoch: [57][ 60/247]	Time  0.089 ( 0.544)	Data  0.000 ( 0.457)	Loss 1.0645e+01 (1.0717e+01)
Epoch: [57][ 80/247]	Time  0.076 ( 0.430)	Data  0.000 ( 0.344)	Loss 1.0861e+01 (1.0719e+01)
Epoch: [57][100/247]	Time  0.084 ( 0.362)	Data  0.000 ( 0.276)	Loss 1.0760e+01 (1.0719e+01)
Epoch: [57][120/247]	Time  0.092 ( 0.317)	Data  0.000 ( 0.230)	Loss 1.0677e+01 (1.0714e+01)
Epoch: [57][140/247]	Time  0.092 ( 0.284)	Data  0.000 ( 0.198)	Loss 1.0709e+01 (1.0716e+01)
Epoch: [57][160/247]	Time  0.087 ( 0.259)	Data  0.000 ( 0.173)	Loss 1.0714e+01 (1.0716e+01)
Epoch: [57][180/247]	Time  0.086 ( 0.240)	Data  0.000 ( 0.154)	Loss 1.0801e+01 (1.0718e+01)
Epoch: [57][200/247]	Time  0.086 ( 0.225)	Data  0.000 ( 0.139)	Loss 1.0843e+01 (1.0723e+01)
Epoch: [57][220/247]	Time  0.086 ( 0.212)	Data  0.001 ( 0.126)	Loss 1.0738e+01 (1.0722e+01)
Epoch: [57][240/247]	Time  0.073 ( 0.202)	Data  0.000 ( 0.116)	Loss 1.0763e+01 (1.0723e+01)
Epoch: [58][  0/247]	Time 27.912 (27.912)	Data 27.807 (27.807)	Loss 1.0695e+01 (1.0695e+01)
Epoch: [58][ 20/247]	Time  0.087 ( 1.412)	Data  0.000 ( 1.324)	Loss 1.0728e+01 (1.0694e+01)
Epoch: [58][ 40/247]	Time  0.115 ( 0.767)	Data  0.000 ( 0.679)	Loss 1.0692e+01 (1.0715e+01)
Epoch: [58][ 60/247]	Time  0.084 ( 0.545)	Data  0.000 ( 0.456)	Loss 1.0693e+01 (1.0710e+01)
Epoch: [58][ 80/247]	Time  0.086 ( 0.432)	Data  0.000 ( 0.344)	Loss 1.0795e+01 (1.0711e+01)
Epoch: [58][100/247]	Time  0.085 ( 0.363)	Data  0.000 ( 0.276)	Loss 1.0762e+01 (1.0710e+01)
Epoch: [58][120/247]	Time  0.092 ( 0.318)	Data  0.000 ( 0.230)	Loss 1.0712e+01 (1.0708e+01)
Epoch: [58][140/247]	Time  0.083 ( 0.285)	Data  0.000 ( 0.198)	Loss 1.0765e+01 (1.0710e+01)
Epoch: [58][160/247]	Time  0.091 ( 0.260)	Data  0.000 ( 0.173)	Loss 1.0779e+01 (1.0714e+01)
Epoch: [58][180/247]	Time  0.087 ( 0.241)	Data  0.000 ( 0.154)	Loss 1.0573e+01 (1.0714e+01)
Epoch: [58][200/247]	Time  0.086 ( 0.226)	Data  0.000 ( 0.139)	Loss 1.0738e+01 (1.0714e+01)
Epoch: [58][220/247]	Time  0.088 ( 0.213)	Data  0.000 ( 0.126)	Loss 1.0768e+01 (1.0716e+01)
Epoch: [58][240/247]	Time  0.076 ( 0.202)	Data  0.000 ( 0.116)	Loss 1.0786e+01 (1.0718e+01)
Epoch: [59][  0/247]	Time 27.809 (27.809)	Data 27.673 (27.673)	Loss 1.0656e+01 (1.0656e+01)
Epoch: [59][ 20/247]	Time  0.084 ( 1.406)	Data  0.000 ( 1.318)	Loss 1.0757e+01 (1.0720e+01)
Epoch: [59][ 40/247]	Time  0.077 ( 0.761)	Data  0.000 ( 0.675)	Loss 1.0785e+01 (1.0735e+01)
Epoch: [59][ 60/247]	Time  0.075 ( 0.537)	Data  0.000 ( 0.454)	Loss 1.0710e+01 (1.0723e+01)
Epoch: [59][ 80/247]	Time  0.077 ( 0.424)	Data  0.000 ( 0.342)	Loss 1.0782e+01 (1.0723e+01)
Epoch: [59][100/247]	Time  0.084 ( 0.356)	Data  0.000 ( 0.275)	Loss 1.0552e+01 (1.0724e+01)
Epoch: [59][120/247]	Time  0.088 ( 0.312)	Data  0.000 ( 0.231)	Loss 1.0742e+01 (1.0724e+01)
Epoch: [59][140/247]	Time  0.086 ( 0.280)	Data  0.000 ( 0.198)	Loss 1.0682e+01 (1.0723e+01)
Epoch: [59][160/247]	Time  0.065 ( 0.255)	Data  0.000 ( 0.173)	Loss 1.0631e+01 (1.0721e+01)
Epoch: [59][180/247]	Time  0.087 ( 0.237)	Data  0.000 ( 0.154)	Loss 1.0541e+01 (1.0722e+01)
Epoch: [59][200/247]	Time  0.085 ( 0.221)	Data  0.000 ( 0.139)	Loss 1.0777e+01 (1.0724e+01)
Epoch: [59][220/247]	Time  0.082 ( 0.209)	Data  0.000 ( 0.126)	Loss 1.0695e+01 (1.0725e+01)
Epoch: [59][240/247]	Time  0.076 ( 0.199)	Data  0.000 ( 0.116)	Loss 1.0681e+01 (1.0724e+01)
Epoch: [60][  0/247]	Time 28.046 (28.046)	Data 27.939 (27.939)	Loss 1.0664e+01 (1.0664e+01)
Epoch: [60][ 20/247]	Time  0.086 ( 1.423)	Data  0.000 ( 1.331)	Loss 1.0757e+01 (1.0721e+01)
Epoch: [60][ 40/247]	Time  0.082 ( 0.771)	Data  0.000 ( 0.682)	Loss 1.0669e+01 (1.0713e+01)
Epoch: [60][ 60/247]	Time  0.090 ( 0.547)	Data  0.000 ( 0.458)	Loss 1.0732e+01 (1.0712e+01)
Epoch: [60][ 80/247]	Time  0.088 ( 0.434)	Data  0.000 ( 0.345)	Loss 1.0780e+01 (1.0713e+01)
Epoch: [60][100/247]	Time  0.088 ( 0.365)	Data  0.000 ( 0.277)	Loss 1.0741e+01 (1.0716e+01)
Epoch: [60][120/247]	Time  0.071 ( 0.316)	Data  0.000 ( 0.231)	Loss 1.0728e+01 (1.0718e+01)
Epoch: [60][140/247]	Time  0.070 ( 0.281)	Data  0.000 ( 0.198)	Loss 1.0745e+01 (1.0720e+01)
Epoch: [60][160/247]	Time  0.119 ( 0.255)	Data  0.045 ( 0.174)	Loss 1.0744e+01 (1.0720e+01)
Epoch: [60][180/247]	Time  0.090 ( 0.237)	Data  0.000 ( 0.156)	Loss 1.0722e+01 (1.0723e+01)
Epoch: [60][200/247]	Time  0.069 ( 0.221)	Data  0.000 ( 0.140)	Loss 1.0650e+01 (1.0723e+01)
Epoch: [60][220/247]	Time  0.068 ( 0.208)	Data  0.000 ( 0.128)	Loss 1.0666e+01 (1.0722e+01)
Epoch: [60][240/247]	Time  0.066 ( 0.197)	Data  0.000 ( 0.118)	Loss 1.0729e+01 (1.0723e+01)
Epoch: [61][  0/247]	Time 27.951 (27.951)	Data 27.810 (27.810)	Loss 1.0829e+01 (1.0829e+01)
Epoch: [61][ 20/247]	Time  0.085 ( 1.412)	Data  0.000 ( 1.325)	Loss 1.0687e+01 (1.0712e+01)
Epoch: [61][ 40/247]	Time  0.083 ( 0.765)	Data  0.000 ( 0.679)	Loss 1.0622e+01 (1.0710e+01)
Epoch: [61][ 60/247]	Time  0.089 ( 0.543)	Data  0.000 ( 0.456)	Loss 1.0771e+01 (1.0725e+01)
Epoch: [61][ 80/247]	Time  0.083 ( 0.430)	Data  0.000 ( 0.344)	Loss 1.0679e+01 (1.0721e+01)
Epoch: [61][100/247]	Time  0.086 ( 0.362)	Data  0.000 ( 0.276)	Loss 1.0747e+01 (1.0728e+01)
Epoch: [61][120/247]	Time  0.085 ( 0.317)	Data  0.000 ( 0.230)	Loss 1.0652e+01 (1.0727e+01)
Epoch: [61][140/247]	Time  0.089 ( 0.284)	Data  0.000 ( 0.198)	Loss 1.0710e+01 (1.0727e+01)
Epoch: [61][160/247]	Time  0.088 ( 0.261)	Data  0.000 ( 0.173)	Loss 1.0747e+01 (1.0729e+01)
Epoch: [61][180/247]	Time  0.090 ( 0.242)	Data  0.000 ( 0.154)	Loss 1.0711e+01 (1.0729e+01)
Epoch: [61][200/247]	Time  0.088 ( 0.226)	Data  0.000 ( 0.139)	Loss 1.0809e+01 (1.0730e+01)
Epoch: [61][220/247]	Time  0.086 ( 0.214)	Data  0.000 ( 0.126)	Loss 1.0760e+01 (1.0731e+01)
Epoch: [61][240/247]	Time  0.076 ( 0.203)	Data  0.000 ( 0.116)	Loss 1.0653e+01 (1.0730e+01)
Epoch: [62][  0/247]	Time 27.991 (27.991)	Data 27.889 (27.889)	Loss 1.0699e+01 (1.0699e+01)
Epoch: [62][ 20/247]	Time  0.099 ( 1.416)	Data  0.000 ( 1.328)	Loss 1.0630e+01 (1.0735e+01)
Epoch: [62][ 40/247]	Time  0.083 ( 0.767)	Data  0.000 ( 0.680)	Loss 1.0761e+01 (1.0731e+01)
Epoch: [62][ 60/247]	Time  0.075 ( 0.543)	Data  0.000 ( 0.457)	Loss 1.0737e+01 (1.0728e+01)
Epoch: [62][ 80/247]	Time  0.092 ( 0.431)	Data  0.000 ( 0.345)	Loss 1.0713e+01 (1.0727e+01)
Epoch: [62][100/247]	Time  0.088 ( 0.363)	Data  0.000 ( 0.276)	Loss 1.0807e+01 (1.0727e+01)
Epoch: [62][120/247]	Time  0.087 ( 0.317)	Data  0.000 ( 0.231)	Loss 1.0773e+01 (1.0727e+01)
Epoch: [62][140/247]	Time  0.083 ( 0.284)	Data  0.000 ( 0.198)	Loss 1.0637e+01 (1.0729e+01)
Epoch: [62][160/247]	Time  0.088 ( 0.260)	Data  0.000 ( 0.174)	Loss 1.0718e+01 (1.0733e+01)
Epoch: [62][180/247]	Time  0.095 ( 0.241)	Data  0.000 ( 0.154)	Loss 1.0594e+01 (1.0734e+01)
Epoch: [62][200/247]	Time  0.085 ( 0.226)	Data  0.000 ( 0.139)	Loss 1.0606e+01 (1.0734e+01)
Epoch: [62][220/247]	Time  0.084 ( 0.213)	Data  0.000 ( 0.126)	Loss 1.0778e+01 (1.0736e+01)
Epoch: [62][240/247]	Time  0.074 ( 0.202)	Data  0.000 ( 0.116)	Loss 1.0720e+01 (1.0737e+01)
Epoch: [63][  0/247]	Time 27.965 (27.965)	Data 27.853 (27.853)	Loss 1.0793e+01 (1.0793e+01)
Epoch: [63][ 20/247]	Time  0.071 ( 1.412)	Data  0.000 ( 1.327)	Loss 1.0818e+01 (1.0753e+01)
Epoch: [63][ 40/247]	Time  0.081 ( 0.766)	Data  0.000 ( 0.680)	Loss 1.0691e+01 (1.0750e+01)
Epoch: [63][ 60/247]	Time  0.084 ( 0.543)	Data  0.000 ( 0.457)	Loss 1.0779e+01 (1.0751e+01)
Epoch: [63][ 80/247]	Time  0.090 ( 0.430)	Data  0.000 ( 0.344)	Loss 1.0686e+01 (1.0745e+01)
Epoch: [63][100/247]	Time  0.085 ( 0.363)	Data  0.000 ( 0.276)	Loss 1.0794e+01 (1.0745e+01)
Epoch: [63][120/247]	Time  0.088 ( 0.317)	Data  0.000 ( 0.230)	Loss 1.0727e+01 (1.0747e+01)
Epoch: [63][140/247]	Time  0.084 ( 0.285)	Data  0.000 ( 0.198)	Loss 1.0743e+01 (1.0746e+01)
Epoch: [63][160/247]	Time  0.085 ( 0.260)	Data  0.000 ( 0.173)	Loss 1.0804e+01 (1.0744e+01)
Epoch: [63][180/247]	Time  0.082 ( 0.241)	Data  0.000 ( 0.154)	Loss 1.0806e+01 (1.0743e+01)
Epoch: [63][200/247]	Time  0.090 ( 0.225)	Data  0.000 ( 0.139)	Loss 1.0753e+01 (1.0742e+01)
Epoch: [63][220/247]	Time  0.087 ( 0.213)	Data  0.001 ( 0.126)	Loss 1.0586e+01 (1.0741e+01)
Epoch: [63][240/247]	Time  0.076 ( 0.202)	Data  0.000 ( 0.116)	Loss 1.0686e+01 (1.0740e+01)
Epoch: [64][  0/247]	Time 27.761 (27.761)	Data 27.646 (27.646)	Loss 1.0640e+01 (1.0640e+01)
Epoch: [64][ 20/247]	Time  0.078 ( 1.404)	Data  0.000 ( 1.317)	Loss 1.0797e+01 (1.0758e+01)
Epoch: [64][ 40/247]	Time  0.083 ( 0.760)	Data  0.000 ( 0.675)	Loss 1.0809e+01 (1.0749e+01)
Epoch: [64][ 60/247]	Time  0.089 ( 0.540)	Data  0.000 ( 0.454)	Loss 1.0630e+01 (1.0746e+01)
Epoch: [64][ 80/247]	Time  0.093 ( 0.428)	Data  0.000 ( 0.342)	Loss 1.0714e+01 (1.0734e+01)
Epoch: [64][100/247]	Time  0.091 ( 0.361)	Data  0.000 ( 0.274)	Loss 1.0548e+01 (1.0730e+01)
Epoch: [64][120/247]	Time  0.087 ( 0.316)	Data  0.000 ( 0.229)	Loss 1.0683e+01 (1.0728e+01)
Epoch: [64][140/247]	Time  0.087 ( 0.283)	Data  0.000 ( 0.196)	Loss 1.0808e+01 (1.0726e+01)
Epoch: [64][160/247]	Time  0.096 ( 0.259)	Data  0.000 ( 0.172)	Loss 1.0844e+01 (1.0727e+01)
Epoch: [64][180/247]	Time  0.090 ( 0.241)	Data  0.000 ( 0.153)	Loss 1.0649e+01 (1.0728e+01)
Epoch: [64][200/247]	Time  0.083 ( 0.225)	Data  0.000 ( 0.138)	Loss 1.0646e+01 (1.0727e+01)
Epoch: [64][220/247]	Time  0.084 ( 0.212)	Data  0.000 ( 0.125)	Loss 1.0707e+01 (1.0724e+01)
Epoch: [64][240/247]	Time  0.076 ( 0.202)	Data  0.000 ( 0.115)	Loss 1.0809e+01 (1.0728e+01)
Epoch: [65][  0/247]	Time 27.710 (27.710)	Data 27.591 (27.591)	Loss 1.0648e+01 (1.0648e+01)
Epoch: [65][ 20/247]	Time  0.083 ( 1.406)	Data  0.000 ( 1.317)	Loss 1.0840e+01 (1.0719e+01)
Epoch: [65][ 40/247]	Time  0.084 ( 0.764)	Data  0.000 ( 0.675)	Loss 1.0672e+01 (1.0725e+01)
Epoch: [65][ 60/247]	Time  0.083 ( 0.540)	Data  0.000 ( 0.454)	Loss 1.0649e+01 (1.0726e+01)
Epoch: [65][ 80/247]	Time  0.089 ( 0.428)	Data  0.000 ( 0.342)	Loss 1.0744e+01 (1.0726e+01)
Epoch: [65][100/247]	Time  0.086 ( 0.361)	Data  0.000 ( 0.274)	Loss 1.0743e+01 (1.0729e+01)
Epoch: [65][120/247]	Time  0.088 ( 0.315)	Data  0.000 ( 0.229)	Loss 1.0668e+01 (1.0732e+01)
Epoch: [65][140/247]	Time  0.075 ( 0.282)	Data  0.000 ( 0.196)	Loss 1.0807e+01 (1.0730e+01)
Epoch: [65][160/247]	Time  0.084 ( 0.257)	Data  0.000 ( 0.172)	Loss 1.0625e+01 (1.0731e+01)
Epoch: [65][180/247]	Time  0.082 ( 0.238)	Data  0.000 ( 0.153)	Loss 1.0789e+01 (1.0731e+01)
Epoch: [65][200/247]	Time  0.077 ( 0.223)	Data  0.000 ( 0.138)	Loss 1.0614e+01 (1.0731e+01)
Epoch: [65][220/247]	Time  0.080 ( 0.210)	Data  0.000 ( 0.125)	Loss 1.0635e+01 (1.0728e+01)
Epoch: [65][240/247]	Time  0.072 ( 0.199)	Data  0.000 ( 0.115)	Loss 1.0742e+01 (1.0727e+01)
Epoch: [66][  0/247]	Time 28.140 (28.140)	Data 28.024 (28.024)	Loss 1.0750e+01 (1.0750e+01)
Epoch: [66][ 20/247]	Time  0.114 ( 1.422)	Data  0.000 ( 1.335)	Loss 1.0743e+01 (1.0730e+01)
Epoch: [66][ 40/247]	Time  0.094 ( 0.772)	Data  0.000 ( 0.684)	Loss 1.0725e+01 (1.0737e+01)
Epoch: [66][ 60/247]	Time  0.092 ( 0.547)	Data  0.000 ( 0.460)	Loss 1.0583e+01 (1.0731e+01)
Epoch: [66][ 80/247]	Time  0.092 ( 0.434)	Data  0.000 ( 0.346)	Loss 1.0711e+01 (1.0729e+01)
Epoch: [66][100/247]	Time  0.084 ( 0.365)	Data  0.000 ( 0.278)	Loss 1.0801e+01 (1.0729e+01)
Epoch: [66][120/247]	Time  0.089 ( 0.319)	Data  0.000 ( 0.232)	Loss 1.0751e+01 (1.0732e+01)
Epoch: [66][140/247]	Time  0.089 ( 0.286)	Data  0.000 ( 0.199)	Loss 1.0769e+01 (1.0736e+01)
Epoch: [66][160/247]	Time  0.086 ( 0.262)	Data  0.000 ( 0.174)	Loss 1.0788e+01 (1.0736e+01)
Epoch: [66][180/247]	Time  0.091 ( 0.242)	Data  0.000 ( 0.155)	Loss 1.0774e+01 (1.0736e+01)
Epoch: [66][200/247]	Time  0.087 ( 0.227)	Data  0.000 ( 0.140)	Loss 1.0896e+01 (1.0736e+01)
Epoch: [66][220/247]	Time  0.087 ( 0.214)	Data  0.000 ( 0.127)	Loss 1.0748e+01 (1.0736e+01)
Epoch: [66][240/247]	Time  0.075 ( 0.203)	Data  0.000 ( 0.117)	Loss 1.0707e+01 (1.0738e+01)
Epoch: [67][  0/247]	Time 27.954 (27.954)	Data 27.846 (27.846)	Loss 1.0859e+01 (1.0859e+01)
Epoch: [67][ 20/247]	Time  0.090 ( 1.418)	Data  0.000 ( 1.326)	Loss 1.0748e+01 (1.0719e+01)
Epoch: [67][ 40/247]	Time  0.084 ( 0.768)	Data  0.000 ( 0.679)	Loss 1.0769e+01 (1.0727e+01)
Epoch: [67][ 60/247]	Time  0.087 ( 0.544)	Data  0.000 ( 0.457)	Loss 1.0676e+01 (1.0723e+01)
Epoch: [67][ 80/247]	Time  0.084 ( 0.431)	Data  0.000 ( 0.344)	Loss 1.0632e+01 (1.0723e+01)
Epoch: [67][100/247]	Time  0.085 ( 0.363)	Data  0.000 ( 0.276)	Loss 1.0691e+01 (1.0724e+01)
Epoch: [67][120/247]	Time  0.087 ( 0.317)	Data  0.000 ( 0.230)	Loss 1.0720e+01 (1.0729e+01)
Epoch: [67][140/247]	Time  0.087 ( 0.284)	Data  0.000 ( 0.198)	Loss 1.0677e+01 (1.0734e+01)
Epoch: [67][160/247]	Time  0.084 ( 0.259)	Data  0.000 ( 0.173)	Loss 1.0719e+01 (1.0732e+01)
Epoch: [67][180/247]	Time  0.085 ( 0.240)	Data  0.000 ( 0.154)	Loss 1.0868e+01 (1.0730e+01)
Epoch: [67][200/247]	Time  0.089 ( 0.225)	Data  0.000 ( 0.139)	Loss 1.0691e+01 (1.0730e+01)
Epoch: [67][220/247]	Time  0.086 ( 0.212)	Data  0.000 ( 0.126)	Loss 1.0744e+01 (1.0731e+01)
Epoch: [67][240/247]	Time  0.076 ( 0.202)	Data  0.000 ( 0.116)	Loss 1.0708e+01 (1.0731e+01)
Epoch: [68][  0/247]	Time 28.103 (28.103)	Data 27.993 (27.993)	Loss 1.0769e+01 (1.0769e+01)
Epoch: [68][ 20/247]	Time  0.078 ( 1.419)	Data  0.000 ( 1.333)	Loss 1.0745e+01 (1.0727e+01)
Epoch: [68][ 40/247]	Time  0.083 ( 0.768)	Data  0.000 ( 0.683)	Loss 1.0673e+01 (1.0723e+01)
Epoch: [68][ 60/247]	Time  0.071 ( 0.545)	Data  0.000 ( 0.459)	Loss 1.0713e+01 (1.0714e+01)
Epoch: [68][ 80/247]	Time  0.072 ( 0.427)	Data  0.000 ( 0.346)	Loss 1.0703e+01 (1.0713e+01)
Epoch: [68][100/247]	Time  0.069 ( 0.358)	Data  0.000 ( 0.279)	Loss 1.0863e+01 (1.0717e+01)
Epoch: [68][120/247]	Time  0.135 ( 0.313)	Data  0.062 ( 0.235)	Loss 1.0705e+01 (1.0715e+01)
Epoch: [68][140/247]	Time  0.071 ( 0.281)	Data  0.000 ( 0.203)	Loss 1.0715e+01 (1.0715e+01)
Epoch: [68][160/247]	Time  0.095 ( 0.256)	Data  0.023 ( 0.179)	Loss 1.0684e+01 (1.0713e+01)
Epoch: [68][180/247]	Time  0.070 ( 0.237)	Data  0.000 ( 0.160)	Loss 1.0684e+01 (1.0712e+01)
Epoch: [68][200/247]	Time  0.122 ( 0.221)	Data  0.039 ( 0.145)	Loss 1.0671e+01 (1.0713e+01)
Epoch: [68][220/247]	Time  0.083 ( 0.209)	Data  0.000 ( 0.132)	Loss 1.0762e+01 (1.0713e+01)
Epoch: [68][240/247]	Time  0.074 ( 0.199)	Data  0.000 ( 0.121)	Loss 1.0731e+01 (1.0715e+01)
Epoch: [69][  0/247]	Time 27.946 (27.946)	Data 27.849 (27.849)	Loss 1.0735e+01 (1.0735e+01)
Epoch: [69][ 20/247]	Time  0.067 ( 1.409)	Data  0.000 ( 1.326)	Loss 1.0716e+01 (1.0707e+01)
Epoch: [69][ 40/247]	Time  0.184 ( 0.760)	Data  0.069 ( 0.683)	Loss 1.0638e+01 (1.0706e+01)
Epoch: [69][ 60/247]	Time  0.068 ( 0.537)	Data  0.000 ( 0.462)	Loss 1.0526e+01 (1.0702e+01)
Epoch: [69][ 80/247]	Time  0.179 ( 0.425)	Data  0.086 ( 0.350)	Loss 1.0721e+01 (1.0705e+01)
Epoch: [69][100/247]	Time  0.083 ( 0.358)	Data  0.000 ( 0.281)	Loss 1.0742e+01 (1.0710e+01)
Epoch: [69][120/247]	Time  0.084 ( 0.313)	Data  0.000 ( 0.235)	Loss 1.0674e+01 (1.0710e+01)
Epoch: [69][140/247]	Time  0.087 ( 0.281)	Data  0.000 ( 0.201)	Loss 1.0809e+01 (1.0711e+01)
Epoch: [69][160/247]	Time  0.087 ( 0.257)	Data  0.000 ( 0.176)	Loss 1.0758e+01 (1.0715e+01)
Epoch: [69][180/247]	Time  0.084 ( 0.238)	Data  0.000 ( 0.157)	Loss 1.0758e+01 (1.0717e+01)
Epoch: [69][200/247]	Time  0.086 ( 0.223)	Data  0.000 ( 0.141)	Loss 1.0829e+01 (1.0716e+01)
Epoch: [69][220/247]	Time  0.086 ( 0.211)	Data  0.000 ( 0.129)	Loss 1.0785e+01 (1.0716e+01)
Epoch: [69][240/247]	Time  0.077 ( 0.200)	Data  0.000 ( 0.118)	Loss 1.0778e+01 (1.0718e+01)
Epoch: [70][  0/247]	Time 28.123 (28.123)	Data 28.021 (28.021)	Loss 1.0842e+01 (1.0842e+01)
Epoch: [70][ 20/247]	Time  0.083 ( 1.417)	Data  0.000 ( 1.335)	Loss 1.0638e+01 (1.0729e+01)
Epoch: [70][ 40/247]	Time  0.086 ( 0.768)	Data  0.000 ( 0.684)	Loss 1.0793e+01 (1.0731e+01)
Epoch: [70][ 60/247]	Time  0.093 ( 0.545)	Data  0.000 ( 0.460)	Loss 1.0719e+01 (1.0725e+01)
Epoch: [70][ 80/247]	Time  0.076 ( 0.431)	Data  0.000 ( 0.346)	Loss 1.0600e+01 (1.0722e+01)
Epoch: [70][100/247]	Time  0.079 ( 0.361)	Data  0.000 ( 0.278)	Loss 1.0616e+01 (1.0725e+01)
Epoch: [70][120/247]	Time  0.080 ( 0.315)	Data  0.000 ( 0.232)	Loss 1.0719e+01 (1.0721e+01)
Epoch: [70][140/247]	Time  0.079 ( 0.282)	Data  0.000 ( 0.199)	Loss 1.0716e+01 (1.0719e+01)
Epoch: [70][160/247]	Time  0.077 ( 0.258)	Data  0.000 ( 0.176)	Loss 1.0778e+01 (1.0720e+01)
Epoch: [70][180/247]	Time  0.084 ( 0.239)	Data  0.000 ( 0.158)	Loss 1.0752e+01 (1.0721e+01)
Epoch: [70][200/247]	Time  0.078 ( 0.224)	Data  0.000 ( 0.143)	Loss 1.0827e+01 (1.0719e+01)
Epoch: [70][220/247]	Time  0.079 ( 0.212)	Data  0.000 ( 0.131)	Loss 1.0798e+01 (1.0717e+01)
Epoch: [70][240/247]	Time  0.068 ( 0.201)	Data  0.000 ( 0.121)	Loss 1.0675e+01 (1.0717e+01)
Epoch: [71][  0/247]	Time 27.883 (27.883)	Data 27.771 (27.771)	Loss 1.0814e+01 (1.0814e+01)
Epoch: [71][ 20/247]	Time  0.096 ( 1.412)	Data  0.000 ( 1.323)	Loss 1.0777e+01 (1.0704e+01)
Epoch: [71][ 40/247]	Time  0.080 ( 0.765)	Data  0.000 ( 0.678)	Loss 1.0720e+01 (1.0706e+01)
Epoch: [71][ 60/247]	Time  0.088 ( 0.542)	Data  0.000 ( 0.456)	Loss 1.0706e+01 (1.0708e+01)
Epoch: [71][ 80/247]	Time  0.101 ( 0.429)	Data  0.000 ( 0.343)	Loss 1.0787e+01 (1.0714e+01)
Epoch: [71][100/247]	Time  0.078 ( 0.360)	Data  0.000 ( 0.275)	Loss 1.0724e+01 (1.0724e+01)
Epoch: [71][120/247]	Time  0.087 ( 0.315)	Data  0.000 ( 0.230)	Loss 1.0579e+01 (1.0723e+01)
Epoch: [71][140/247]	Time  0.091 ( 0.282)	Data  0.000 ( 0.197)	Loss 1.0662e+01 (1.0726e+01)
Epoch: [71][160/247]	Time  0.082 ( 0.257)	Data  0.000 ( 0.173)	Loss 1.0723e+01 (1.0727e+01)
Epoch: [71][180/247]	Time  0.087 ( 0.238)	Data  0.000 ( 0.154)	Loss 1.0757e+01 (1.0724e+01)
Epoch: [71][200/247]	Time  0.088 ( 0.223)	Data  0.000 ( 0.139)	Loss 1.0560e+01 (1.0723e+01)
Epoch: [71][220/247]	Time  0.082 ( 0.211)	Data  0.000 ( 0.126)	Loss 1.0614e+01 (1.0724e+01)
Epoch: [71][240/247]	Time  0.074 ( 0.200)	Data  0.000 ( 0.116)	Loss 1.0672e+01 (1.0726e+01)
Epoch: [72][  0/247]	Time 27.937 (27.937)	Data 27.819 (27.819)	Loss 1.0618e+01 (1.0618e+01)
Epoch: [72][ 20/247]	Time  0.090 ( 1.415)	Data  0.000 ( 1.325)	Loss 1.0775e+01 (1.0706e+01)
Epoch: [72][ 40/247]	Time  0.082 ( 0.766)	Data  0.000 ( 0.679)	Loss 1.0751e+01 (1.0709e+01)
Epoch: [72][ 60/247]	Time  0.085 ( 0.542)	Data  0.000 ( 0.456)	Loss 1.0781e+01 (1.0713e+01)
Epoch: [72][ 80/247]	Time  0.073 ( 0.428)	Data  0.000 ( 0.344)	Loss 1.0820e+01 (1.0719e+01)
Epoch: [72][100/247]	Time  0.084 ( 0.360)	Data  0.000 ( 0.276)	Loss 1.0670e+01 (1.0721e+01)
Epoch: [72][120/247]	Time  0.080 ( 0.314)	Data  0.000 ( 0.230)	Loss 1.0792e+01 (1.0722e+01)
Epoch: [72][140/247]	Time  0.078 ( 0.281)	Data  0.000 ( 0.198)	Loss 1.0605e+01 (1.0720e+01)
Epoch: [72][160/247]	Time  0.085 ( 0.256)	Data  0.000 ( 0.173)	Loss 1.0738e+01 (1.0719e+01)
Epoch: [72][180/247]	Time  0.084 ( 0.237)	Data  0.000 ( 0.154)	Loss 1.0735e+01 (1.0720e+01)
Epoch: [72][200/247]	Time  0.087 ( 0.222)	Data  0.000 ( 0.139)	Loss 1.0703e+01 (1.0720e+01)
Epoch: [72][220/247]	Time  0.086 ( 0.210)	Data  0.000 ( 0.126)	Loss 1.0754e+01 (1.0721e+01)
Epoch: [72][240/247]	Time  0.074 ( 0.200)	Data  0.000 ( 0.116)	Loss 1.0658e+01 (1.0722e+01)
Epoch: [73][  0/247]	Time 27.927 (27.927)	Data 27.829 (27.829)	Loss 1.0759e+01 (1.0759e+01)
Epoch: [73][ 20/247]	Time  0.086 ( 1.411)	Data  0.000 ( 1.325)	Loss 1.0761e+01 (1.0731e+01)
Epoch: [73][ 40/247]	Time  0.085 ( 0.766)	Data  0.000 ( 0.679)	Loss 1.0751e+01 (1.0716e+01)
Epoch: [73][ 60/247]	Time  0.087 ( 0.544)	Data  0.000 ( 0.457)	Loss 1.0861e+01 (1.0717e+01)
Epoch: [73][ 80/247]	Time  0.088 ( 0.430)	Data  0.000 ( 0.344)	Loss 1.0595e+01 (1.0706e+01)
Epoch: [73][100/247]	Time  0.085 ( 0.363)	Data  0.000 ( 0.276)	Loss 1.0822e+01 (1.0707e+01)
Epoch: [73][120/247]	Time  0.087 ( 0.317)	Data  0.000 ( 0.230)	Loss 1.0735e+01 (1.0710e+01)
Epoch: [73][140/247]	Time  0.089 ( 0.284)	Data  0.000 ( 0.198)	Loss 1.0748e+01 (1.0711e+01)
Epoch: [73][160/247]	Time  0.090 ( 0.260)	Data  0.000 ( 0.173)	Loss 1.0708e+01 (1.0712e+01)
Epoch: [73][180/247]	Time  0.086 ( 0.241)	Data  0.000 ( 0.154)	Loss 1.0748e+01 (1.0712e+01)
Epoch: [73][200/247]	Time  0.090 ( 0.225)	Data  0.000 ( 0.139)	Loss 1.0612e+01 (1.0713e+01)
Epoch: [73][220/247]	Time  0.089 ( 0.213)	Data  0.000 ( 0.126)	Loss 1.0635e+01 (1.0715e+01)
Epoch: [73][240/247]	Time  0.077 ( 0.202)	Data  0.000 ( 0.116)	Loss 1.0739e+01 (1.0715e+01)
Epoch: [74][  0/247]	Time 27.826 (27.826)	Data 27.728 (27.728)	Loss 1.0584e+01 (1.0584e+01)
Epoch: [74][ 20/247]	Time  0.085 ( 1.410)	Data  0.000 ( 1.322)	Loss 1.0642e+01 (1.0683e+01)
Epoch: [74][ 40/247]	Time  0.078 ( 0.762)	Data  0.000 ( 0.677)	Loss 1.0672e+01 (1.0680e+01)
Epoch: [74][ 60/247]	Time  0.082 ( 0.539)	Data  0.000 ( 0.455)	Loss 1.0751e+01 (1.0694e+01)
Epoch: [74][ 80/247]	Time  0.082 ( 0.426)	Data  0.000 ( 0.343)	Loss 1.0811e+01 (1.0699e+01)
Epoch: [74][100/247]	Time  0.082 ( 0.359)	Data  0.000 ( 0.275)	Loss 1.0813e+01 (1.0705e+01)
Epoch: [74][120/247]	Time  0.089 ( 0.314)	Data  0.000 ( 0.230)	Loss 1.0600e+01 (1.0701e+01)
Epoch: [74][140/247]	Time  0.086 ( 0.282)	Data  0.000 ( 0.197)	Loss 1.0717e+01 (1.0706e+01)
Epoch: [74][160/247]	Time  0.084 ( 0.258)	Data  0.000 ( 0.173)	Loss 1.0722e+01 (1.0710e+01)
Epoch: [74][180/247]	Time  0.084 ( 0.239)	Data  0.000 ( 0.154)	Loss 1.0723e+01 (1.0711e+01)
Epoch: [74][200/247]	Time  0.076 ( 0.223)	Data  0.000 ( 0.138)	Loss 1.0778e+01 (1.0714e+01)
Epoch: [74][220/247]	Time  0.079 ( 0.210)	Data  0.000 ( 0.126)	Loss 1.0794e+01 (1.0714e+01)
Epoch: [74][240/247]	Time  0.068 ( 0.199)	Data  0.000 ( 0.115)	Loss 1.0777e+01 (1.0713e+01)
Epoch: [75][  0/247]	Time 28.025 (28.025)	Data 27.925 (27.925)	Loss 1.0703e+01 (1.0703e+01)
Epoch: [75][ 20/247]	Time  0.075 ( 1.411)	Data  0.000 ( 1.330)	Loss 1.0681e+01 (1.0733e+01)
Epoch: [75][ 40/247]	Time  0.081 ( 0.764)	Data  0.000 ( 0.682)	Loss 1.0805e+01 (1.0725e+01)
Epoch: [75][ 60/247]	Time  0.087 ( 0.542)	Data  0.000 ( 0.458)	Loss 1.0641e+01 (1.0726e+01)
Epoch: [75][ 80/247]	Time  0.084 ( 0.429)	Data  0.000 ( 0.345)	Loss 1.0577e+01 (1.0725e+01)
Epoch: [75][100/247]	Time  0.093 ( 0.361)	Data  0.000 ( 0.277)	Loss 1.0779e+01 (1.0725e+01)
Epoch: [75][120/247]	Time  0.084 ( 0.316)	Data  0.000 ( 0.231)	Loss 1.0783e+01 (1.0725e+01)
Epoch: [75][140/247]	Time  0.085 ( 0.283)	Data  0.000 ( 0.199)	Loss 1.0675e+01 (1.0721e+01)
Epoch: [75][160/247]	Time  0.082 ( 0.259)	Data  0.000 ( 0.174)	Loss 1.0793e+01 (1.0720e+01)
Epoch: [75][180/247]	Time  0.089 ( 0.240)	Data  0.000 ( 0.155)	Loss 1.0760e+01 (1.0723e+01)
Epoch: [75][200/247]	Time  0.087 ( 0.224)	Data  0.000 ( 0.139)	Loss 1.0742e+01 (1.0721e+01)
Epoch: [75][220/247]	Time  0.084 ( 0.212)	Data  0.000 ( 0.127)	Loss 1.0779e+01 (1.0724e+01)
Epoch: [75][240/247]	Time  0.075 ( 0.201)	Data  0.000 ( 0.116)	Loss 1.0759e+01 (1.0723e+01)
Epoch: [76][  0/247]	Time 27.983 (27.983)	Data 27.869 (27.869)	Loss 1.0728e+01 (1.0728e+01)
Epoch: [76][ 20/247]	Time  0.087 ( 1.414)	Data  0.000 ( 1.327)	Loss 1.0755e+01 (1.0723e+01)
Epoch: [76][ 40/247]	Time  0.090 ( 0.765)	Data  0.000 ( 0.680)	Loss 1.0682e+01 (1.0731e+01)
Epoch: [76][ 60/247]	Time  0.105 ( 0.544)	Data  0.000 ( 0.457)	Loss 1.0725e+01 (1.0735e+01)
Epoch: [76][ 80/247]	Time  0.089 ( 0.432)	Data  0.000 ( 0.344)	Loss 1.0722e+01 (1.0737e+01)
Epoch: [76][100/247]	Time  0.088 ( 0.363)	Data  0.000 ( 0.276)	Loss 1.0644e+01 (1.0734e+01)
Epoch: [76][120/247]	Time  0.086 ( 0.318)	Data  0.000 ( 0.231)	Loss 1.0761e+01 (1.0731e+01)
Epoch: [76][140/247]	Time  0.086 ( 0.284)	Data  0.000 ( 0.198)	Loss 1.0795e+01 (1.0730e+01)
Epoch: [76][160/247]	Time  0.086 ( 0.260)	Data  0.000 ( 0.173)	Loss 1.0755e+01 (1.0728e+01)
Epoch: [76][180/247]	Time  0.082 ( 0.241)	Data  0.000 ( 0.154)	Loss 1.0716e+01 (1.0726e+01)
Epoch: [76][200/247]	Time  0.085 ( 0.225)	Data  0.000 ( 0.139)	Loss 1.0916e+01 (1.0726e+01)
Epoch: [76][220/247]	Time  0.086 ( 0.213)	Data  0.000 ( 0.126)	Loss 1.0676e+01 (1.0728e+01)
Epoch: [76][240/247]	Time  0.075 ( 0.202)	Data  0.000 ( 0.116)	Loss 1.0705e+01 (1.0730e+01)
Epoch: [77][  0/247]	Time 27.826 (27.826)	Data 27.688 (27.688)	Loss 1.0789e+01 (1.0789e+01)
Epoch: [77][ 20/247]	Time  0.079 ( 1.408)	Data  0.000 ( 1.319)	Loss 1.0784e+01 (1.0705e+01)
Epoch: [77][ 40/247]	Time  0.080 ( 0.762)	Data  0.000 ( 0.676)	Loss 1.0754e+01 (1.0733e+01)
Epoch: [77][ 60/247]	Time  0.090 ( 0.540)	Data  0.000 ( 0.454)	Loss 1.0733e+01 (1.0738e+01)
Epoch: [77][ 80/247]	Time  0.088 ( 0.428)	Data  0.000 ( 0.342)	Loss 1.0727e+01 (1.0730e+01)
Epoch: [77][100/247]	Time  0.085 ( 0.360)	Data  0.000 ( 0.274)	Loss 1.0739e+01 (1.0736e+01)
Epoch: [77][120/247]	Time  0.087 ( 0.315)	Data  0.000 ( 0.229)	Loss 1.0555e+01 (1.0728e+01)
Epoch: [77][140/247]	Time  0.085 ( 0.283)	Data  0.000 ( 0.197)	Loss 1.0712e+01 (1.0731e+01)
Epoch: [77][160/247]	Time  0.082 ( 0.258)	Data  0.000 ( 0.172)	Loss 1.0619e+01 (1.0726e+01)
Epoch: [77][180/247]	Time  0.086 ( 0.239)	Data  0.000 ( 0.153)	Loss 1.0744e+01 (1.0724e+01)
Epoch: [77][200/247]	Time  0.084 ( 0.224)	Data  0.000 ( 0.138)	Loss 1.0781e+01 (1.0723e+01)
Epoch: [77][220/247]	Time  0.088 ( 0.212)	Data  0.000 ( 0.126)	Loss 1.0600e+01 (1.0725e+01)
Epoch: [77][240/247]	Time  0.077 ( 0.201)	Data  0.000 ( 0.115)	Loss 1.0776e+01 (1.0726e+01)
Epoch: [78][  0/247]	Time 27.859 (27.859)	Data 27.745 (27.745)	Loss 1.0639e+01 (1.0639e+01)
Epoch: [78][ 20/247]	Time  0.085 ( 1.425)	Data  0.000 ( 1.324)	Loss 1.0732e+01 (1.0729e+01)
Epoch: [78][ 40/247]	Time  0.084 ( 0.770)	Data  0.000 ( 0.678)	Loss 1.0758e+01 (1.0731e+01)
Epoch: [78][ 60/247]	Time  0.079 ( 0.543)	Data  0.000 ( 0.456)	Loss 1.0813e+01 (1.0738e+01)
Epoch: [78][ 80/247]	Time  0.077 ( 0.428)	Data  0.000 ( 0.343)	Loss 1.0762e+01 (1.0738e+01)
Epoch: [78][100/247]	Time  0.076 ( 0.359)	Data  0.000 ( 0.275)	Loss 1.0778e+01 (1.0735e+01)
Epoch: [78][120/247]	Time  0.081 ( 0.313)	Data  0.000 ( 0.230)	Loss 1.0711e+01 (1.0734e+01)
Epoch: [78][140/247]	Time  0.081 ( 0.280)	Data  0.000 ( 0.198)	Loss 1.0693e+01 (1.0731e+01)
Epoch: [78][160/247]	Time  0.132 ( 0.256)	Data  0.048 ( 0.174)	Loss 1.0678e+01 (1.0731e+01)
Epoch: [78][180/247]	Time  0.082 ( 0.237)	Data  0.000 ( 0.156)	Loss 1.0722e+01 (1.0728e+01)
Epoch: [78][200/247]	Time  0.183 ( 0.222)	Data  0.085 ( 0.141)	Loss 1.0857e+01 (1.0725e+01)
Epoch: [78][220/247]	Time  0.081 ( 0.210)	Data  0.000 ( 0.128)	Loss 1.0740e+01 (1.0723e+01)
Epoch: [78][240/247]	Time  0.090 ( 0.200)	Data  0.018 ( 0.118)	Loss 1.0753e+01 (1.0726e+01)
Epoch: [79][  0/247]	Time 27.849 (27.849)	Data 27.732 (27.732)	Loss 1.0604e+01 (1.0604e+01)
Epoch: [79][ 20/247]	Time  0.105 ( 1.409)	Data  0.000 ( 1.321)	Loss 1.0763e+01 (1.0721e+01)
Epoch: [79][ 40/247]	Time  0.080 ( 0.763)	Data  0.000 ( 0.677)	Loss 1.0781e+01 (1.0715e+01)
Epoch: [79][ 60/247]	Time  0.084 ( 0.541)	Data  0.000 ( 0.455)	Loss 1.0702e+01 (1.0714e+01)
Epoch: [79][ 80/247]	Time  0.093 ( 0.429)	Data  0.000 ( 0.343)	Loss 1.0866e+01 (1.0711e+01)
Epoch: [79][100/247]	Time  0.087 ( 0.360)	Data  0.000 ( 0.275)	Loss 1.0790e+01 (1.0713e+01)
Epoch: [79][120/247]	Time  0.085 ( 0.315)	Data  0.000 ( 0.229)	Loss 1.0774e+01 (1.0716e+01)
Epoch: [79][140/247]	Time  0.083 ( 0.282)	Data  0.000 ( 0.197)	Loss 1.0680e+01 (1.0718e+01)
Epoch: [79][160/247]	Time  0.090 ( 0.258)	Data  0.000 ( 0.173)	Loss 1.0596e+01 (1.0719e+01)
Epoch: [79][180/247]	Time  0.084 ( 0.239)	Data  0.000 ( 0.154)	Loss 1.0721e+01 (1.0719e+01)
Epoch: [79][200/247]	Time  0.089 ( 0.224)	Data  0.000 ( 0.138)	Loss 1.0776e+01 (1.0719e+01)
Epoch: [79][220/247]	Time  0.091 ( 0.212)	Data  0.000 ( 0.126)	Loss 1.0749e+01 (1.0720e+01)
Epoch: [79][240/247]	Time  0.074 ( 0.201)	Data  0.000 ( 0.115)	Loss 1.0670e+01 (1.0721e+01)
Epoch: [80][  0/247]	Time 28.020 (28.020)	Data 27.901 (27.901)	Loss 1.0639e+01 (1.0639e+01)
Epoch: [80][ 20/247]	Time  0.087 ( 1.416)	Data  0.000 ( 1.329)	Loss 1.0742e+01 (1.0686e+01)
Epoch: [80][ 40/247]	Time  0.086 ( 0.769)	Data  0.000 ( 0.681)	Loss 1.0777e+01 (1.0694e+01)
Epoch: [80][ 60/247]	Time  0.084 ( 0.545)	Data  0.000 ( 0.458)	Loss 1.0781e+01 (1.0705e+01)
Epoch: [80][ 80/247]	Time  0.089 ( 0.432)	Data  0.000 ( 0.345)	Loss 1.0883e+01 (1.0720e+01)
Epoch: [80][100/247]	Time  0.087 ( 0.364)	Data  0.000 ( 0.277)	Loss 1.0742e+01 (1.0725e+01)
Epoch: [80][120/247]	Time  0.086 ( 0.318)	Data  0.000 ( 0.231)	Loss 1.0755e+01 (1.0725e+01)
Epoch: [80][140/247]	Time  0.091 ( 0.286)	Data  0.000 ( 0.198)	Loss 1.0673e+01 (1.0722e+01)
Epoch: [80][160/247]	Time  0.088 ( 0.261)	Data  0.000 ( 0.174)	Loss 1.0671e+01 (1.0720e+01)
Epoch: [80][180/247]	Time  0.087 ( 0.241)	Data  0.000 ( 0.154)	Loss 1.0710e+01 (1.0718e+01)
Epoch: [80][200/247]	Time  0.126 ( 0.227)	Data  0.000 ( 0.139)	Loss 1.0715e+01 (1.0719e+01)
Epoch: [80][220/247]	Time  0.093 ( 0.214)	Data  0.000 ( 0.127)	Loss 1.0879e+01 (1.0721e+01)
Epoch: [80][240/247]	Time  0.075 ( 0.203)	Data  0.000 ( 0.116)	Loss 1.0595e+01 (1.0719e+01)
Epoch: [81][  0/247]	Time 27.849 (27.849)	Data 27.734 (27.734)	Loss 1.0672e+01 (1.0672e+01)
Epoch: [81][ 20/247]	Time  0.091 ( 1.407)	Data  0.000 ( 1.321)	Loss 1.0786e+01 (1.0723e+01)
Epoch: [81][ 40/247]	Time  0.083 ( 0.763)	Data  0.000 ( 0.677)	Loss 1.0648e+01 (1.0707e+01)
Epoch: [81][ 60/247]	Time  0.084 ( 0.541)	Data  0.000 ( 0.455)	Loss 1.0694e+01 (1.0713e+01)
Epoch: [81][ 80/247]	Time  0.085 ( 0.429)	Data  0.000 ( 0.343)	Loss 1.0697e+01 (1.0711e+01)
Epoch: [81][100/247]	Time  0.086 ( 0.362)	Data  0.000 ( 0.275)	Loss 1.0632e+01 (1.0713e+01)
Epoch: [81][120/247]	Time  0.098 ( 0.316)	Data  0.000 ( 0.230)	Loss 1.0860e+01 (1.0716e+01)
Epoch: [81][140/247]	Time  0.089 ( 0.284)	Data  0.000 ( 0.197)	Loss 1.0625e+01 (1.0716e+01)
Epoch: [81][160/247]	Time  0.083 ( 0.259)	Data  0.000 ( 0.173)	Loss 1.0667e+01 (1.0715e+01)
Epoch: [81][180/247]	Time  0.087 ( 0.240)	Data  0.000 ( 0.154)	Loss 1.0613e+01 (1.0715e+01)
Epoch: [81][200/247]	Time  0.087 ( 0.225)	Data  0.000 ( 0.138)	Loss 1.0690e+01 (1.0716e+01)
Epoch: [81][220/247]	Time  0.085 ( 0.212)	Data  0.000 ( 0.126)	Loss 1.0581e+01 (1.0717e+01)
Epoch: [81][240/247]	Time  0.076 ( 0.202)	Data  0.000 ( 0.115)	Loss 1.0997e+01 (1.0718e+01)
Epoch: [82][  0/247]	Time 28.004 (28.004)	Data 27.894 (27.894)	Loss 1.0694e+01 (1.0694e+01)
Epoch: [82][ 20/247]	Time  0.092 ( 1.416)	Data  0.000 ( 1.329)	Loss 1.0582e+01 (1.0673e+01)
Epoch: [82][ 40/247]	Time  0.081 ( 0.767)	Data  0.000 ( 0.681)	Loss 1.0688e+01 (1.0704e+01)
Epoch: [82][ 60/247]	Time  0.091 ( 0.545)	Data  0.000 ( 0.458)	Loss 1.0639e+01 (1.0713e+01)
Epoch: [82][ 80/247]	Time  0.087 ( 0.432)	Data  0.000 ( 0.345)	Loss 1.0734e+01 (1.0711e+01)
Epoch: [82][100/247]	Time  0.087 ( 0.364)	Data  0.000 ( 0.276)	Loss 1.0780e+01 (1.0711e+01)
Epoch: [82][120/247]	Time  0.087 ( 0.318)	Data  0.000 ( 0.231)	Loss 1.0718e+01 (1.0719e+01)
Epoch: [82][140/247]	Time  0.086 ( 0.285)	Data  0.000 ( 0.198)	Loss 1.0709e+01 (1.0722e+01)
Epoch: [82][160/247]	Time  0.087 ( 0.261)	Data  0.000 ( 0.174)	Loss 1.0739e+01 (1.0724e+01)
Epoch: [82][180/247]	Time  0.085 ( 0.242)	Data  0.000 ( 0.154)	Loss 1.0731e+01 (1.0722e+01)
Epoch: [82][200/247]	Time  0.085 ( 0.226)	Data  0.000 ( 0.139)	Loss 1.0757e+01 (1.0722e+01)
Epoch: [82][220/247]	Time  0.090 ( 0.213)	Data  0.000 ( 0.127)	Loss 1.0675e+01 (1.0723e+01)
Epoch: [82][240/247]	Time  0.076 ( 0.203)	Data  0.000 ( 0.116)	Loss 1.0622e+01 (1.0725e+01)
Epoch: [83][  0/247]	Time 27.856 (27.856)	Data 27.728 (27.728)	Loss 1.0646e+01 (1.0646e+01)
Epoch: [83][ 20/247]	Time  0.079 ( 1.410)	Data  0.000 ( 1.321)	Loss 1.0758e+01 (1.0738e+01)
Epoch: [83][ 40/247]	Time  0.081 ( 0.764)	Data  0.000 ( 0.677)	Loss 1.0728e+01 (1.0723e+01)
Epoch: [83][ 60/247]	Time  0.094 ( 0.541)	Data  0.000 ( 0.455)	Loss 1.0829e+01 (1.0726e+01)
Epoch: [83][ 80/247]	Time  0.081 ( 0.429)	Data  0.000 ( 0.343)	Loss 1.0696e+01 (1.0728e+01)
Epoch: [83][100/247]	Time  0.085 ( 0.361)	Data  0.000 ( 0.275)	Loss 1.0627e+01 (1.0724e+01)
Epoch: [83][120/247]	Time  0.090 ( 0.315)	Data  0.000 ( 0.229)	Loss 1.0897e+01 (1.0723e+01)
Epoch: [83][140/247]	Time  0.090 ( 0.283)	Data  0.000 ( 0.197)	Loss 1.0709e+01 (1.0721e+01)
Epoch: [83][160/247]	Time  0.084 ( 0.258)	Data  0.000 ( 0.173)	Loss 1.0718e+01 (1.0718e+01)
Epoch: [83][180/247]	Time  0.082 ( 0.239)	Data  0.000 ( 0.153)	Loss 1.0667e+01 (1.0721e+01)
Epoch: [83][200/247]	Time  0.085 ( 0.224)	Data  0.000 ( 0.138)	Loss 1.0764e+01 (1.0720e+01)
Epoch: [83][220/247]	Time  0.085 ( 0.212)	Data  0.000 ( 0.126)	Loss 1.0703e+01 (1.0720e+01)
Epoch: [83][240/247]	Time  0.078 ( 0.201)	Data  0.000 ( 0.115)	Loss 1.0689e+01 (1.0719e+01)
Epoch: [84][  0/247]	Time 27.898 (27.898)	Data 27.815 (27.815)	Loss 1.0695e+01 (1.0695e+01)
Epoch: [84][ 20/247]	Time  0.091 ( 1.409)	Data  0.000 ( 1.325)	Loss 1.0675e+01 (1.0714e+01)
Epoch: [84][ 40/247]	Time  0.074 ( 0.757)	Data  0.000 ( 0.679)	Loss 1.0766e+01 (1.0712e+01)
Epoch: [84][ 60/247]	Time  0.089 ( 0.536)	Data  0.000 ( 0.456)	Loss 1.0624e+01 (1.0718e+01)
Epoch: [84][ 80/247]	Time  0.085 ( 0.425)	Data  0.000 ( 0.344)	Loss 1.0779e+01 (1.0716e+01)
Epoch: [84][100/247]	Time  0.090 ( 0.359)	Data  0.001 ( 0.276)	Loss 1.0658e+01 (1.0719e+01)
Epoch: [84][120/247]	Time  0.083 ( 0.313)	Data  0.000 ( 0.230)	Loss 1.0688e+01 (1.0724e+01)
Epoch: [84][140/247]	Time  0.086 ( 0.281)	Data  0.000 ( 0.198)	Loss 1.0692e+01 (1.0726e+01)
Epoch: [84][160/247]	Time  0.088 ( 0.257)	Data  0.000 ( 0.173)	Loss 1.0553e+01 (1.0724e+01)
Epoch: [84][180/247]	Time  0.083 ( 0.238)	Data  0.000 ( 0.154)	Loss 1.0679e+01 (1.0722e+01)
Epoch: [84][200/247]	Time  0.088 ( 0.223)	Data  0.000 ( 0.139)	Loss 1.0661e+01 (1.0725e+01)
Epoch: [84][220/247]	Time  0.084 ( 0.211)	Data  0.000 ( 0.126)	Loss 1.0796e+01 (1.0728e+01)
Epoch: [84][240/247]	Time  0.075 ( 0.200)	Data  0.000 ( 0.116)	Loss 1.0649e+01 (1.0727e+01)
Epoch: [85][  0/247]	Time 27.931 (27.931)	Data 27.813 (27.813)	Loss 1.0694e+01 (1.0694e+01)
Epoch: [85][ 20/247]	Time  0.086 ( 1.412)	Data  0.000 ( 1.325)	Loss 1.0633e+01 (1.0728e+01)
Epoch: [85][ 40/247]	Time  0.085 ( 0.765)	Data  0.000 ( 0.679)	Loss 1.0766e+01 (1.0725e+01)
Epoch: [85][ 60/247]	Time  0.091 ( 0.543)	Data  0.000 ( 0.456)	Loss 1.0750e+01 (1.0727e+01)
Epoch: [85][ 80/247]	Time  0.084 ( 0.430)	Data  0.000 ( 0.344)	Loss 1.0694e+01 (1.0725e+01)
Epoch: [85][100/247]	Time  0.089 ( 0.362)	Data  0.000 ( 0.276)	Loss 1.0885e+01 (1.0723e+01)
Epoch: [85][120/247]	Time  0.085 ( 0.317)	Data  0.000 ( 0.230)	Loss 1.0673e+01 (1.0719e+01)
Epoch: [85][140/247]	Time  0.084 ( 0.284)	Data  0.000 ( 0.198)	Loss 1.0759e+01 (1.0722e+01)
Epoch: [85][160/247]	Time  0.089 ( 0.259)	Data  0.000 ( 0.173)	Loss 1.0649e+01 (1.0721e+01)
Epoch: [85][180/247]	Time  0.087 ( 0.240)	Data  0.000 ( 0.154)	Loss 1.0651e+01 (1.0722e+01)
Epoch: [85][200/247]	Time  0.090 ( 0.225)	Data  0.000 ( 0.139)	Loss 1.0636e+01 (1.0721e+01)
Epoch: [85][220/247]	Time  0.088 ( 0.212)	Data  0.000 ( 0.126)	Loss 1.0787e+01 (1.0720e+01)
Epoch: [85][240/247]	Time  0.077 ( 0.202)	Data  0.000 ( 0.116)	Loss 1.0867e+01 (1.0718e+01)
Epoch: [86][  0/247]	Time 27.979 (27.979)	Data 27.863 (27.863)	Loss 1.0639e+01 (1.0639e+01)
Epoch: [86][ 20/247]	Time  0.083 ( 1.416)	Data  0.000 ( 1.327)	Loss 1.0787e+01 (1.0722e+01)
Epoch: [86][ 40/247]	Time  0.089 ( 0.769)	Data  0.001 ( 0.680)	Loss 1.0710e+01 (1.0724e+01)
Epoch: [86][ 60/247]	Time  0.085 ( 0.546)	Data  0.000 ( 0.457)	Loss 1.0678e+01 (1.0726e+01)
Epoch: [86][ 80/247]	Time  0.079 ( 0.432)	Data  0.000 ( 0.344)	Loss 1.0685e+01 (1.0722e+01)
Epoch: [86][100/247]	Time  0.084 ( 0.363)	Data  0.000 ( 0.276)	Loss 1.0661e+01 (1.0725e+01)
Epoch: [86][120/247]	Time  0.079 ( 0.317)	Data  0.000 ( 0.231)	Loss 1.0646e+01 (1.0721e+01)
Epoch: [86][140/247]	Time  0.079 ( 0.283)	Data  0.000 ( 0.198)	Loss 1.0635e+01 (1.0720e+01)
Epoch: [86][160/247]	Time  0.087 ( 0.259)	Data  0.000 ( 0.173)	Loss 1.0671e+01 (1.0717e+01)
Epoch: [86][180/247]	Time  0.090 ( 0.239)	Data  0.000 ( 0.154)	Loss 1.0753e+01 (1.0720e+01)
Epoch: [86][200/247]	Time  0.084 ( 0.224)	Data  0.000 ( 0.139)	Loss 1.0861e+01 (1.0717e+01)
Epoch: [86][220/247]	Time  0.089 ( 0.212)	Data  0.000 ( 0.126)	Loss 1.0635e+01 (1.0716e+01)
Epoch: [86][240/247]	Time  0.077 ( 0.201)	Data  0.000 ( 0.116)	Loss 1.0749e+01 (1.0715e+01)
Epoch: [87][  0/247]	Time 28.219 (28.219)	Data 28.095 (28.095)	Loss 1.0674e+01 (1.0674e+01)
Epoch: [87][ 20/247]	Time  0.094 ( 1.428)	Data  0.000 ( 1.338)	Loss 1.0756e+01 (1.0768e+01)
Epoch: [87][ 40/247]	Time  0.087 ( 0.774)	Data  0.000 ( 0.686)	Loss 1.0718e+01 (1.0737e+01)
Epoch: [87][ 60/247]	Time  0.089 ( 0.549)	Data  0.000 ( 0.461)	Loss 1.0690e+01 (1.0726e+01)
Epoch: [87][ 80/247]	Time  0.085 ( 0.435)	Data  0.000 ( 0.347)	Loss 1.0798e+01 (1.0720e+01)
Epoch: [87][100/247]	Time  0.090 ( 0.366)	Data  0.000 ( 0.278)	Loss 1.0597e+01 (1.0712e+01)
Epoch: [87][120/247]	Time  0.083 ( 0.320)	Data  0.000 ( 0.232)	Loss 1.0605e+01 (1.0714e+01)
Epoch: [87][140/247]	Time  0.091 ( 0.287)	Data  0.000 ( 0.200)	Loss 1.0635e+01 (1.0714e+01)
Epoch: [87][160/247]	Time  0.089 ( 0.262)	Data  0.000 ( 0.175)	Loss 1.0564e+01 (1.0715e+01)
Epoch: [87][180/247]	Time  0.088 ( 0.242)	Data  0.000 ( 0.156)	Loss 1.0649e+01 (1.0714e+01)
Epoch: [87][200/247]	Time  0.114 ( 0.227)	Data  0.000 ( 0.140)	Loss 1.0690e+01 (1.0712e+01)
Epoch: [87][220/247]	Time  0.082 ( 0.214)	Data  0.000 ( 0.127)	Loss 1.0731e+01 (1.0713e+01)
Epoch: [87][240/247]	Time  0.073 ( 0.203)	Data  0.000 ( 0.117)	Loss 1.0753e+01 (1.0714e+01)
Epoch: [88][  0/247]	Time 29.355 (29.355)	Data 29.231 (29.231)	Loss 1.0740e+01 (1.0740e+01)
Epoch: [88][ 20/247]	Time  0.076 ( 1.476)	Data  0.000 ( 1.392)	Loss 1.0555e+01 (1.0710e+01)
Epoch: [88][ 40/247]	Time  0.083 ( 0.796)	Data  0.000 ( 0.713)	Loss 1.0683e+01 (1.0709e+01)
Epoch: [88][ 60/247]	Time  0.092 ( 0.563)	Data  0.000 ( 0.479)	Loss 1.0762e+01 (1.0708e+01)
Epoch: [88][ 80/247]	Time  0.083 ( 0.446)	Data  0.000 ( 0.361)	Loss 1.0763e+01 (1.0707e+01)
Epoch: [88][100/247]	Time  0.088 ( 0.374)	Data  0.000 ( 0.290)	Loss 1.0628e+01 (1.0704e+01)
Epoch: [88][120/247]	Time  0.084 ( 0.327)	Data  0.000 ( 0.242)	Loss 1.0795e+01 (1.0704e+01)
Epoch: [88][140/247]	Time  0.084 ( 0.293)	Data  0.000 ( 0.208)	Loss 1.0699e+01 (1.0705e+01)
Epoch: [88][160/247]	Time  0.084 ( 0.267)	Data  0.000 ( 0.182)	Loss 1.0798e+01 (1.0709e+01)
Epoch: [88][180/247]	Time  0.089 ( 0.247)	Data  0.000 ( 0.162)	Loss 1.0595e+01 (1.0708e+01)
Epoch: [88][200/247]	Time  0.089 ( 0.231)	Data  0.000 ( 0.146)	Loss 1.0781e+01 (1.0707e+01)
Epoch: [88][220/247]	Time  0.089 ( 0.218)	Data  0.000 ( 0.133)	Loss 1.0670e+01 (1.0705e+01)
Epoch: [88][240/247]	Time  0.075 ( 0.207)	Data  0.000 ( 0.122)	Loss 1.0721e+01 (1.0707e+01)
Epoch: [89][  0/247]	Time 27.927 (27.927)	Data 27.818 (27.818)	Loss 1.0612e+01 (1.0612e+01)
Epoch: [89][ 20/247]	Time  0.093 ( 1.416)	Data  0.000 ( 1.325)	Loss 1.0716e+01 (1.0715e+01)
Epoch: [89][ 40/247]	Time  0.086 ( 0.768)	Data  0.000 ( 0.679)	Loss 1.0694e+01 (1.0704e+01)
Epoch: [89][ 60/247]	Time  0.086 ( 0.544)	Data  0.000 ( 0.456)	Loss 1.0749e+01 (1.0711e+01)
Epoch: [89][ 80/247]	Time  0.087 ( 0.431)	Data  0.000 ( 0.344)	Loss 1.0613e+01 (1.0712e+01)
Epoch: [89][100/247]	Time  0.082 ( 0.363)	Data  0.000 ( 0.276)	Loss 1.0608e+01 (1.0714e+01)
Epoch: [89][120/247]	Time  0.088 ( 0.317)	Data  0.000 ( 0.230)	Loss 1.0724e+01 (1.0716e+01)
Epoch: [89][140/247]	Time  0.077 ( 0.285)	Data  0.000 ( 0.198)	Loss 1.0638e+01 (1.0718e+01)
Epoch: [89][160/247]	Time  0.079 ( 0.260)	Data  0.000 ( 0.173)	Loss 1.0627e+01 (1.0718e+01)
Epoch: [89][180/247]	Time  0.090 ( 0.241)	Data  0.000 ( 0.154)	Loss 1.0830e+01 (1.0723e+01)
Epoch: [89][200/247]	Time  0.078 ( 0.225)	Data  0.000 ( 0.139)	Loss 1.0845e+01 (1.0724e+01)
Epoch: [89][220/247]	Time  0.072 ( 0.212)	Data  0.000 ( 0.126)	Loss 1.0576e+01 (1.0724e+01)
Epoch: [89][240/247]	Time  0.064 ( 0.200)	Data  0.000 ( 0.116)	Loss 1.0597e+01 (1.0725e+01)
Epoch: [90][  0/247]	Time 28.041 (28.041)	Data 27.957 (27.957)	Loss 1.0687e+01 (1.0687e+01)
Epoch: [90][ 20/247]	Time  0.082 ( 1.413)	Data  0.000 ( 1.332)	Loss 1.0556e+01 (1.0713e+01)
Epoch: [90][ 40/247]	Time  0.084 ( 0.766)	Data  0.000 ( 0.682)	Loss 1.0757e+01 (1.0721e+01)
Epoch: [90][ 60/247]	Time  0.094 ( 0.545)	Data  0.000 ( 0.459)	Loss 1.0657e+01 (1.0715e+01)
Epoch: [90][ 80/247]	Time  0.098 ( 0.431)	Data  0.000 ( 0.345)	Loss 1.0787e+01 (1.0713e+01)
Epoch: [90][100/247]	Time  0.089 ( 0.365)	Data  0.000 ( 0.277)	Loss 1.0791e+01 (1.0707e+01)
Epoch: [90][120/247]	Time  0.082 ( 0.319)	Data  0.000 ( 0.231)	Loss 1.0708e+01 (1.0709e+01)
Epoch: [90][140/247]	Time  0.085 ( 0.286)	Data  0.000 ( 0.199)	Loss 1.0831e+01 (1.0710e+01)
Epoch: [90][160/247]	Time  0.089 ( 0.261)	Data  0.000 ( 0.174)	Loss 1.0747e+01 (1.0712e+01)
Epoch: [90][180/247]	Time  0.084 ( 0.242)	Data  0.000 ( 0.155)	Loss 1.0681e+01 (1.0713e+01)
Epoch: [90][200/247]	Time  0.092 ( 0.227)	Data  0.000 ( 0.139)	Loss 1.0737e+01 (1.0714e+01)
Epoch: [90][220/247]	Time  0.084 ( 0.214)	Data  0.000 ( 0.127)	Loss 1.0702e+01 (1.0718e+01)
Epoch: [90][240/247]	Time  0.080 ( 0.203)	Data  0.000 ( 0.116)	Loss 1.0683e+01 (1.0718e+01)
Epoch: [91][  0/247]	Time 27.863 (27.863)	Data 27.767 (27.767)	Loss 1.0750e+01 (1.0750e+01)
Epoch: [91][ 20/247]	Time  0.081 ( 1.407)	Data  0.000 ( 1.323)	Loss 1.0743e+01 (1.0726e+01)
Epoch: [91][ 40/247]	Time  0.083 ( 0.764)	Data  0.000 ( 0.678)	Loss 1.0648e+01 (1.0724e+01)
Epoch: [91][ 60/247]	Time  0.091 ( 0.542)	Data  0.000 ( 0.456)	Loss 1.0704e+01 (1.0722e+01)
Epoch: [91][ 80/247]	Time  0.086 ( 0.430)	Data  0.000 ( 0.343)	Loss 1.0680e+01 (1.0724e+01)
Epoch: [91][100/247]	Time  0.088 ( 0.363)	Data  0.000 ( 0.275)	Loss 1.0663e+01 (1.0730e+01)
Epoch: [91][120/247]	Time  0.087 ( 0.318)	Data  0.000 ( 0.230)	Loss 1.0757e+01 (1.0725e+01)
Epoch: [91][140/247]	Time  0.088 ( 0.286)	Data  0.000 ( 0.197)	Loss 1.0808e+01 (1.0731e+01)
Epoch: [91][160/247]	Time  0.093 ( 0.261)	Data  0.002 ( 0.173)	Loss 1.0765e+01 (1.0730e+01)
Epoch: [91][180/247]	Time  0.087 ( 0.242)	Data  0.000 ( 0.154)	Loss 1.0783e+01 (1.0729e+01)
Epoch: [91][200/247]	Time  0.084 ( 0.227)	Data  0.000 ( 0.138)	Loss 1.0715e+01 (1.0729e+01)
Epoch: [91][220/247]	Time  0.089 ( 0.214)	Data  0.001 ( 0.126)	Loss 1.0818e+01 (1.0727e+01)
Epoch: [91][240/247]	Time  0.075 ( 0.203)	Data  0.000 ( 0.116)	Loss 1.0740e+01 (1.0728e+01)
Epoch: [92][  0/247]	Time 28.062 (28.062)	Data 27.960 (27.960)	Loss 1.0782e+01 (1.0782e+01)
Epoch: [92][ 20/247]	Time  0.090 ( 1.420)	Data  0.000 ( 1.332)	Loss 1.0667e+01 (1.0701e+01)
Epoch: [92][ 40/247]	Time  0.083 ( 0.769)	Data  0.000 ( 0.682)	Loss 1.0726e+01 (1.0715e+01)
Epoch: [92][ 60/247]	Time  0.087 ( 0.546)	Data  0.000 ( 0.459)	Loss 1.0833e+01 (1.0709e+01)
Epoch: [92][ 80/247]	Time  0.084 ( 0.433)	Data  0.000 ( 0.345)	Loss 1.0635e+01 (1.0710e+01)
Epoch: [92][100/247]	Time  0.084 ( 0.364)	Data  0.000 ( 0.277)	Loss 1.0659e+01 (1.0712e+01)
Epoch: [92][120/247]	Time  0.087 ( 0.318)	Data  0.000 ( 0.231)	Loss 1.0738e+01 (1.0711e+01)
Epoch: [92][140/247]	Time  0.088 ( 0.286)	Data  0.000 ( 0.199)	Loss 1.0837e+01 (1.0715e+01)
Epoch: [92][160/247]	Time  0.088 ( 0.261)	Data  0.000 ( 0.174)	Loss 1.0720e+01 (1.0716e+01)
Epoch: [92][180/247]	Time  0.087 ( 0.242)	Data  0.000 ( 0.155)	Loss 1.0709e+01 (1.0718e+01)
Epoch: [92][200/247]	Time  0.093 ( 0.226)	Data  0.000 ( 0.139)	Loss 1.0957e+01 (1.0719e+01)
Epoch: [92][220/247]	Time  0.084 ( 0.214)	Data  0.000 ( 0.127)	Loss 1.0766e+01 (1.0722e+01)
Epoch: [92][240/247]	Time  0.076 ( 0.203)	Data  0.000 ( 0.116)	Loss 1.0672e+01 (1.0723e+01)
Epoch: [93][  0/247]	Time 28.000 (28.000)	Data 27.891 (27.891)	Loss 1.0732e+01 (1.0732e+01)
Epoch: [93][ 20/247]	Time  0.088 ( 1.415)	Data  0.000 ( 1.328)	Loss 1.0532e+01 (1.0703e+01)
Epoch: [93][ 40/247]	Time  0.080 ( 0.769)	Data  0.000 ( 0.681)	Loss 1.0726e+01 (1.0709e+01)
Epoch: [93][ 60/247]	Time  0.084 ( 0.545)	Data  0.000 ( 0.458)	Loss 1.0785e+01 (1.0706e+01)
Epoch: [93][ 80/247]	Time  0.081 ( 0.432)	Data  0.000 ( 0.345)	Loss 1.0827e+01 (1.0711e+01)
Epoch: [93][100/247]	Time  0.089 ( 0.363)	Data  0.000 ( 0.276)	Loss 1.0787e+01 (1.0710e+01)
Epoch: [93][120/247]	Time  0.089 ( 0.318)	Data  0.000 ( 0.231)	Loss 1.0787e+01 (1.0712e+01)
Epoch: [93][140/247]	Time  0.089 ( 0.285)	Data  0.000 ( 0.198)	Loss 1.0814e+01 (1.0712e+01)
Epoch: [93][160/247]	Time  0.082 ( 0.260)	Data  0.000 ( 0.174)	Loss 1.0712e+01 (1.0716e+01)
Epoch: [93][180/247]	Time  0.086 ( 0.241)	Data  0.000 ( 0.154)	Loss 1.0897e+01 (1.0714e+01)
Epoch: [93][200/247]	Time  0.094 ( 0.226)	Data  0.000 ( 0.139)	Loss 1.0775e+01 (1.0719e+01)
Epoch: [93][220/247]	Time  0.092 ( 0.214)	Data  0.000 ( 0.126)	Loss 1.0686e+01 (1.0718e+01)
Epoch: [93][240/247]	Time  0.074 ( 0.203)	Data  0.000 ( 0.116)	Loss 1.0693e+01 (1.0716e+01)
Epoch: [94][  0/247]	Time 27.980 (27.980)	Data 27.881 (27.881)	Loss 1.0788e+01 (1.0788e+01)
Epoch: [94][ 20/247]	Time  0.086 ( 1.414)	Data  0.000 ( 1.328)	Loss 1.0651e+01 (1.0722e+01)
Epoch: [94][ 40/247]	Time  0.083 ( 0.767)	Data  0.000 ( 0.680)	Loss 1.0795e+01 (1.0720e+01)
Epoch: [94][ 60/247]	Time  0.087 ( 0.544)	Data  0.000 ( 0.457)	Loss 1.0755e+01 (1.0719e+01)
Epoch: [94][ 80/247]	Time  0.077 ( 0.430)	Data  0.000 ( 0.345)	Loss 1.0724e+01 (1.0728e+01)
Epoch: [94][100/247]	Time  0.079 ( 0.361)	Data  0.000 ( 0.276)	Loss 1.0772e+01 (1.0729e+01)
Epoch: [94][120/247]	Time  0.086 ( 0.315)	Data  0.000 ( 0.231)	Loss 1.0771e+01 (1.0726e+01)
Epoch: [94][140/247]	Time  0.085 ( 0.282)	Data  0.000 ( 0.198)	Loss 1.0702e+01 (1.0724e+01)
Epoch: [94][160/247]	Time  0.088 ( 0.258)	Data  0.000 ( 0.173)	Loss 1.0642e+01 (1.0723e+01)
Epoch: [94][180/247]	Time  0.085 ( 0.239)	Data  0.000 ( 0.154)	Loss 1.0798e+01 (1.0722e+01)
Epoch: [94][200/247]	Time  0.085 ( 0.224)	Data  0.000 ( 0.139)	Loss 1.0752e+01 (1.0720e+01)
Epoch: [94][220/247]	Time  0.092 ( 0.212)	Data  0.000 ( 0.126)	Loss 1.0804e+01 (1.0720e+01)
Epoch: [94][240/247]	Time  0.074 ( 0.201)	Data  0.000 ( 0.116)	Loss 1.0666e+01 (1.0721e+01)
Epoch: [95][  0/247]	Time 28.054 (28.054)	Data 27.947 (27.947)	Loss 1.0732e+01 (1.0732e+01)
Epoch: [95][ 20/247]	Time  0.083 ( 1.417)	Data  0.000 ( 1.331)	Loss 1.0583e+01 (1.0720e+01)
Epoch: [95][ 40/247]	Time  0.084 ( 0.768)	Data  0.000 ( 0.682)	Loss 1.0649e+01 (1.0703e+01)
Epoch: [95][ 60/247]	Time  0.092 ( 0.545)	Data  0.000 ( 0.458)	Loss 1.0714e+01 (1.0715e+01)
Epoch: [95][ 80/247]	Time  0.085 ( 0.432)	Data  0.000 ( 0.345)	Loss 1.0873e+01 (1.0718e+01)
Epoch: [95][100/247]	Time  0.083 ( 0.364)	Data  0.000 ( 0.277)	Loss 1.0646e+01 (1.0712e+01)
Epoch: [95][120/247]	Time  0.090 ( 0.318)	Data  0.000 ( 0.231)	Loss 1.0629e+01 (1.0715e+01)
Epoch: [95][140/247]	Time  0.086 ( 0.285)	Data  0.000 ( 0.199)	Loss 1.0704e+01 (1.0718e+01)
Epoch: [95][160/247]	Time  0.086 ( 0.261)	Data  0.000 ( 0.174)	Loss 1.0707e+01 (1.0715e+01)
Epoch: [95][180/247]	Time  0.086 ( 0.242)	Data  0.000 ( 0.155)	Loss 1.0741e+01 (1.0713e+01)
Epoch: [95][200/247]	Time  0.085 ( 0.226)	Data  0.000 ( 0.139)	Loss 1.0735e+01 (1.0714e+01)
Epoch: [95][220/247]	Time  0.079 ( 0.214)	Data  0.000 ( 0.127)	Loss 1.0624e+01 (1.0714e+01)
Epoch: [95][240/247]	Time  0.068 ( 0.202)	Data  0.000 ( 0.116)	Loss 1.0739e+01 (1.0714e+01)
Epoch: [96][  0/247]	Time 27.986 (27.986)	Data 27.859 (27.859)	Loss 1.0612e+01 (1.0612e+01)
Epoch: [96][ 20/247]	Time  0.090 ( 1.417)	Data  0.000 ( 1.327)	Loss 1.0613e+01 (1.0692e+01)
Epoch: [96][ 40/247]	Time  0.084 ( 0.768)	Data  0.000 ( 0.680)	Loss 1.0892e+01 (1.0711e+01)
Epoch: [96][ 60/247]	Time  0.090 ( 0.545)	Data  0.000 ( 0.457)	Loss 1.0753e+01 (1.0704e+01)
Epoch: [96][ 80/247]	Time  0.088 ( 0.433)	Data  0.000 ( 0.344)	Loss 1.0769e+01 (1.0701e+01)
Epoch: [96][100/247]	Time  0.095 ( 0.365)	Data  0.000 ( 0.276)	Loss 1.0647e+01 (1.0700e+01)
Epoch: [96][120/247]	Time  0.098 ( 0.320)	Data  0.000 ( 0.231)	Loss 1.0546e+01 (1.0699e+01)
Epoch: [96][140/247]	Time  0.094 ( 0.289)	Data  0.000 ( 0.198)	Loss 1.0814e+01 (1.0705e+01)
Epoch: [96][160/247]	Time  0.092 ( 0.265)	Data  0.000 ( 0.173)	Loss 1.0836e+01 (1.0704e+01)
Epoch: [96][180/247]	Time  0.092 ( 0.247)	Data  0.000 ( 0.154)	Loss 1.0733e+01 (1.0704e+01)
Epoch: [96][200/247]	Time  0.096 ( 0.232)	Data  0.000 ( 0.139)	Loss 1.0713e+01 (1.0703e+01)
Epoch: [96][220/247]	Time  0.096 ( 0.220)	Data  0.000 ( 0.126)	Loss 1.0782e+01 (1.0705e+01)
Epoch: [96][240/247]	Time  0.077 ( 0.209)	Data  0.000 ( 0.116)	Loss 1.0762e+01 (1.0707e+01)
Epoch: [97][  0/247]	Time 27.979 (27.979)	Data 27.834 (27.834)	Loss 1.0643e+01 (1.0643e+01)
Epoch: [97][ 20/247]	Time  0.085 ( 1.417)	Data  0.000 ( 1.326)	Loss 1.0639e+01 (1.0710e+01)
Epoch: [97][ 40/247]	Time  0.084 ( 0.769)	Data  0.000 ( 0.679)	Loss 1.0688e+01 (1.0719e+01)
Epoch: [97][ 60/247]	Time  0.085 ( 0.545)	Data  0.000 ( 0.457)	Loss 1.0630e+01 (1.0715e+01)
Epoch: [97][ 80/247]	Time  0.085 ( 0.432)	Data  0.000 ( 0.344)	Loss 1.0699e+01 (1.0706e+01)
Epoch: [97][100/247]	Time  0.085 ( 0.364)	Data  0.000 ( 0.276)	Loss 1.0864e+01 (1.0711e+01)
Epoch: [97][120/247]	Time  0.087 ( 0.318)	Data  0.000 ( 0.230)	Loss 1.0721e+01 (1.0712e+01)
Epoch: [97][140/247]	Time  0.086 ( 0.285)	Data  0.000 ( 0.198)	Loss 1.0720e+01 (1.0713e+01)
Epoch: [97][160/247]	Time  0.088 ( 0.261)	Data  0.000 ( 0.173)	Loss 1.0581e+01 (1.0712e+01)
Epoch: [97][180/247]	Time  0.089 ( 0.242)	Data  0.000 ( 0.154)	Loss 1.0676e+01 (1.0712e+01)
Epoch: [97][200/247]	Time  0.078 ( 0.227)	Data  0.000 ( 0.139)	Loss 1.0737e+01 (1.0714e+01)
Epoch: [97][220/247]	Time  0.097 ( 0.214)	Data  0.000 ( 0.126)	Loss 1.0671e+01 (1.0714e+01)
Epoch: [97][240/247]	Time  0.075 ( 0.203)	Data  0.000 ( 0.116)	Loss 1.0729e+01 (1.0713e+01)
Epoch: [98][  0/247]	Time 27.726 (27.726)	Data 27.614 (27.614)	Loss 1.0621e+01 (1.0621e+01)
Epoch: [98][ 20/247]	Time  0.083 ( 1.405)	Data  0.000 ( 1.316)	Loss 1.0700e+01 (1.0673e+01)
Epoch: [98][ 40/247]	Time  0.113 ( 0.770)	Data  0.000 ( 0.674)	Loss 1.0576e+01 (1.0698e+01)
Epoch: [98][ 60/247]	Time  0.091 ( 0.549)	Data  0.000 ( 0.453)	Loss 1.0633e+01 (1.0693e+01)
Epoch: [98][ 80/247]	Time  0.088 ( 0.435)	Data  0.000 ( 0.342)	Loss 1.0635e+01 (1.0691e+01)
Epoch: [98][100/247]	Time  0.087 ( 0.366)	Data  0.000 ( 0.274)	Loss 1.0651e+01 (1.0694e+01)
Epoch: [98][120/247]	Time  0.087 ( 0.320)	Data  0.000 ( 0.229)	Loss 1.0699e+01 (1.0696e+01)
Epoch: [98][140/247]	Time  0.085 ( 0.287)	Data  0.000 ( 0.196)	Loss 1.0714e+01 (1.0700e+01)
Epoch: [98][160/247]	Time  0.088 ( 0.262)	Data  0.000 ( 0.172)	Loss 1.0716e+01 (1.0702e+01)
Epoch: [98][180/247]	Time  0.087 ( 0.243)	Data  0.000 ( 0.153)	Loss 1.0705e+01 (1.0702e+01)
Epoch: [98][200/247]	Time  0.084 ( 0.227)	Data  0.000 ( 0.138)	Loss 1.0727e+01 (1.0703e+01)
Epoch: [98][220/247]	Time  0.089 ( 0.215)	Data  0.000 ( 0.125)	Loss 1.0822e+01 (1.0705e+01)
Epoch: [98][240/247]	Time  0.075 ( 0.204)	Data  0.000 ( 0.115)	Loss 1.0820e+01 (1.0704e+01)
Epoch: [99][  0/247]	Time 28.032 (28.032)	Data 27.908 (27.908)	Loss 1.0760e+01 (1.0760e+01)
Epoch: [99][ 20/247]	Time  0.086 ( 1.419)	Data  0.000 ( 1.329)	Loss 1.0744e+01 (1.0715e+01)
Epoch: [99][ 40/247]	Time  0.092 ( 0.770)	Data  0.000 ( 0.681)	Loss 1.0766e+01 (1.0707e+01)
Epoch: [99][ 60/247]	Time  0.095 ( 0.546)	Data  0.000 ( 0.458)	Loss 1.0796e+01 (1.0719e+01)
Epoch: [99][ 80/247]	Time  0.087 ( 0.433)	Data  0.000 ( 0.345)	Loss 1.0759e+01 (1.0715e+01)
Epoch: [99][100/247]	Time  0.084 ( 0.365)	Data  0.000 ( 0.277)	Loss 1.0766e+01 (1.0722e+01)
Epoch: [99][120/247]	Time  0.091 ( 0.319)	Data  0.000 ( 0.231)	Loss 1.0688e+01 (1.0717e+01)
Epoch: [99][140/247]	Time  0.088 ( 0.286)	Data  0.000 ( 0.198)	Loss 1.0782e+01 (1.0712e+01)
Epoch: [99][160/247]	Time  0.091 ( 0.261)	Data  0.000 ( 0.174)	Loss 1.0701e+01 (1.0713e+01)
Epoch: [99][180/247]	Time  0.089 ( 0.242)	Data  0.000 ( 0.155)	Loss 1.0642e+01 (1.0712e+01)
Epoch: [99][200/247]	Time  0.095 ( 0.227)	Data  0.000 ( 0.139)	Loss 1.0593e+01 (1.0709e+01)
Epoch: [99][220/247]	Time  0.084 ( 0.216)	Data  0.000 ( 0.127)	Loss 1.0780e+01 (1.0710e+01)
Epoch: [99][240/247]	Time  0.075 ( 0.205)	Data  0.000 ( 0.116)	Loss 1.0716e+01 (1.0710e+01)
Epoch: [100][  0/247]	Time 27.456 (27.456)	Data 27.332 (27.332)	Loss 1.0630e+01 (1.0630e+01)
Epoch: [100][ 20/247]	Time  0.089 ( 1.390)	Data  0.000 ( 1.302)	Loss 1.0759e+01 (1.0721e+01)
Epoch: [100][ 40/247]	Time  0.085 ( 0.757)	Data  0.000 ( 0.667)	Loss 1.0618e+01 (1.0710e+01)
Epoch: [100][ 60/247]	Time  0.077 ( 0.538)	Data  0.000 ( 0.448)	Loss 1.0649e+01 (1.0705e+01)
Epoch: [100][ 80/247]	Time  0.090 ( 0.426)	Data  0.000 ( 0.338)	Loss 1.0766e+01 (1.0704e+01)
Epoch: [100][100/247]	Time  0.089 ( 0.359)	Data  0.000 ( 0.271)	Loss 1.0755e+01 (1.0702e+01)
Epoch: [100][120/247]	Time  0.087 ( 0.314)	Data  0.000 ( 0.226)	Loss 1.0676e+01 (1.0701e+01)
Epoch: [100][140/247]	Time  0.085 ( 0.281)	Data  0.000 ( 0.194)	Loss 1.0766e+01 (1.0701e+01)
Epoch: [100][160/247]	Time  0.083 ( 0.257)	Data  0.000 ( 0.170)	Loss 1.0653e+01 (1.0703e+01)
Epoch: [100][180/247]	Time  0.088 ( 0.238)	Data  0.000 ( 0.151)	Loss 1.0640e+01 (1.0701e+01)
Epoch: [100][200/247]	Time  0.091 ( 0.223)	Data  0.000 ( 0.136)	Loss 1.0795e+01 (1.0700e+01)
Epoch: [100][220/247]	Time  0.091 ( 0.211)	Data  0.000 ( 0.124)	Loss 1.0619e+01 (1.0701e+01)
Epoch: [100][240/247]	Time  0.075 ( 0.200)	Data  0.000 ( 0.114)	Loss 1.0658e+01 (1.0699e+01)
Epoch: [101][  0/247]	Time 27.932 (27.932)	Data 27.811 (27.811)	Loss 1.0693e+01 (1.0693e+01)
Epoch: [101][ 20/247]	Time  0.089 ( 1.421)	Data  0.000 ( 1.325)	Loss 1.0802e+01 (1.0747e+01)
Epoch: [101][ 40/247]	Time  0.085 ( 0.771)	Data  0.000 ( 0.679)	Loss 1.0575e+01 (1.0719e+01)
Epoch: [101][ 60/247]	Time  0.084 ( 0.547)	Data  0.000 ( 0.456)	Loss 1.0602e+01 (1.0719e+01)
Epoch: [101][ 80/247]	Time  0.086 ( 0.433)	Data  0.000 ( 0.344)	Loss 1.0741e+01 (1.0716e+01)
Epoch: [101][100/247]	Time  0.084 ( 0.365)	Data  0.000 ( 0.276)	Loss 1.0748e+01 (1.0717e+01)
Epoch: [101][120/247]	Time  0.085 ( 0.318)	Data  0.000 ( 0.230)	Loss 1.0737e+01 (1.0714e+01)
Epoch: [101][140/247]	Time  0.086 ( 0.285)	Data  0.000 ( 0.198)	Loss 1.0752e+01 (1.0713e+01)
Epoch: [101][160/247]	Time  0.095 ( 0.261)	Data  0.000 ( 0.173)	Loss 1.0642e+01 (1.0712e+01)
Epoch: [101][180/247]	Time  0.089 ( 0.241)	Data  0.000 ( 0.154)	Loss 1.0711e+01 (1.0711e+01)
Epoch: [101][200/247]	Time  0.088 ( 0.226)	Data  0.000 ( 0.139)	Loss 1.0569e+01 (1.0707e+01)
Epoch: [101][220/247]	Time  0.087 ( 0.213)	Data  0.000 ( 0.126)	Loss 1.0696e+01 (1.0709e+01)
Epoch: [101][240/247]	Time  0.077 ( 0.203)	Data  0.000 ( 0.116)	Loss 1.0773e+01 (1.0707e+01)
Epoch: [102][  0/247]	Time 27.917 (27.917)	Data 27.831 (27.831)	Loss 1.0657e+01 (1.0657e+01)
Epoch: [102][ 20/247]	Time  0.079 ( 1.408)	Data  0.000 ( 1.326)	Loss 1.0738e+01 (1.0699e+01)
Epoch: [102][ 40/247]	Time  0.079 ( 0.763)	Data  0.000 ( 0.679)	Loss 1.0739e+01 (1.0706e+01)
Epoch: [102][ 60/247]	Time  0.084 ( 0.540)	Data  0.000 ( 0.457)	Loss 1.0700e+01 (1.0704e+01)
Epoch: [102][ 80/247]	Time  0.087 ( 0.428)	Data  0.000 ( 0.344)	Loss 1.0791e+01 (1.0704e+01)
Epoch: [102][100/247]	Time  0.083 ( 0.360)	Data  0.000 ( 0.276)	Loss 1.0591e+01 (1.0707e+01)
Epoch: [102][120/247]	Time  0.082 ( 0.315)	Data  0.000 ( 0.230)	Loss 1.0776e+01 (1.0703e+01)
Epoch: [102][140/247]	Time  0.085 ( 0.283)	Data  0.000 ( 0.198)	Loss 1.0787e+01 (1.0704e+01)
Epoch: [102][160/247]	Time  0.083 ( 0.258)	Data  0.000 ( 0.173)	Loss 1.0687e+01 (1.0702e+01)
Epoch: [102][180/247]	Time  0.070 ( 0.238)	Data  0.000 ( 0.154)	Loss 1.0722e+01 (1.0704e+01)
Epoch: [102][200/247]	Time  0.069 ( 0.221)	Data  0.000 ( 0.139)	Loss 1.0654e+01 (1.0705e+01)
Epoch: [102][220/247]	Time  0.069 ( 0.208)	Data  0.000 ( 0.126)	Loss 1.0688e+01 (1.0706e+01)
Epoch: [102][240/247]	Time  0.153 ( 0.197)	Data  0.083 ( 0.117)	Loss 1.0785e+01 (1.0707e+01)
Epoch: [103][  0/247]	Time 27.890 (27.890)	Data 27.768 (27.768)	Loss 1.0691e+01 (1.0691e+01)
Epoch: [103][ 20/247]	Time  0.082 ( 1.410)	Data  0.000 ( 1.323)	Loss 1.0698e+01 (1.0725e+01)
Epoch: [103][ 40/247]	Time  0.085 ( 0.765)	Data  0.000 ( 0.678)	Loss 1.0670e+01 (1.0707e+01)
Epoch: [103][ 60/247]	Time  0.087 ( 0.544)	Data  0.000 ( 0.456)	Loss 1.0750e+01 (1.0708e+01)
Epoch: [103][ 80/247]	Time  0.086 ( 0.432)	Data  0.000 ( 0.343)	Loss 1.0743e+01 (1.0709e+01)
Epoch: [103][100/247]	Time  0.083 ( 0.363)	Data  0.000 ( 0.275)	Loss 1.0758e+01 (1.0712e+01)
Epoch: [103][120/247]	Time  0.087 ( 0.318)	Data  0.000 ( 0.230)	Loss 1.0815e+01 (1.0714e+01)
Epoch: [103][140/247]	Time  0.089 ( 0.285)	Data  0.000 ( 0.197)	Loss 1.0681e+01 (1.0712e+01)
Epoch: [103][160/247]	Time  0.090 ( 0.260)	Data  0.000 ( 0.173)	Loss 1.0721e+01 (1.0714e+01)
Epoch: [103][180/247]	Time  0.093 ( 0.241)	Data  0.000 ( 0.154)	Loss 1.0787e+01 (1.0714e+01)
Epoch: [103][200/247]	Time  0.083 ( 0.226)	Data  0.000 ( 0.138)	Loss 1.0691e+01 (1.0715e+01)
Epoch: [103][220/247]	Time  0.090 ( 0.213)	Data  0.000 ( 0.126)	Loss 1.0694e+01 (1.0717e+01)
Epoch: [103][240/247]	Time  0.075 ( 0.202)	Data  0.000 ( 0.116)	Loss 1.0757e+01 (1.0717e+01)
Epoch: [104][  0/247]	Time 27.895 (27.895)	Data 27.797 (27.797)	Loss 1.0666e+01 (1.0666e+01)
Epoch: [104][ 20/247]	Time  0.085 ( 1.411)	Data  0.000 ( 1.324)	Loss 1.0603e+01 (1.0692e+01)
Epoch: [104][ 40/247]	Time  0.083 ( 0.765)	Data  0.000 ( 0.678)	Loss 1.0667e+01 (1.0708e+01)
Epoch: [104][ 60/247]	Time  0.095 ( 0.542)	Data  0.000 ( 0.456)	Loss 1.0682e+01 (1.0704e+01)
Epoch: [104][ 80/247]	Time  0.088 ( 0.429)	Data  0.000 ( 0.343)	Loss 1.0655e+01 (1.0712e+01)
Epoch: [104][100/247]	Time  0.086 ( 0.362)	Data  0.000 ( 0.276)	Loss 1.0660e+01 (1.0711e+01)
Epoch: [104][120/247]	Time  0.087 ( 0.316)	Data  0.000 ( 0.230)	Loss 1.0693e+01 (1.0712e+01)
Epoch: [104][140/247]	Time  0.090 ( 0.284)	Data  0.000 ( 0.197)	Loss 1.0680e+01 (1.0712e+01)
Epoch: [104][160/247]	Time  0.087 ( 0.260)	Data  0.000 ( 0.173)	Loss 1.0586e+01 (1.0709e+01)
Epoch: [104][180/247]	Time  0.083 ( 0.241)	Data  0.000 ( 0.154)	Loss 1.0672e+01 (1.0707e+01)
Epoch: [104][200/247]	Time  0.090 ( 0.225)	Data  0.000 ( 0.139)	Loss 1.0686e+01 (1.0708e+01)
Epoch: [104][220/247]	Time  0.086 ( 0.213)	Data  0.000 ( 0.126)	Loss 1.0755e+01 (1.0707e+01)
Epoch: [104][240/247]	Time  0.075 ( 0.202)	Data  0.000 ( 0.116)	Loss 1.0533e+01 (1.0706e+01)
Epoch: [105][  0/247]	Time 27.938 (27.938)	Data 27.839 (27.839)	Loss 1.0615e+01 (1.0615e+01)
Epoch: [105][ 20/247]	Time  0.083 ( 1.410)	Data  0.000 ( 1.328)	Loss 1.0693e+01 (1.0678e+01)
Epoch: [105][ 40/247]	Time  0.073 ( 0.764)	Data  0.000 ( 0.680)	Loss 1.0745e+01 (1.0695e+01)
Epoch: [105][ 60/247]	Time  0.088 ( 0.541)	Data  0.000 ( 0.457)	Loss 1.0710e+01 (1.0693e+01)
Epoch: [105][ 80/247]	Time  0.084 ( 0.429)	Data  0.000 ( 0.344)	Loss 1.0658e+01 (1.0692e+01)
Epoch: [105][100/247]	Time  0.087 ( 0.362)	Data  0.000 ( 0.276)	Loss 1.0734e+01 (1.0691e+01)
Epoch: [105][120/247]	Time  0.088 ( 0.316)	Data  0.000 ( 0.231)	Loss 1.0739e+01 (1.0696e+01)
Epoch: [105][140/247]	Time  0.069 ( 0.281)	Data  0.000 ( 0.198)	Loss 1.0807e+01 (1.0697e+01)
Epoch: [105][160/247]	Time  0.069 ( 0.255)	Data  0.000 ( 0.173)	Loss 1.0697e+01 (1.0700e+01)
Epoch: [105][180/247]	Time  0.068 ( 0.235)	Data  0.000 ( 0.155)	Loss 1.0550e+01 (1.0700e+01)
Epoch: [105][200/247]	Time  0.071 ( 0.220)	Data  0.000 ( 0.140)	Loss 1.0715e+01 (1.0698e+01)
Epoch: [105][220/247]	Time  0.068 ( 0.207)	Data  0.000 ( 0.128)	Loss 1.0655e+01 (1.0698e+01)
Epoch: [105][240/247]	Time  0.065 ( 0.197)	Data  0.000 ( 0.119)	Loss 1.0768e+01 (1.0697e+01)
Epoch: [106][  0/247]	Time 28.558 (28.558)	Data 28.454 (28.454)	Loss 1.0525e+01 (1.0525e+01)
Epoch: [106][ 20/247]	Time  0.074 ( 1.438)	Data  0.000 ( 1.355)	Loss 1.0736e+01 (1.0698e+01)
Epoch: [106][ 40/247]	Time  0.081 ( 0.773)	Data  0.000 ( 0.694)	Loss 1.0712e+01 (1.0708e+01)
Epoch: [106][ 60/247]	Time  0.072 ( 0.545)	Data  0.000 ( 0.467)	Loss 1.0718e+01 (1.0709e+01)
Epoch: [106][ 80/247]	Time  0.083 ( 0.431)	Data  0.000 ( 0.352)	Loss 1.0716e+01 (1.0704e+01)
Epoch: [106][100/247]	Time  0.092 ( 0.363)	Data  0.000 ( 0.282)	Loss 1.0496e+01 (1.0696e+01)
Epoch: [106][120/247]	Time  0.089 ( 0.317)	Data  0.000 ( 0.235)	Loss 1.0665e+01 (1.0699e+01)
Epoch: [106][140/247]	Time  0.084 ( 0.285)	Data  0.000 ( 0.202)	Loss 1.0752e+01 (1.0704e+01)
Epoch: [106][160/247]	Time  0.075 ( 0.260)	Data  0.000 ( 0.177)	Loss 1.0635e+01 (1.0707e+01)
Epoch: [106][180/247]	Time  0.089 ( 0.241)	Data  0.000 ( 0.158)	Loss 1.0707e+01 (1.0707e+01)
Epoch: [106][200/247]	Time  0.085 ( 0.226)	Data  0.000 ( 0.142)	Loss 1.0568e+01 (1.0704e+01)
Epoch: [106][220/247]	Time  0.090 ( 0.213)	Data  0.000 ( 0.129)	Loss 1.0863e+01 (1.0707e+01)
Epoch: [106][240/247]	Time  0.076 ( 0.202)	Data  0.000 ( 0.118)	Loss 1.0745e+01 (1.0705e+01)
Epoch: [107][  0/247]	Time 28.306 (28.306)	Data 28.221 (28.221)	Loss 1.0812e+01 (1.0812e+01)
Epoch: [107][ 20/247]	Time  0.086 ( 1.428)	Data  0.000 ( 1.344)	Loss 1.0555e+01 (1.0680e+01)
Epoch: [107][ 40/247]	Time  0.082 ( 0.774)	Data  0.000 ( 0.689)	Loss 1.0634e+01 (1.0689e+01)
Epoch: [107][ 60/247]	Time  0.090 ( 0.548)	Data  0.000 ( 0.463)	Loss 1.0814e+01 (1.0694e+01)
Epoch: [107][ 80/247]	Time  0.083 ( 0.434)	Data  0.000 ( 0.349)	Loss 1.0665e+01 (1.0698e+01)
Epoch: [107][100/247]	Time  0.088 ( 0.365)	Data  0.000 ( 0.280)	Loss 1.0800e+01 (1.0699e+01)
Epoch: [107][120/247]	Time  0.086 ( 0.319)	Data  0.000 ( 0.234)	Loss 1.0771e+01 (1.0700e+01)
Epoch: [107][140/247]	Time  0.087 ( 0.286)	Data  0.000 ( 0.200)	Loss 1.0598e+01 (1.0701e+01)
Epoch: [107][160/247]	Time  0.086 ( 0.261)	Data  0.000 ( 0.176)	Loss 1.0654e+01 (1.0699e+01)
Epoch: [107][180/247]	Time  0.089 ( 0.242)	Data  0.000 ( 0.156)	Loss 1.0697e+01 (1.0701e+01)
Epoch: [107][200/247]	Time  0.087 ( 0.226)	Data  0.000 ( 0.141)	Loss 1.0695e+01 (1.0702e+01)
Epoch: [107][220/247]	Time  0.090 ( 0.214)	Data  0.000 ( 0.128)	Loss 1.0684e+01 (1.0702e+01)
Epoch: [107][240/247]	Time  0.078 ( 0.203)	Data  0.000 ( 0.117)	Loss 1.0705e+01 (1.0704e+01)
Epoch: [108][  0/247]	Time 28.027 (28.027)	Data 27.921 (27.921)	Loss 1.0779e+01 (1.0779e+01)
Epoch: [108][ 20/247]	Time  0.079 ( 1.414)	Data  0.000 ( 1.330)	Loss 1.0936e+01 (1.0728e+01)
Epoch: [108][ 40/247]	Time  0.081 ( 0.765)	Data  0.000 ( 0.681)	Loss 1.0627e+01 (1.0718e+01)
Epoch: [108][ 60/247]	Time  0.091 ( 0.542)	Data  0.000 ( 0.458)	Loss 1.0694e+01 (1.0729e+01)
Epoch: [108][ 80/247]	Time  0.125 ( 0.431)	Data  0.001 ( 0.345)	Loss 1.0684e+01 (1.0724e+01)
Epoch: [108][100/247]	Time  0.090 ( 0.363)	Data  0.000 ( 0.277)	Loss 1.0727e+01 (1.0718e+01)
Epoch: [108][120/247]	Time  0.086 ( 0.317)	Data  0.000 ( 0.231)	Loss 1.0746e+01 (1.0717e+01)
Epoch: [108][140/247]	Time  0.092 ( 0.285)	Data  0.000 ( 0.198)	Loss 1.0731e+01 (1.0713e+01)
Epoch: [108][160/247]	Time  0.068 ( 0.259)	Data  0.000 ( 0.174)	Loss 1.0666e+01 (1.0712e+01)
Epoch: [108][180/247]	Time  0.067 ( 0.238)	Data  0.000 ( 0.155)	Loss 1.0686e+01 (1.0708e+01)
Epoch: [108][200/247]	Time  0.085 ( 0.222)	Data  0.000 ( 0.139)	Loss 1.0676e+01 (1.0705e+01)
Epoch: [108][220/247]	Time  0.085 ( 0.210)	Data  0.000 ( 0.127)	Loss 1.0609e+01 (1.0700e+01)
Epoch: [108][240/247]	Time  0.077 ( 0.199)	Data  0.000 ( 0.116)	Loss 1.0735e+01 (1.0699e+01)
Epoch: [109][  0/247]	Time 27.971 (27.971)	Data 27.853 (27.853)	Loss 1.0562e+01 (1.0562e+01)
Epoch: [109][ 20/247]	Time  0.083 ( 1.418)	Data  0.000 ( 1.327)	Loss 1.0660e+01 (1.0639e+01)
Epoch: [109][ 40/247]	Time  0.086 ( 0.769)	Data  0.000 ( 0.680)	Loss 1.0815e+01 (1.0656e+01)
Epoch: [109][ 60/247]	Time  0.088 ( 0.545)	Data  0.000 ( 0.457)	Loss 1.0648e+01 (1.0662e+01)
Epoch: [109][ 80/247]	Time  0.090 ( 0.432)	Data  0.000 ( 0.344)	Loss 1.0669e+01 (1.0659e+01)
Epoch: [109][100/247]	Time  0.089 ( 0.364)	Data  0.000 ( 0.276)	Loss 1.0563e+01 (1.0666e+01)
Epoch: [109][120/247]	Time  0.091 ( 0.318)	Data  0.000 ( 0.230)	Loss 1.0733e+01 (1.0669e+01)
Epoch: [109][140/247]	Time  0.089 ( 0.285)	Data  0.000 ( 0.198)	Loss 1.0759e+01 (1.0667e+01)
Epoch: [109][160/247]	Time  0.087 ( 0.261)	Data  0.000 ( 0.173)	Loss 1.0691e+01 (1.0670e+01)
Epoch: [109][180/247]	Time  0.087 ( 0.242)	Data  0.000 ( 0.154)	Loss 1.0611e+01 (1.0672e+01)
Epoch: [109][200/247]	Time  0.086 ( 0.226)	Data  0.000 ( 0.139)	Loss 1.0816e+01 (1.0677e+01)
Epoch: [109][220/247]	Time  0.084 ( 0.214)	Data  0.000 ( 0.126)	Loss 1.0744e+01 (1.0680e+01)
Epoch: [109][240/247]	Time  0.076 ( 0.203)	Data  0.000 ( 0.116)	Loss 1.0815e+01 (1.0682e+01)
Epoch: [110][  0/247]	Time 27.997 (27.997)	Data 27.866 (27.866)	Loss 1.0533e+01 (1.0533e+01)
Epoch: [110][ 20/247]	Time  0.092 ( 1.424)	Data  0.000 ( 1.329)	Loss 1.0641e+01 (1.0674e+01)
Epoch: [110][ 40/247]	Time  0.083 ( 0.772)	Data  0.000 ( 0.681)	Loss 1.0699e+01 (1.0701e+01)
Epoch: [110][ 60/247]	Time  0.084 ( 0.547)	Data  0.000 ( 0.458)	Loss 1.0657e+01 (1.0710e+01)
Epoch: [110][ 80/247]	Time  0.090 ( 0.434)	Data  0.000 ( 0.345)	Loss 1.0711e+01 (1.0704e+01)
Epoch: [110][100/247]	Time  0.086 ( 0.365)	Data  0.000 ( 0.276)	Loss 1.0561e+01 (1.0700e+01)
Epoch: [110][120/247]	Time  0.086 ( 0.319)	Data  0.000 ( 0.231)	Loss 1.0702e+01 (1.0699e+01)
Epoch: [110][140/247]	Time  0.087 ( 0.286)	Data  0.000 ( 0.198)	Loss 1.0656e+01 (1.0700e+01)
Epoch: [110][160/247]	Time  0.082 ( 0.261)	Data  0.000 ( 0.174)	Loss 1.0786e+01 (1.0703e+01)
Epoch: [110][180/247]	Time  0.084 ( 0.242)	Data  0.000 ( 0.154)	Loss 1.0693e+01 (1.0701e+01)
Epoch: [110][200/247]	Time  0.087 ( 0.226)	Data  0.000 ( 0.139)	Loss 1.0590e+01 (1.0701e+01)
Epoch: [110][220/247]	Time  0.086 ( 0.213)	Data  0.000 ( 0.127)	Loss 1.0661e+01 (1.0701e+01)
Epoch: [110][240/247]	Time  0.075 ( 0.203)	Data  0.000 ( 0.116)	Loss 1.0673e+01 (1.0698e+01)
Epoch: [111][  0/247]	Time 28.766 (28.766)	Data 28.631 (28.631)	Loss 1.0774e+01 (1.0774e+01)
Epoch: [111][ 20/247]	Time  0.093 ( 1.455)	Data  0.000 ( 1.364)	Loss 1.0719e+01 (1.0684e+01)
Epoch: [111][ 40/247]	Time  0.082 ( 0.787)	Data  0.000 ( 0.699)	Loss 1.0659e+01 (1.0668e+01)
Epoch: [111][ 60/247]	Time  0.086 ( 0.558)	Data  0.000 ( 0.470)	Loss 1.0723e+01 (1.0665e+01)
Epoch: [111][ 80/247]	Time  0.090 ( 0.442)	Data  0.000 ( 0.354)	Loss 1.0633e+01 (1.0676e+01)
Epoch: [111][100/247]	Time  0.086 ( 0.371)	Data  0.000 ( 0.284)	Loss 1.0692e+01 (1.0678e+01)
Epoch: [111][120/247]	Time  0.083 ( 0.323)	Data  0.000 ( 0.237)	Loss 1.0752e+01 (1.0680e+01)
Epoch: [111][140/247]	Time  0.097 ( 0.291)	Data  0.000 ( 0.203)	Loss 1.0793e+01 (1.0685e+01)
Epoch: [111][160/247]	Time  0.089 ( 0.265)	Data  0.000 ( 0.178)	Loss 1.0611e+01 (1.0684e+01)
Epoch: [111][180/247]	Time  0.079 ( 0.244)	Data  0.000 ( 0.158)	Loss 1.0602e+01 (1.0686e+01)
Epoch: [111][200/247]	Time  0.082 ( 0.228)	Data  0.000 ( 0.143)	Loss 1.0660e+01 (1.0687e+01)
Epoch: [111][220/247]	Time  0.077 ( 0.215)	Data  0.000 ( 0.130)	Loss 1.0709e+01 (1.0688e+01)
Epoch: [111][240/247]	Time  0.070 ( 0.204)	Data  0.000 ( 0.120)	Loss 1.0690e+01 (1.0689e+01)
Epoch: [112][  0/247]	Time 28.740 (28.740)	Data 28.621 (28.621)	Loss 1.0690e+01 (1.0690e+01)
Epoch: [112][ 20/247]	Time  0.087 ( 1.451)	Data  0.000 ( 1.363)	Loss 1.0751e+01 (1.0710e+01)
Epoch: [112][ 40/247]	Time  0.078 ( 0.783)	Data  0.000 ( 0.698)	Loss 1.0773e+01 (1.0700e+01)
Epoch: [112][ 60/247]	Time  0.085 ( 0.556)	Data  0.000 ( 0.469)	Loss 1.0752e+01 (1.0683e+01)
Epoch: [112][ 80/247]	Time  0.084 ( 0.440)	Data  0.000 ( 0.354)	Loss 1.0704e+01 (1.0694e+01)
Epoch: [112][100/247]	Time  0.083 ( 0.370)	Data  0.000 ( 0.284)	Loss 1.0598e+01 (1.0697e+01)
Epoch: [112][120/247]	Time  0.085 ( 0.323)	Data  0.000 ( 0.237)	Loss 1.0811e+01 (1.0701e+01)
Epoch: [112][140/247]	Time  0.088 ( 0.290)	Data  0.000 ( 0.203)	Loss 1.0746e+01 (1.0702e+01)
Epoch: [112][160/247]	Time  0.086 ( 0.264)	Data  0.000 ( 0.178)	Loss 1.0742e+01 (1.0705e+01)
Epoch: [112][180/247]	Time  0.088 ( 0.245)	Data  0.000 ( 0.158)	Loss 1.0658e+01 (1.0707e+01)
Epoch: [112][200/247]	Time  0.089 ( 0.229)	Data  0.000 ( 0.143)	Loss 1.0687e+01 (1.0702e+01)
Epoch: [112][220/247]	Time  0.087 ( 0.216)	Data  0.000 ( 0.130)	Loss 1.0662e+01 (1.0700e+01)
Epoch: [112][240/247]	Time  0.075 ( 0.205)	Data  0.000 ( 0.119)	Loss 1.0600e+01 (1.0697e+01)
Epoch: [113][  0/247]	Time 28.012 (28.012)	Data 27.907 (27.907)	Loss 1.0627e+01 (1.0627e+01)
Epoch: [113][ 20/247]	Time  0.084 ( 1.417)	Data  0.000 ( 1.329)	Loss 1.0802e+01 (1.0680e+01)
Epoch: [113][ 40/247]	Time  0.082 ( 0.768)	Data  0.000 ( 0.681)	Loss 1.0788e+01 (1.0668e+01)
Epoch: [113][ 60/247]	Time  0.087 ( 0.545)	Data  0.000 ( 0.458)	Loss 1.0750e+01 (1.0666e+01)
Epoch: [113][ 80/247]	Time  0.089 ( 0.432)	Data  0.000 ( 0.345)	Loss 1.0672e+01 (1.0680e+01)
Epoch: [113][100/247]	Time  0.088 ( 0.364)	Data  0.000 ( 0.277)	Loss 1.0769e+01 (1.0678e+01)
Epoch: [113][120/247]	Time  0.085 ( 0.318)	Data  0.000 ( 0.231)	Loss 1.0924e+01 (1.0677e+01)
Epoch: [113][140/247]	Time  0.080 ( 0.284)	Data  0.000 ( 0.198)	Loss 1.0663e+01 (1.0673e+01)
Epoch: [113][160/247]	Time  0.087 ( 0.260)	Data  0.000 ( 0.174)	Loss 1.0616e+01 (1.0675e+01)
Epoch: [113][180/247]	Time  0.087 ( 0.241)	Data  0.000 ( 0.154)	Loss 1.0489e+01 (1.0677e+01)
Epoch: [113][200/247]	Time  0.089 ( 0.225)	Data  0.000 ( 0.139)	Loss 1.0793e+01 (1.0680e+01)
Epoch: [113][220/247]	Time  0.082 ( 0.213)	Data  0.001 ( 0.127)	Loss 1.0569e+01 (1.0681e+01)
Epoch: [113][240/247]	Time  0.074 ( 0.202)	Data  0.000 ( 0.116)	Loss 1.0732e+01 (1.0681e+01)
Epoch: [114][  0/247]	Time 27.864 (27.864)	Data 27.744 (27.744)	Loss 1.0642e+01 (1.0642e+01)
Epoch: [114][ 20/247]	Time  0.087 ( 1.418)	Data  0.000 ( 1.321)	Loss 1.0656e+01 (1.0694e+01)
Epoch: [114][ 40/247]	Time  0.087 ( 0.767)	Data  0.000 ( 0.677)	Loss 1.0739e+01 (1.0703e+01)
Epoch: [114][ 60/247]	Time  0.091 ( 0.544)	Data  0.000 ( 0.455)	Loss 1.0751e+01 (1.0709e+01)
Epoch: [114][ 80/247]	Time  0.088 ( 0.432)	Data  0.000 ( 0.343)	Loss 1.0675e+01 (1.0716e+01)
Epoch: [114][100/247]	Time  0.091 ( 0.364)	Data  0.000 ( 0.275)	Loss 1.0837e+01 (1.0714e+01)
Epoch: [114][120/247]	Time  0.086 ( 0.318)	Data  0.000 ( 0.230)	Loss 1.0779e+01 (1.0717e+01)
Epoch: [114][140/247]	Time  0.090 ( 0.285)	Data  0.000 ( 0.197)	Loss 1.0705e+01 (1.0716e+01)
Epoch: [114][160/247]	Time  0.084 ( 0.260)	Data  0.000 ( 0.173)	Loss 1.0697e+01 (1.0715e+01)
Epoch: [114][180/247]	Time  0.086 ( 0.241)	Data  0.000 ( 0.154)	Loss 1.0691e+01 (1.0715e+01)
Epoch: [114][200/247]	Time  0.083 ( 0.225)	Data  0.000 ( 0.138)	Loss 1.0739e+01 (1.0713e+01)
Epoch: [114][220/247]	Time  0.084 ( 0.213)	Data  0.000 ( 0.126)	Loss 1.0737e+01 (1.0712e+01)
Epoch: [114][240/247]	Time  0.074 ( 0.202)	Data  0.000 ( 0.115)	Loss 1.0654e+01 (1.0712e+01)
Epoch: [115][  0/247]	Time 27.802 (27.802)	Data 27.657 (27.657)	Loss 1.0592e+01 (1.0592e+01)
Epoch: [115][ 20/247]	Time  0.088 ( 1.407)	Data  0.000 ( 1.318)	Loss 1.0699e+01 (1.0673e+01)
Epoch: [115][ 40/247]	Time  0.084 ( 0.763)	Data  0.000 ( 0.675)	Loss 1.0549e+01 (1.0666e+01)
Epoch: [115][ 60/247]	Time  0.095 ( 0.541)	Data  0.000 ( 0.454)	Loss 1.0611e+01 (1.0670e+01)
Epoch: [115][ 80/247]	Time  0.082 ( 0.429)	Data  0.000 ( 0.342)	Loss 1.0720e+01 (1.0673e+01)
Epoch: [115][100/247]	Time  0.084 ( 0.360)	Data  0.000 ( 0.274)	Loss 1.0746e+01 (1.0671e+01)
Epoch: [115][120/247]	Time  0.085 ( 0.315)	Data  0.000 ( 0.229)	Loss 1.0643e+01 (1.0672e+01)
Epoch: [115][140/247]	Time  0.084 ( 0.283)	Data  0.000 ( 0.197)	Loss 1.0638e+01 (1.0673e+01)
Epoch: [115][160/247]	Time  0.096 ( 0.258)	Data  0.000 ( 0.172)	Loss 1.0622e+01 (1.0677e+01)
Epoch: [115][180/247]	Time  0.085 ( 0.239)	Data  0.000 ( 0.153)	Loss 1.0694e+01 (1.0679e+01)
Epoch: [115][200/247]	Time  0.089 ( 0.224)	Data  0.000 ( 0.138)	Loss 1.0787e+01 (1.0679e+01)
Epoch: [115][220/247]	Time  0.089 ( 0.211)	Data  0.000 ( 0.126)	Loss 1.0727e+01 (1.0682e+01)
Epoch: [115][240/247]	Time  0.075 ( 0.201)	Data  0.000 ( 0.115)	Loss 1.0772e+01 (1.0685e+01)
Epoch: [116][  0/247]	Time 27.941 (27.941)	Data 27.817 (27.817)	Loss 1.0866e+01 (1.0866e+01)
Epoch: [116][ 20/247]	Time  0.092 ( 1.416)	Data  0.000 ( 1.325)	Loss 1.0797e+01 (1.0721e+01)
Epoch: [116][ 40/247]	Time  0.083 ( 0.768)	Data  0.000 ( 0.679)	Loss 1.0847e+01 (1.0722e+01)
Epoch: [116][ 60/247]	Time  0.091 ( 0.545)	Data  0.000 ( 0.456)	Loss 1.0752e+01 (1.0721e+01)
Epoch: [116][ 80/247]	Time  0.087 ( 0.432)	Data  0.000 ( 0.344)	Loss 1.0779e+01 (1.0728e+01)
Epoch: [116][100/247]	Time  0.087 ( 0.364)	Data  0.000 ( 0.276)	Loss 1.0723e+01 (1.0725e+01)
Epoch: [116][120/247]	Time  0.085 ( 0.318)	Data  0.000 ( 0.230)	Loss 1.0747e+01 (1.0718e+01)
Epoch: [116][140/247]	Time  0.086 ( 0.285)	Data  0.000 ( 0.198)	Loss 1.0699e+01 (1.0719e+01)
Epoch: [116][160/247]	Time  0.087 ( 0.260)	Data  0.000 ( 0.173)	Loss 1.0741e+01 (1.0722e+01)
Epoch: [116][180/247]	Time  0.083 ( 0.241)	Data  0.000 ( 0.154)	Loss 1.0631e+01 (1.0721e+01)
Epoch: [116][200/247]	Time  0.087 ( 0.226)	Data  0.000 ( 0.139)	Loss 1.0715e+01 (1.0718e+01)
Epoch: [116][220/247]	Time  0.093 ( 0.213)	Data  0.000 ( 0.126)	Loss 1.0759e+01 (1.0717e+01)
Epoch: [116][240/247]	Time  0.077 ( 0.202)	Data  0.000 ( 0.116)	Loss 1.0825e+01 (1.0716e+01)
Epoch: [117][  0/247]	Time 28.017 (28.017)	Data 27.899 (27.899)	Loss 1.0827e+01 (1.0827e+01)
Epoch: [117][ 20/247]	Time  0.092 ( 1.418)	Data  0.000 ( 1.329)	Loss 1.0636e+01 (1.0704e+01)
Epoch: [117][ 40/247]	Time  0.088 ( 0.769)	Data  0.000 ( 0.681)	Loss 1.0553e+01 (1.0698e+01)
Epoch: [117][ 60/247]	Time  0.086 ( 0.546)	Data  0.000 ( 0.458)	Loss 1.0665e+01 (1.0698e+01)
Epoch: [117][ 80/247]	Time  0.088 ( 0.433)	Data  0.001 ( 0.345)	Loss 1.0686e+01 (1.0696e+01)
Epoch: [117][100/247]	Time  0.088 ( 0.364)	Data  0.000 ( 0.277)	Loss 1.0648e+01 (1.0698e+01)
Epoch: [117][120/247]	Time  0.091 ( 0.319)	Data  0.000 ( 0.231)	Loss 1.0692e+01 (1.0692e+01)
Epoch: [117][140/247]	Time  0.079 ( 0.285)	Data  0.000 ( 0.198)	Loss 1.0756e+01 (1.0691e+01)
Epoch: [117][160/247]	Time  0.089 ( 0.261)	Data  0.000 ( 0.174)	Loss 1.0762e+01 (1.0692e+01)
Epoch: [117][180/247]	Time  0.089 ( 0.242)	Data  0.000 ( 0.154)	Loss 1.0625e+01 (1.0690e+01)
Epoch: [117][200/247]	Time  0.090 ( 0.226)	Data  0.000 ( 0.139)	Loss 1.0659e+01 (1.0688e+01)
Epoch: [117][220/247]	Time  0.083 ( 0.214)	Data  0.000 ( 0.127)	Loss 1.0674e+01 (1.0689e+01)
Epoch: [117][240/247]	Time  0.076 ( 0.203)	Data  0.000 ( 0.116)	Loss 1.0627e+01 (1.0692e+01)
Epoch: [118][  0/247]	Time 28.118 (28.118)	Data 28.003 (28.003)	Loss 1.0668e+01 (1.0668e+01)
Epoch: [118][ 20/247]	Time  0.098 ( 1.423)	Data  0.000 ( 1.334)	Loss 1.0714e+01 (1.0711e+01)
Epoch: [118][ 40/247]	Time  0.090 ( 0.771)	Data  0.000 ( 0.683)	Loss 1.0634e+01 (1.0694e+01)
Epoch: [118][ 60/247]	Time  0.094 ( 0.546)	Data  0.000 ( 0.459)	Loss 1.0653e+01 (1.0697e+01)
Epoch: [118][ 80/247]	Time  0.098 ( 0.433)	Data  0.000 ( 0.346)	Loss 1.0797e+01 (1.0689e+01)
Epoch: [118][100/247]	Time  0.078 ( 0.364)	Data  0.000 ( 0.278)	Loss 1.0718e+01 (1.0694e+01)
Epoch: [118][120/247]	Time  0.086 ( 0.318)	Data  0.000 ( 0.232)	Loss 1.0746e+01 (1.0696e+01)
Epoch: [118][140/247]	Time  0.085 ( 0.286)	Data  0.000 ( 0.199)	Loss 1.0640e+01 (1.0702e+01)
Epoch: [118][160/247]	Time  0.085 ( 0.261)	Data  0.000 ( 0.174)	Loss 1.0558e+01 (1.0697e+01)
Epoch: [118][180/247]	Time  0.087 ( 0.242)	Data  0.000 ( 0.155)	Loss 1.0581e+01 (1.0696e+01)
Epoch: [118][200/247]	Time  0.117 ( 0.227)	Data  0.000 ( 0.140)	Loss 1.0862e+01 (1.0696e+01)
Epoch: [118][220/247]	Time  0.087 ( 0.215)	Data  0.000 ( 0.127)	Loss 1.0597e+01 (1.0691e+01)
Epoch: [118][240/247]	Time  0.077 ( 0.204)	Data  0.000 ( 0.117)	Loss 1.0816e+01 (1.0692e+01)
Epoch: [119][  0/247]	Time 28.147 (28.147)	Data 28.050 (28.050)	Loss 1.0664e+01 (1.0664e+01)
Epoch: [119][ 20/247]	Time  0.078 ( 1.418)	Data  0.000 ( 1.338)	Loss 1.0839e+01 (1.0678e+01)
Epoch: [119][ 40/247]	Time  0.082 ( 0.770)	Data  0.000 ( 0.686)	Loss 1.0740e+01 (1.0684e+01)
Epoch: [119][ 60/247]	Time  0.090 ( 0.546)	Data  0.000 ( 0.462)	Loss 1.0646e+01 (1.0678e+01)
Epoch: [119][ 80/247]	Time  0.088 ( 0.433)	Data  0.000 ( 0.348)	Loss 1.0647e+01 (1.0672e+01)
Epoch: [119][100/247]	Time  0.089 ( 0.364)	Data  0.000 ( 0.279)	Loss 1.0662e+01 (1.0669e+01)
Epoch: [119][120/247]	Time  0.085 ( 0.319)	Data  0.000 ( 0.233)	Loss 1.0725e+01 (1.0668e+01)
Epoch: [119][140/247]	Time  0.085 ( 0.286)	Data  0.000 ( 0.200)	Loss 1.0657e+01 (1.0665e+01)
Epoch: [119][160/247]	Time  0.087 ( 0.261)	Data  0.000 ( 0.175)	Loss 1.0538e+01 (1.0669e+01)
Epoch: [119][180/247]	Time  0.087 ( 0.242)	Data  0.000 ( 0.156)	Loss 1.0678e+01 (1.0667e+01)
Epoch: [119][200/247]	Time  0.086 ( 0.227)	Data  0.000 ( 0.140)	Loss 1.0609e+01 (1.0667e+01)
Epoch: [119][220/247]	Time  0.086 ( 0.214)	Data  0.000 ( 0.128)	Loss 1.0774e+01 (1.0666e+01)
Epoch: [119][240/247]	Time  0.074 ( 0.203)	Data  0.000 ( 0.117)	Loss 1.0507e+01 (1.0668e+01)
Epoch: [120][  0/247]	Time 28.211 (28.211)	Data 28.096 (28.096)	Loss 1.0747e+01 (1.0747e+01)
Epoch: [120][ 20/247]	Time  0.098 ( 1.427)	Data  0.000 ( 1.338)	Loss 1.0667e+01 (1.0699e+01)
Epoch: [120][ 40/247]	Time  0.084 ( 0.773)	Data  0.000 ( 0.686)	Loss 1.0739e+01 (1.0683e+01)
Epoch: [120][ 60/247]	Time  0.087 ( 0.549)	Data  0.000 ( 0.461)	Loss 1.0702e+01 (1.0685e+01)
Epoch: [120][ 80/247]	Time  0.084 ( 0.435)	Data  0.000 ( 0.347)	Loss 1.0756e+01 (1.0686e+01)
Epoch: [120][100/247]	Time  0.093 ( 0.366)	Data  0.000 ( 0.278)	Loss 1.0635e+01 (1.0678e+01)
Epoch: [120][120/247]	Time  0.084 ( 0.320)	Data  0.000 ( 0.233)	Loss 1.0615e+01 (1.0683e+01)
Epoch: [120][140/247]	Time  0.086 ( 0.287)	Data  0.000 ( 0.200)	Loss 1.0670e+01 (1.0683e+01)
Epoch: [120][160/247]	Time  0.092 ( 0.262)	Data  0.000 ( 0.175)	Loss 1.0781e+01 (1.0686e+01)
Epoch: [120][180/247]	Time  0.088 ( 0.243)	Data  0.000 ( 0.156)	Loss 1.0661e+01 (1.0685e+01)
Epoch: [120][200/247]	Time  0.089 ( 0.228)	Data  0.000 ( 0.140)	Loss 1.0654e+01 (1.0685e+01)
Epoch: [120][220/247]	Time  0.088 ( 0.215)	Data  0.000 ( 0.127)	Loss 1.0685e+01 (1.0685e+01)
Epoch: [120][240/247]	Time  0.077 ( 0.204)	Data  0.000 ( 0.117)	Loss 1.0850e+01 (1.0682e+01)
Epoch: [121][  0/247]	Time 27.997 (27.997)	Data 27.886 (27.886)	Loss 1.0674e+01 (1.0674e+01)
Epoch: [121][ 20/247]	Time  0.086 ( 1.416)	Data  0.000 ( 1.328)	Loss 1.0736e+01 (1.0685e+01)
Epoch: [121][ 40/247]	Time  0.082 ( 0.767)	Data  0.000 ( 0.680)	Loss 1.0662e+01 (1.0682e+01)
Epoch: [121][ 60/247]	Time  0.081 ( 0.546)	Data  0.000 ( 0.457)	Loss 1.0612e+01 (1.0681e+01)
Epoch: [121][ 80/247]	Time  0.084 ( 0.432)	Data  0.000 ( 0.345)	Loss 1.0720e+01 (1.0685e+01)
Epoch: [121][100/247]	Time  0.091 ( 0.364)	Data  0.000 ( 0.276)	Loss 1.0629e+01 (1.0686e+01)
Epoch: [121][120/247]	Time  0.083 ( 0.318)	Data  0.000 ( 0.231)	Loss 1.0695e+01 (1.0682e+01)
Epoch: [121][140/247]	Time  0.086 ( 0.285)	Data  0.000 ( 0.198)	Loss 1.0758e+01 (1.0685e+01)
Epoch: [121][160/247]	Time  0.081 ( 0.260)	Data  0.000 ( 0.173)	Loss 1.0755e+01 (1.0685e+01)
Epoch: [121][180/247]	Time  0.084 ( 0.241)	Data  0.000 ( 0.154)	Loss 1.0573e+01 (1.0685e+01)
Epoch: [121][200/247]	Time  0.090 ( 0.225)	Data  0.000 ( 0.139)	Loss 1.0749e+01 (1.0684e+01)
Epoch: [121][220/247]	Time  0.083 ( 0.212)	Data  0.000 ( 0.126)	Loss 1.0549e+01 (1.0684e+01)
Epoch: [121][240/247]	Time  0.069 ( 0.201)	Data  0.000 ( 0.116)	Loss 1.0504e+01 (1.0684e+01)
Epoch: [122][  0/247]	Time 28.031 (28.031)	Data 27.928 (27.928)	Loss 1.0622e+01 (1.0622e+01)
Epoch: [122][ 20/247]	Time  0.095 ( 1.425)	Data  0.000 ( 1.332)	Loss 1.0727e+01 (1.0682e+01)
Epoch: [122][ 40/247]	Time  0.085 ( 0.774)	Data  0.000 ( 0.682)	Loss 1.0806e+01 (1.0687e+01)
Epoch: [122][ 60/247]	Time  0.086 ( 0.548)	Data  0.000 ( 0.459)	Loss 1.0590e+01 (1.0694e+01)
Epoch: [122][ 80/247]	Time  0.084 ( 0.434)	Data  0.000 ( 0.346)	Loss 1.0841e+01 (1.0693e+01)
Epoch: [122][100/247]	Time  0.086 ( 0.365)	Data  0.000 ( 0.277)	Loss 1.0674e+01 (1.0692e+01)
Epoch: [122][120/247]	Time  0.088 ( 0.319)	Data  0.000 ( 0.231)	Loss 1.0806e+01 (1.0691e+01)
Epoch: [122][140/247]	Time  0.088 ( 0.286)	Data  0.000 ( 0.199)	Loss 1.0867e+01 (1.0687e+01)
Epoch: [122][160/247]	Time  0.085 ( 0.262)	Data  0.000 ( 0.174)	Loss 1.0640e+01 (1.0687e+01)
Epoch: [122][180/247]	Time  0.082 ( 0.242)	Data  0.000 ( 0.155)	Loss 1.0853e+01 (1.0684e+01)
Epoch: [122][200/247]	Time  0.081 ( 0.226)	Data  0.000 ( 0.139)	Loss 1.0747e+01 (1.0685e+01)
Epoch: [122][220/247]	Time  0.087 ( 0.213)	Data  0.000 ( 0.127)	Loss 1.0639e+01 (1.0688e+01)
Epoch: [122][240/247]	Time  0.069 ( 0.202)	Data  0.000 ( 0.116)	Loss 1.0849e+01 (1.0687e+01)
Epoch: [123][  0/247]	Time 27.799 (27.799)	Data 27.699 (27.699)	Loss 1.0748e+01 (1.0748e+01)
Epoch: [123][ 20/247]	Time  0.088 ( 1.411)	Data  0.000 ( 1.320)	Loss 1.0769e+01 (1.0671e+01)
Epoch: [123][ 40/247]	Time  0.084 ( 0.765)	Data  0.000 ( 0.676)	Loss 1.0595e+01 (1.0661e+01)
Epoch: [123][ 60/247]	Time  0.087 ( 0.543)	Data  0.000 ( 0.455)	Loss 1.0653e+01 (1.0671e+01)
Epoch: [123][ 80/247]	Time  0.088 ( 0.430)	Data  0.000 ( 0.343)	Loss 1.0638e+01 (1.0675e+01)
Epoch: [123][100/247]	Time  0.086 ( 0.362)	Data  0.000 ( 0.275)	Loss 1.0702e+01 (1.0673e+01)
Epoch: [123][120/247]	Time  0.084 ( 0.316)	Data  0.000 ( 0.229)	Loss 1.0675e+01 (1.0677e+01)
Epoch: [123][140/247]	Time  0.091 ( 0.284)	Data  0.000 ( 0.197)	Loss 1.0758e+01 (1.0679e+01)
Epoch: [123][160/247]	Time  0.086 ( 0.260)	Data  0.000 ( 0.172)	Loss 1.0706e+01 (1.0672e+01)
Epoch: [123][180/247]	Time  0.088 ( 0.241)	Data  0.000 ( 0.153)	Loss 1.0663e+01 (1.0674e+01)
Epoch: [123][200/247]	Time  0.086 ( 0.226)	Data  0.000 ( 0.138)	Loss 1.0814e+01 (1.0675e+01)
Epoch: [123][220/247]	Time  0.089 ( 0.213)	Data  0.000 ( 0.126)	Loss 1.0860e+01 (1.0675e+01)
Epoch: [123][240/247]	Time  0.075 ( 0.202)	Data  0.000 ( 0.115)	Loss 1.0570e+01 (1.0675e+01)
Epoch: [124][  0/247]	Time 27.830 (27.830)	Data 27.721 (27.721)	Loss 1.0663e+01 (1.0663e+01)
Epoch: [124][ 20/247]	Time  0.093 ( 1.409)	Data  0.000 ( 1.320)	Loss 1.0598e+01 (1.0673e+01)
Epoch: [124][ 40/247]	Time  0.087 ( 0.764)	Data  0.000 ( 0.677)	Loss 1.0747e+01 (1.0669e+01)
Epoch: [124][ 60/247]	Time  0.083 ( 0.543)	Data  0.000 ( 0.455)	Loss 1.0678e+01 (1.0671e+01)
Epoch: [124][ 80/247]	Time  0.091 ( 0.431)	Data  0.000 ( 0.343)	Loss 1.0713e+01 (1.0676e+01)
Epoch: [124][100/247]	Time  0.084 ( 0.363)	Data  0.000 ( 0.275)	Loss 1.0769e+01 (1.0676e+01)
Epoch: [124][120/247]	Time  0.091 ( 0.317)	Data  0.000 ( 0.229)	Loss 1.0652e+01 (1.0677e+01)
Epoch: [124][140/247]	Time  0.087 ( 0.284)	Data  0.000 ( 0.197)	Loss 1.0549e+01 (1.0675e+01)
Epoch: [124][160/247]	Time  0.087 ( 0.260)	Data  0.000 ( 0.173)	Loss 1.0641e+01 (1.0675e+01)
Epoch: [124][180/247]	Time  0.088 ( 0.241)	Data  0.000 ( 0.153)	Loss 1.0574e+01 (1.0675e+01)
Epoch: [124][200/247]	Time  0.087 ( 0.226)	Data  0.000 ( 0.138)	Loss 1.0674e+01 (1.0677e+01)
Epoch: [124][220/247]	Time  0.085 ( 0.213)	Data  0.000 ( 0.126)	Loss 1.0751e+01 (1.0678e+01)
Epoch: [124][240/247]	Time  0.074 ( 0.203)	Data  0.000 ( 0.115)	Loss 1.0640e+01 (1.0679e+01)
Epoch: [125][  0/247]	Time 28.038 (28.038)	Data 27.928 (27.928)	Loss 1.0665e+01 (1.0665e+01)
Epoch: [125][ 20/247]	Time  0.081 ( 1.414)	Data  0.000 ( 1.330)	Loss 1.0808e+01 (1.0675e+01)
Epoch: [125][ 40/247]	Time  0.092 ( 0.764)	Data  0.000 ( 0.681)	Loss 1.0610e+01 (1.0685e+01)
Epoch: [125][ 60/247]	Time  0.092 ( 0.544)	Data  0.000 ( 0.458)	Loss 1.0650e+01 (1.0688e+01)
Epoch: [125][ 80/247]	Time  0.082 ( 0.431)	Data  0.000 ( 0.345)	Loss 1.0725e+01 (1.0685e+01)
Epoch: [125][100/247]	Time  0.089 ( 0.363)	Data  0.000 ( 0.277)	Loss 1.0658e+01 (1.0686e+01)
Epoch: [125][120/247]	Time  0.076 ( 0.317)	Data  0.000 ( 0.231)	Loss 1.0779e+01 (1.0683e+01)
Epoch: [125][140/247]	Time  0.079 ( 0.283)	Data  0.000 ( 0.198)	Loss 1.0583e+01 (1.0678e+01)
Epoch: [125][160/247]	Time  0.084 ( 0.258)	Data  0.000 ( 0.174)	Loss 1.0729e+01 (1.0681e+01)
Epoch: [125][180/247]	Time  0.088 ( 0.239)	Data  0.000 ( 0.155)	Loss 1.0585e+01 (1.0682e+01)
Epoch: [125][200/247]	Time  0.083 ( 0.224)	Data  0.000 ( 0.139)	Loss 1.0567e+01 (1.0684e+01)
Epoch: [125][220/247]	Time  0.077 ( 0.211)	Data  0.000 ( 0.127)	Loss 1.0698e+01 (1.0684e+01)
Epoch: [125][240/247]	Time  0.077 ( 0.200)	Data  0.000 ( 0.116)	Loss 1.0612e+01 (1.0683e+01)
Epoch: [126][  0/247]	Time 27.977 (27.977)	Data 27.876 (27.876)	Loss 1.0776e+01 (1.0776e+01)
Epoch: [126][ 20/247]	Time  0.096 ( 1.423)	Data  0.000 ( 1.328)	Loss 1.0633e+01 (1.0662e+01)
Epoch: [126][ 40/247]	Time  0.084 ( 0.771)	Data  0.000 ( 0.680)	Loss 1.0683e+01 (1.0676e+01)
Epoch: [126][ 60/247]	Time  0.081 ( 0.546)	Data  0.000 ( 0.457)	Loss 1.0687e+01 (1.0676e+01)
Epoch: [126][ 80/247]	Time  0.089 ( 0.433)	Data  0.000 ( 0.344)	Loss 1.0658e+01 (1.0679e+01)
Epoch: [126][100/247]	Time  0.085 ( 0.364)	Data  0.000 ( 0.276)	Loss 1.0612e+01 (1.0687e+01)
Epoch: [126][120/247]	Time  0.086 ( 0.319)	Data  0.000 ( 0.231)	Loss 1.0622e+01 (1.0683e+01)
Epoch: [126][140/247]	Time  0.084 ( 0.286)	Data  0.000 ( 0.198)	Loss 1.0802e+01 (1.0684e+01)
Epoch: [126][160/247]	Time  0.087 ( 0.261)	Data  0.000 ( 0.173)	Loss 1.0913e+01 (1.0684e+01)
Epoch: [126][180/247]	Time  0.087 ( 0.242)	Data  0.000 ( 0.154)	Loss 1.0765e+01 (1.0683e+01)
Epoch: [126][200/247]	Time  0.088 ( 0.227)	Data  0.000 ( 0.139)	Loss 1.0622e+01 (1.0680e+01)
Epoch: [126][220/247]	Time  0.084 ( 0.214)	Data  0.000 ( 0.126)	Loss 1.0609e+01 (1.0682e+01)
Epoch: [126][240/247]	Time  0.074 ( 0.203)	Data  0.000 ( 0.116)	Loss 1.0651e+01 (1.0681e+01)
Epoch: [127][  0/247]	Time 27.880 (27.880)	Data 27.740 (27.740)	Loss 1.0689e+01 (1.0689e+01)
Epoch: [127][ 20/247]	Time  0.087 ( 1.411)	Data  0.000 ( 1.321)	Loss 1.0719e+01 (1.0693e+01)
Epoch: [127][ 40/247]	Time  0.083 ( 0.764)	Data  0.000 ( 0.677)	Loss 1.0697e+01 (1.0682e+01)
Epoch: [127][ 60/247]	Time  0.084 ( 0.542)	Data  0.000 ( 0.455)	Loss 1.0868e+01 (1.0690e+01)
Epoch: [127][ 80/247]	Time  0.083 ( 0.429)	Data  0.000 ( 0.343)	Loss 1.0672e+01 (1.0687e+01)
Epoch: [127][100/247]	Time  0.090 ( 0.361)	Data  0.000 ( 0.275)	Loss 1.0805e+01 (1.0686e+01)
Epoch: [127][120/247]	Time  0.089 ( 0.316)	Data  0.000 ( 0.230)	Loss 1.0586e+01 (1.0685e+01)
Epoch: [127][140/247]	Time  0.085 ( 0.283)	Data  0.000 ( 0.197)	Loss 1.0813e+01 (1.0684e+01)
Epoch: [127][160/247]	Time  0.086 ( 0.259)	Data  0.000 ( 0.173)	Loss 1.0843e+01 (1.0686e+01)
Epoch: [127][180/247]	Time  0.089 ( 0.240)	Data  0.000 ( 0.154)	Loss 1.0755e+01 (1.0686e+01)
Epoch: [127][200/247]	Time  0.086 ( 0.224)	Data  0.000 ( 0.138)	Loss 1.0709e+01 (1.0683e+01)
Epoch: [127][220/247]	Time  0.085 ( 0.212)	Data  0.000 ( 0.126)	Loss 1.0708e+01 (1.0680e+01)
Epoch: [127][240/247]	Time  0.075 ( 0.201)	Data  0.000 ( 0.115)	Loss 1.0692e+01 (1.0679e+01)
Epoch: [128][  0/247]	Time 27.805 (27.805)	Data 27.682 (27.682)	Loss 1.0694e+01 (1.0694e+01)
Epoch: [128][ 20/247]	Time  0.082 ( 1.405)	Data  0.000 ( 1.318)	Loss 1.0569e+01 (1.0666e+01)
Epoch: [128][ 40/247]	Time  0.075 ( 0.759)	Data  0.000 ( 0.675)	Loss 1.0569e+01 (1.0667e+01)
Epoch: [128][ 60/247]	Time  0.098 ( 0.538)	Data  0.000 ( 0.454)	Loss 1.0619e+01 (1.0664e+01)
Epoch: [128][ 80/247]	Time  0.082 ( 0.427)	Data  0.000 ( 0.342)	Loss 1.0761e+01 (1.0671e+01)
Epoch: [128][100/247]	Time  0.090 ( 0.359)	Data  0.000 ( 0.274)	Loss 1.0669e+01 (1.0670e+01)
Epoch: [128][120/247]	Time  0.081 ( 0.314)	Data  0.000 ( 0.229)	Loss 1.0645e+01 (1.0670e+01)
Epoch: [128][140/247]	Time  0.084 ( 0.281)	Data  0.000 ( 0.197)	Loss 1.0635e+01 (1.0678e+01)
Epoch: [128][160/247]	Time  0.077 ( 0.257)	Data  0.000 ( 0.172)	Loss 1.0588e+01 (1.0676e+01)
Epoch: [128][180/247]	Time  0.085 ( 0.237)	Data  0.000 ( 0.153)	Loss 1.0555e+01 (1.0677e+01)
Epoch: [128][200/247]	Time  0.079 ( 0.222)	Data  0.000 ( 0.138)	Loss 1.0645e+01 (1.0679e+01)
Epoch: [128][220/247]	Time  0.080 ( 0.209)	Data  0.000 ( 0.126)	Loss 1.0791e+01 (1.0678e+01)
Epoch: [128][240/247]	Time  0.086 ( 0.199)	Data  0.000 ( 0.116)	Loss 1.0703e+01 (1.0679e+01)
Epoch: [129][  0/247]	Time 27.964 (27.964)	Data 27.839 (27.839)	Loss 1.0618e+01 (1.0618e+01)
Epoch: [129][ 20/247]	Time  0.085 ( 1.422)	Data  0.000 ( 1.326)	Loss 1.0582e+01 (1.0656e+01)
Epoch: [129][ 40/247]	Time  0.077 ( 0.770)	Data  0.000 ( 0.679)	Loss 1.0833e+01 (1.0670e+01)
Epoch: [129][ 60/247]	Time  0.077 ( 0.544)	Data  0.000 ( 0.457)	Loss 1.0771e+01 (1.0671e+01)
Epoch: [129][ 80/247]	Time  0.084 ( 0.429)	Data  0.000 ( 0.344)	Loss 1.0608e+01 (1.0674e+01)
Epoch: [129][100/247]	Time  0.088 ( 0.362)	Data  0.000 ( 0.276)	Loss 1.0655e+01 (1.0671e+01)
Epoch: [129][120/247]	Time  0.072 ( 0.315)	Data  0.000 ( 0.230)	Loss 1.0676e+01 (1.0668e+01)
Epoch: [129][140/247]	Time  0.086 ( 0.282)	Data  0.000 ( 0.198)	Loss 1.0673e+01 (1.0670e+01)
Epoch: [129][160/247]	Time  0.086 ( 0.258)	Data  0.000 ( 0.173)	Loss 1.0622e+01 (1.0674e+01)
Epoch: [129][180/247]	Time  0.070 ( 0.239)	Data  0.000 ( 0.154)	Loss 1.0762e+01 (1.0675e+01)
Epoch: [129][200/247]	Time  0.070 ( 0.222)	Data  0.000 ( 0.139)	Loss 1.0655e+01 (1.0671e+01)
Epoch: [129][220/247]	Time  0.072 ( 0.208)	Data  0.000 ( 0.126)	Loss 1.0658e+01 (1.0669e+01)
Epoch: [129][240/247]	Time  0.066 ( 0.197)	Data  0.000 ( 0.116)	Loss 1.0604e+01 (1.0666e+01)
Epoch: [130][  0/247]	Time 27.942 (27.942)	Data 27.844 (27.844)	Loss 1.0657e+01 (1.0657e+01)
Epoch: [130][ 20/247]	Time  0.083 ( 1.410)	Data  0.000 ( 1.326)	Loss 1.0697e+01 (1.0663e+01)
Epoch: [130][ 40/247]	Time  0.075 ( 0.764)	Data  0.000 ( 0.679)	Loss 1.0723e+01 (1.0661e+01)
Epoch: [130][ 60/247]	Time  0.075 ( 0.539)	Data  0.001 ( 0.457)	Loss 1.0704e+01 (1.0664e+01)
Epoch: [130][ 80/247]	Time  0.079 ( 0.425)	Data  0.000 ( 0.344)	Loss 1.0658e+01 (1.0667e+01)
Epoch: [130][100/247]	Time  0.207 ( 0.357)	Data  0.104 ( 0.277)	Loss 1.0807e+01 (1.0671e+01)
Epoch: [130][120/247]	Time  0.088 ( 0.313)	Data  0.000 ( 0.232)	Loss 1.0675e+01 (1.0669e+01)
Epoch: [130][140/247]	Time  0.084 ( 0.281)	Data  0.000 ( 0.199)	Loss 1.0714e+01 (1.0666e+01)
Epoch: [130][160/247]	Time  0.086 ( 0.256)	Data  0.000 ( 0.174)	Loss 1.0718e+01 (1.0670e+01)
Epoch: [130][180/247]	Time  0.088 ( 0.238)	Data  0.000 ( 0.155)	Loss 1.0711e+01 (1.0671e+01)
Epoch: [130][200/247]	Time  0.091 ( 0.223)	Data  0.000 ( 0.140)	Loss 1.0568e+01 (1.0671e+01)
Epoch: [130][220/247]	Time  0.082 ( 0.210)	Data  0.000 ( 0.127)	Loss 1.0689e+01 (1.0672e+01)
Epoch: [130][240/247]	Time  0.074 ( 0.200)	Data  0.000 ( 0.117)	Loss 1.0514e+01 (1.0671e+01)
Epoch: [131][  0/247]	Time 28.021 (28.021)	Data 27.893 (27.893)	Loss 1.0707e+01 (1.0707e+01)
Epoch: [131][ 20/247]	Time  0.089 ( 1.418)	Data  0.000 ( 1.329)	Loss 1.0717e+01 (1.0637e+01)
Epoch: [131][ 40/247]	Time  0.084 ( 0.769)	Data  0.000 ( 0.681)	Loss 1.0653e+01 (1.0628e+01)
Epoch: [131][ 60/247]	Time  0.085 ( 0.545)	Data  0.000 ( 0.458)	Loss 1.0767e+01 (1.0648e+01)
Epoch: [131][ 80/247]	Time  0.082 ( 0.431)	Data  0.000 ( 0.345)	Loss 1.0826e+01 (1.0651e+01)
Epoch: [131][100/247]	Time  0.088 ( 0.363)	Data  0.000 ( 0.276)	Loss 1.0512e+01 (1.0652e+01)
Epoch: [131][120/247]	Time  0.085 ( 0.317)	Data  0.000 ( 0.231)	Loss 1.0728e+01 (1.0655e+01)
Epoch: [131][140/247]	Time  0.081 ( 0.285)	Data  0.000 ( 0.198)	Loss 1.0738e+01 (1.0658e+01)
Epoch: [131][160/247]	Time  0.088 ( 0.260)	Data  0.000 ( 0.174)	Loss 1.0713e+01 (1.0663e+01)
Epoch: [131][180/247]	Time  0.070 ( 0.240)	Data  0.000 ( 0.154)	Loss 1.0668e+01 (1.0665e+01)
Epoch: [131][200/247]	Time  0.076 ( 0.223)	Data  0.000 ( 0.139)	Loss 1.0667e+01 (1.0661e+01)
Epoch: [131][220/247]	Time  0.075 ( 0.210)	Data  0.000 ( 0.127)	Loss 1.0573e+01 (1.0660e+01)
Epoch: [131][240/247]	Time  0.064 ( 0.199)	Data  0.000 ( 0.116)	Loss 1.0719e+01 (1.0658e+01)
Epoch: [132][  0/247]	Time 28.095 (28.095)	Data 27.973 (27.973)	Loss 1.0711e+01 (1.0711e+01)
Epoch: [132][ 20/247]	Time  0.088 ( 1.419)	Data  0.000 ( 1.332)	Loss 1.0595e+01 (1.0675e+01)
Epoch: [132][ 40/247]	Time  0.081 ( 0.769)	Data  0.000 ( 0.683)	Loss 1.0576e+01 (1.0678e+01)
Epoch: [132][ 60/247]	Time  0.085 ( 0.545)	Data  0.000 ( 0.459)	Loss 1.0814e+01 (1.0670e+01)
Epoch: [132][ 80/247]	Time  0.084 ( 0.431)	Data  0.000 ( 0.346)	Loss 1.0706e+01 (1.0673e+01)
Epoch: [132][100/247]	Time  0.083 ( 0.362)	Data  0.000 ( 0.277)	Loss 1.0666e+01 (1.0667e+01)
Epoch: [132][120/247]	Time  0.090 ( 0.317)	Data  0.000 ( 0.231)	Loss 1.0666e+01 (1.0662e+01)
Epoch: [132][140/247]	Time  0.081 ( 0.284)	Data  0.000 ( 0.199)	Loss 1.0622e+01 (1.0665e+01)
Epoch: [132][160/247]	Time  0.083 ( 0.260)	Data  0.000 ( 0.174)	Loss 1.0585e+01 (1.0662e+01)
Epoch: [132][180/247]	Time  0.085 ( 0.240)	Data  0.000 ( 0.155)	Loss 1.0772e+01 (1.0664e+01)
Epoch: [132][200/247]	Time  0.081 ( 0.225)	Data  0.000 ( 0.139)	Loss 1.0733e+01 (1.0664e+01)
Epoch: [132][220/247]	Time  0.086 ( 0.212)	Data  0.000 ( 0.127)	Loss 1.0672e+01 (1.0664e+01)
Epoch: [132][240/247]	Time  0.076 ( 0.202)	Data  0.000 ( 0.116)	Loss 1.0728e+01 (1.0662e+01)
Epoch: [133][  0/247]	Time 28.053 (28.053)	Data 27.941 (27.941)	Loss 1.0716e+01 (1.0716e+01)
Epoch: [133][ 20/247]	Time  0.084 ( 1.415)	Data  0.000 ( 1.331)	Loss 1.0570e+01 (1.0628e+01)
Epoch: [133][ 40/247]	Time  0.084 ( 0.767)	Data  0.000 ( 0.682)	Loss 1.0771e+01 (1.0642e+01)
Epoch: [133][ 60/247]	Time  0.089 ( 0.544)	Data  0.000 ( 0.458)	Loss 1.0593e+01 (1.0644e+01)
Epoch: [133][ 80/247]	Time  0.096 ( 0.433)	Data  0.000 ( 0.345)	Loss 1.0775e+01 (1.0648e+01)
Epoch: [133][100/247]	Time  0.092 ( 0.365)	Data  0.000 ( 0.277)	Loss 1.0678e+01 (1.0660e+01)
Epoch: [133][120/247]	Time  0.073 ( 0.319)	Data  0.000 ( 0.231)	Loss 1.0471e+01 (1.0658e+01)
Epoch: [133][140/247]	Time  0.092 ( 0.286)	Data  0.000 ( 0.198)	Loss 1.0566e+01 (1.0654e+01)
Epoch: [133][160/247]	Time  0.082 ( 0.261)	Data  0.000 ( 0.174)	Loss 1.0567e+01 (1.0659e+01)
Epoch: [133][180/247]	Time  0.089 ( 0.241)	Data  0.000 ( 0.155)	Loss 1.0614e+01 (1.0659e+01)
Epoch: [133][200/247]	Time  0.071 ( 0.226)	Data  0.000 ( 0.139)	Loss 1.0525e+01 (1.0661e+01)
Epoch: [133][220/247]	Time  0.087 ( 0.213)	Data  0.000 ( 0.127)	Loss 1.0537e+01 (1.0662e+01)
Epoch: [133][240/247]	Time  0.077 ( 0.202)	Data  0.000 ( 0.116)	Loss 1.0562e+01 (1.0660e+01)
Epoch: [134][  0/247]	Time 28.126 (28.126)	Data 28.005 (28.005)	Loss 1.0609e+01 (1.0609e+01)
Epoch: [134][ 20/247]	Time  0.087 ( 1.419)	Data  0.000 ( 1.334)	Loss 1.0747e+01 (1.0668e+01)
Epoch: [134][ 40/247]	Time  0.084 ( 0.772)	Data  0.000 ( 0.683)	Loss 1.0794e+01 (1.0660e+01)
Epoch: [134][ 60/247]	Time  0.086 ( 0.547)	Data  0.000 ( 0.459)	Loss 1.0726e+01 (1.0663e+01)
Epoch: [134][ 80/247]	Time  0.085 ( 0.433)	Data  0.000 ( 0.346)	Loss 1.0623e+01 (1.0661e+01)
Epoch: [134][100/247]	Time  0.083 ( 0.365)	Data  0.001 ( 0.278)	Loss 1.0751e+01 (1.0661e+01)
Epoch: [134][120/247]	Time  0.098 ( 0.319)	Data  0.000 ( 0.232)	Loss 1.0662e+01 (1.0655e+01)
Epoch: [134][140/247]	Time  0.085 ( 0.286)	Data  0.000 ( 0.199)	Loss 1.0716e+01 (1.0651e+01)
Epoch: [134][160/247]	Time  0.090 ( 0.262)	Data  0.000 ( 0.174)	Loss 1.0608e+01 (1.0648e+01)
Epoch: [134][180/247]	Time  0.086 ( 0.242)	Data  0.000 ( 0.155)	Loss 1.0464e+01 (1.0649e+01)
Epoch: [134][200/247]	Time  0.086 ( 0.227)	Data  0.000 ( 0.140)	Loss 1.0577e+01 (1.0651e+01)
Epoch: [134][220/247]	Time  0.086 ( 0.214)	Data  0.000 ( 0.127)	Loss 1.0694e+01 (1.0652e+01)
Epoch: [134][240/247]	Time  0.075 ( 0.203)	Data  0.000 ( 0.116)	Loss 1.0651e+01 (1.0654e+01)
Epoch: [135][  0/247]	Time 28.038 (28.038)	Data 27.942 (27.942)	Loss 1.0708e+01 (1.0708e+01)
Epoch: [135][ 20/247]	Time  0.077 ( 1.415)	Data  0.000 ( 1.331)	Loss 1.0656e+01 (1.0676e+01)
Epoch: [135][ 40/247]	Time  0.080 ( 0.765)	Data  0.000 ( 0.682)	Loss 1.0603e+01 (1.0656e+01)
Epoch: [135][ 60/247]	Time  0.090 ( 0.542)	Data  0.000 ( 0.458)	Loss 1.0573e+01 (1.0656e+01)
Epoch: [135][ 80/247]	Time  0.084 ( 0.429)	Data  0.000 ( 0.345)	Loss 1.0519e+01 (1.0656e+01)
Epoch: [135][100/247]	Time  0.084 ( 0.361)	Data  0.000 ( 0.277)	Loss 1.0788e+01 (1.0656e+01)
Epoch: [135][120/247]	Time  0.085 ( 0.316)	Data  0.000 ( 0.231)	Loss 1.0748e+01 (1.0655e+01)
Epoch: [135][140/247]	Time  0.088 ( 0.283)	Data  0.000 ( 0.198)	Loss 1.0626e+01 (1.0653e+01)
Epoch: [135][160/247]	Time  0.085 ( 0.259)	Data  0.000 ( 0.174)	Loss 1.0618e+01 (1.0649e+01)
Epoch: [135][180/247]	Time  0.090 ( 0.240)	Data  0.000 ( 0.155)	Loss 1.0674e+01 (1.0653e+01)
Epoch: [135][200/247]	Time  0.080 ( 0.224)	Data  0.000 ( 0.139)	Loss 1.0617e+01 (1.0655e+01)
Epoch: [135][220/247]	Time  0.075 ( 0.211)	Data  0.000 ( 0.127)	Loss 1.0719e+01 (1.0658e+01)
Epoch: [135][240/247]	Time  0.077 ( 0.200)	Data  0.000 ( 0.116)	Loss 1.0683e+01 (1.0656e+01)
Epoch: [136][  0/247]	Time 28.078 (28.078)	Data 27.965 (27.965)	Loss 1.0723e+01 (1.0723e+01)
Epoch: [136][ 20/247]	Time  0.081 ( 1.417)	Data  0.000 ( 1.332)	Loss 1.0758e+01 (1.0685e+01)
Epoch: [136][ 40/247]	Time  0.082 ( 0.768)	Data  0.000 ( 0.682)	Loss 1.0564e+01 (1.0679e+01)
Epoch: [136][ 60/247]	Time  0.090 ( 0.544)	Data  0.000 ( 0.459)	Loss 1.0585e+01 (1.0669e+01)
Epoch: [136][ 80/247]	Time  0.096 ( 0.432)	Data  0.000 ( 0.346)	Loss 1.0697e+01 (1.0664e+01)
Epoch: [136][100/247]	Time  0.087 ( 0.364)	Data  0.000 ( 0.277)	Loss 1.0813e+01 (1.0667e+01)
Epoch: [136][120/247]	Time  0.085 ( 0.318)	Data  0.000 ( 0.231)	Loss 1.0660e+01 (1.0666e+01)
Epoch: [136][140/247]	Time  0.085 ( 0.285)	Data  0.000 ( 0.199)	Loss 1.0635e+01 (1.0669e+01)
Epoch: [136][160/247]	Time  0.085 ( 0.260)	Data  0.000 ( 0.174)	Loss 1.0564e+01 (1.0668e+01)
Epoch: [136][180/247]	Time  0.096 ( 0.241)	Data  0.000 ( 0.155)	Loss 1.0615e+01 (1.0668e+01)
Epoch: [136][200/247]	Time  0.090 ( 0.226)	Data  0.000 ( 0.139)	Loss 1.0651e+01 (1.0663e+01)
Epoch: [136][220/247]	Time  0.086 ( 0.214)	Data  0.000 ( 0.127)	Loss 1.0650e+01 (1.0665e+01)
Epoch: [136][240/247]	Time  0.076 ( 0.203)	Data  0.000 ( 0.116)	Loss 1.0738e+01 (1.0661e+01)
Epoch: [137][  0/247]	Time 27.843 (27.843)	Data 27.724 (27.724)	Loss 1.0456e+01 (1.0456e+01)
Epoch: [137][ 20/247]	Time  0.097 ( 1.411)	Data  0.000 ( 1.320)	Loss 1.0595e+01 (1.0664e+01)
Epoch: [137][ 40/247]	Time  0.083 ( 0.765)	Data  0.000 ( 0.676)	Loss 1.0736e+01 (1.0655e+01)
Epoch: [137][ 60/247]	Time  0.085 ( 0.543)	Data  0.000 ( 0.455)	Loss 1.0680e+01 (1.0664e+01)
Epoch: [137][ 80/247]	Time  0.086 ( 0.429)	Data  0.000 ( 0.343)	Loss 1.0711e+01 (1.0666e+01)
Epoch: [137][100/247]	Time  0.083 ( 0.361)	Data  0.000 ( 0.275)	Loss 1.0610e+01 (1.0665e+01)
Epoch: [137][120/247]	Time  0.087 ( 0.316)	Data  0.000 ( 0.229)	Loss 1.0617e+01 (1.0667e+01)
Epoch: [137][140/247]	Time  0.084 ( 0.284)	Data  0.000 ( 0.197)	Loss 1.0680e+01 (1.0668e+01)
Epoch: [137][160/247]	Time  0.085 ( 0.259)	Data  0.000 ( 0.173)	Loss 1.0704e+01 (1.0667e+01)
Epoch: [137][180/247]	Time  0.085 ( 0.240)	Data  0.000 ( 0.153)	Loss 1.0533e+01 (1.0663e+01)
Epoch: [137][200/247]	Time  0.089 ( 0.225)	Data  0.000 ( 0.138)	Loss 1.0761e+01 (1.0662e+01)
Epoch: [137][220/247]	Time  0.084 ( 0.212)	Data  0.000 ( 0.126)	Loss 1.0659e+01 (1.0664e+01)
Epoch: [137][240/247]	Time  0.076 ( 0.202)	Data  0.000 ( 0.115)	Loss 1.0731e+01 (1.0665e+01)
Epoch: [138][  0/247]	Time 27.766 (27.766)	Data 27.655 (27.655)	Loss 1.0742e+01 (1.0742e+01)
Epoch: [138][ 20/247]	Time  0.082 ( 1.405)	Data  0.000 ( 1.317)	Loss 1.0815e+01 (1.0670e+01)
Epoch: [138][ 40/247]	Time  0.090 ( 0.762)	Data  0.000 ( 0.675)	Loss 1.0629e+01 (1.0664e+01)
Epoch: [138][ 60/247]	Time  0.083 ( 0.540)	Data  0.000 ( 0.454)	Loss 1.0555e+01 (1.0665e+01)
Epoch: [138][ 80/247]	Time  0.085 ( 0.428)	Data  0.000 ( 0.342)	Loss 1.0863e+01 (1.0663e+01)
Epoch: [138][100/247]	Time  0.087 ( 0.361)	Data  0.000 ( 0.274)	Loss 1.0731e+01 (1.0664e+01)
Epoch: [138][120/247]	Time  0.092 ( 0.315)	Data  0.000 ( 0.229)	Loss 1.0601e+01 (1.0663e+01)
Epoch: [138][140/247]	Time  0.082 ( 0.282)	Data  0.000 ( 0.196)	Loss 1.0731e+01 (1.0661e+01)
Epoch: [138][160/247]	Time  0.083 ( 0.258)	Data  0.000 ( 0.172)	Loss 1.0575e+01 (1.0666e+01)
Epoch: [138][180/247]	Time  0.086 ( 0.239)	Data  0.000 ( 0.153)	Loss 1.0647e+01 (1.0665e+01)
Epoch: [138][200/247]	Time  0.086 ( 0.223)	Data  0.000 ( 0.138)	Loss 1.0806e+01 (1.0667e+01)
Epoch: [138][220/247]	Time  0.080 ( 0.211)	Data  0.000 ( 0.125)	Loss 1.0702e+01 (1.0668e+01)
Epoch: [138][240/247]	Time  0.075 ( 0.201)	Data  0.000 ( 0.115)	Loss 1.0746e+01 (1.0664e+01)
Epoch: [139][  0/247]	Time 27.983 (27.983)	Data 27.802 (27.802)	Loss 1.0725e+01 (1.0725e+01)
Epoch: [139][ 20/247]	Time  0.093 ( 1.417)	Data  0.000 ( 1.324)	Loss 1.0741e+01 (1.0662e+01)
Epoch: [139][ 40/247]	Time  0.081 ( 0.767)	Data  0.000 ( 0.678)	Loss 1.0796e+01 (1.0664e+01)
Epoch: [139][ 60/247]	Time  0.086 ( 0.544)	Data  0.000 ( 0.456)	Loss 1.0523e+01 (1.0654e+01)
Epoch: [139][ 80/247]	Time  0.088 ( 0.431)	Data  0.000 ( 0.344)	Loss 1.0730e+01 (1.0654e+01)
Epoch: [139][100/247]	Time  0.088 ( 0.363)	Data  0.000 ( 0.276)	Loss 1.0704e+01 (1.0653e+01)
Epoch: [139][120/247]	Time  0.084 ( 0.317)	Data  0.000 ( 0.230)	Loss 1.0756e+01 (1.0660e+01)
Epoch: [139][140/247]	Time  0.083 ( 0.285)	Data  0.000 ( 0.197)	Loss 1.0638e+01 (1.0660e+01)
Epoch: [139][160/247]	Time  0.091 ( 0.260)	Data  0.000 ( 0.173)	Loss 1.0726e+01 (1.0664e+01)
Epoch: [139][180/247]	Time  0.085 ( 0.241)	Data  0.000 ( 0.154)	Loss 1.0577e+01 (1.0662e+01)
Epoch: [139][200/247]	Time  0.079 ( 0.225)	Data  0.000 ( 0.139)	Loss 1.0623e+01 (1.0665e+01)
Epoch: [139][220/247]	Time  0.085 ( 0.212)	Data  0.000 ( 0.126)	Loss 1.0756e+01 (1.0665e+01)
Epoch: [139][240/247]	Time  0.076 ( 0.201)	Data  0.000 ( 0.116)	Loss 1.0835e+01 (1.0664e+01)
Epoch: [140][  0/247]	Time 27.824 (27.824)	Data 27.713 (27.713)	Loss 1.0628e+01 (1.0628e+01)
Epoch: [140][ 20/247]	Time  0.085 ( 1.409)	Data  0.000 ( 1.323)	Loss 1.0695e+01 (1.0658e+01)
Epoch: [140][ 40/247]	Time  0.078 ( 0.763)	Data  0.000 ( 0.678)	Loss 1.0699e+01 (1.0662e+01)
Epoch: [140][ 60/247]	Time  0.089 ( 0.541)	Data  0.000 ( 0.456)	Loss 1.0695e+01 (1.0657e+01)
Epoch: [140][ 80/247]	Time  0.083 ( 0.429)	Data  0.000 ( 0.343)	Loss 1.0659e+01 (1.0655e+01)
Epoch: [140][100/247]	Time  0.085 ( 0.361)	Data  0.000 ( 0.275)	Loss 1.0680e+01 (1.0652e+01)
Epoch: [140][120/247]	Time  0.087 ( 0.316)	Data  0.000 ( 0.230)	Loss 1.0572e+01 (1.0654e+01)
Epoch: [140][140/247]	Time  0.085 ( 0.283)	Data  0.000 ( 0.197)	Loss 1.0668e+01 (1.0650e+01)
Epoch: [140][160/247]	Time  0.085 ( 0.259)	Data  0.000 ( 0.173)	Loss 1.0874e+01 (1.0649e+01)
Epoch: [140][180/247]	Time  0.088 ( 0.240)	Data  0.000 ( 0.154)	Loss 1.0573e+01 (1.0651e+01)
Epoch: [140][200/247]	Time  0.083 ( 0.225)	Data  0.000 ( 0.138)	Loss 1.0620e+01 (1.0655e+01)
Epoch: [140][220/247]	Time  0.084 ( 0.212)	Data  0.000 ( 0.126)	Loss 1.0594e+01 (1.0654e+01)
Epoch: [140][240/247]	Time  0.076 ( 0.202)	Data  0.000 ( 0.116)	Loss 1.0791e+01 (1.0656e+01)
Epoch: [141][  0/247]	Time 27.885 (27.885)	Data 27.749 (27.749)	Loss 1.0671e+01 (1.0671e+01)
Epoch: [141][ 20/247]	Time  0.088 ( 1.413)	Data  0.000 ( 1.322)	Loss 1.0621e+01 (1.0666e+01)
Epoch: [141][ 40/247]	Time  0.082 ( 0.765)	Data  0.000 ( 0.677)	Loss 1.0501e+01 (1.0670e+01)
Epoch: [141][ 60/247]	Time  0.087 ( 0.543)	Data  0.000 ( 0.455)	Loss 1.0605e+01 (1.0661e+01)
Epoch: [141][ 80/247]	Time  0.083 ( 0.430)	Data  0.000 ( 0.343)	Loss 1.0703e+01 (1.0656e+01)
Epoch: [141][100/247]	Time  0.077 ( 0.362)	Data  0.000 ( 0.275)	Loss 1.0584e+01 (1.0657e+01)
Epoch: [141][120/247]	Time  0.084 ( 0.316)	Data  0.000 ( 0.230)	Loss 1.0701e+01 (1.0661e+01)
Epoch: [141][140/247]	Time  0.088 ( 0.284)	Data  0.000 ( 0.197)	Loss 1.0700e+01 (1.0660e+01)
Epoch: [141][160/247]	Time  0.083 ( 0.259)	Data  0.000 ( 0.173)	Loss 1.0755e+01 (1.0662e+01)
Epoch: [141][180/247]	Time  0.087 ( 0.240)	Data  0.000 ( 0.154)	Loss 1.0579e+01 (1.0663e+01)
Epoch: [141][200/247]	Time  0.086 ( 0.225)	Data  0.000 ( 0.138)	Loss 1.0684e+01 (1.0666e+01)
Epoch: [141][220/247]	Time  0.080 ( 0.213)	Data  0.000 ( 0.126)	Loss 1.0780e+01 (1.0668e+01)
Epoch: [141][240/247]	Time  0.072 ( 0.201)	Data  0.000 ( 0.115)	Loss 1.0624e+01 (1.0666e+01)
Epoch: [142][  0/247]	Time 27.857 (27.857)	Data 27.742 (27.742)	Loss 1.0692e+01 (1.0692e+01)
Epoch: [142][ 20/247]	Time  0.083 ( 1.408)	Data  0.000 ( 1.321)	Loss 1.0506e+01 (1.0667e+01)
Epoch: [142][ 40/247]	Time  0.084 ( 0.763)	Data  0.000 ( 0.677)	Loss 1.0593e+01 (1.0655e+01)
Epoch: [142][ 60/247]	Time  0.086 ( 0.541)	Data  0.000 ( 0.455)	Loss 1.0651e+01 (1.0658e+01)
Epoch: [142][ 80/247]	Time  0.091 ( 0.429)	Data  0.000 ( 0.343)	Loss 1.0682e+01 (1.0660e+01)
Epoch: [142][100/247]	Time  0.089 ( 0.362)	Data  0.000 ( 0.275)	Loss 1.0537e+01 (1.0656e+01)
Epoch: [142][120/247]	Time  0.100 ( 0.318)	Data  0.000 ( 0.230)	Loss 1.0670e+01 (1.0663e+01)
Epoch: [142][140/247]	Time  0.086 ( 0.285)	Data  0.000 ( 0.197)	Loss 1.0641e+01 (1.0660e+01)
Epoch: [142][160/247]	Time  0.084 ( 0.260)	Data  0.000 ( 0.173)	Loss 1.0610e+01 (1.0659e+01)
Epoch: [142][180/247]	Time  0.086 ( 0.241)	Data  0.000 ( 0.154)	Loss 1.0815e+01 (1.0663e+01)
Epoch: [142][200/247]	Time  0.077 ( 0.225)	Data  0.000 ( 0.138)	Loss 1.0538e+01 (1.0664e+01)
Epoch: [142][220/247]	Time  0.088 ( 0.213)	Data  0.000 ( 0.126)	Loss 1.0716e+01 (1.0665e+01)
Epoch: [142][240/247]	Time  0.078 ( 0.202)	Data  0.000 ( 0.115)	Loss 1.0845e+01 (1.0667e+01)
Epoch: [143][  0/247]	Time 27.916 (27.916)	Data 27.825 (27.825)	Loss 1.0728e+01 (1.0728e+01)
Epoch: [143][ 20/247]	Time  0.078 ( 1.410)	Data  0.000 ( 1.325)	Loss 1.0609e+01 (1.0653e+01)
Epoch: [143][ 40/247]	Time  0.082 ( 0.764)	Data  0.000 ( 0.679)	Loss 1.0555e+01 (1.0659e+01)
Epoch: [143][ 60/247]	Time  0.078 ( 0.540)	Data  0.000 ( 0.456)	Loss 1.0716e+01 (1.0665e+01)
Epoch: [143][ 80/247]	Time  0.084 ( 0.427)	Data  0.000 ( 0.344)	Loss 1.0699e+01 (1.0668e+01)
Epoch: [143][100/247]	Time  0.085 ( 0.360)	Data  0.000 ( 0.276)	Loss 1.0604e+01 (1.0665e+01)
Epoch: [143][120/247]	Time  0.085 ( 0.315)	Data  0.000 ( 0.230)	Loss 1.0706e+01 (1.0662e+01)
Epoch: [143][140/247]	Time  0.091 ( 0.283)	Data  0.000 ( 0.198)	Loss 1.0768e+01 (1.0664e+01)
Epoch: [143][160/247]	Time  0.087 ( 0.258)	Data  0.000 ( 0.173)	Loss 1.0594e+01 (1.0665e+01)
Epoch: [143][180/247]	Time  0.092 ( 0.239)	Data  0.000 ( 0.154)	Loss 1.0645e+01 (1.0662e+01)
Epoch: [143][200/247]	Time  0.079 ( 0.223)	Data  0.000 ( 0.139)	Loss 1.0629e+01 (1.0665e+01)
Epoch: [143][220/247]	Time  0.086 ( 0.211)	Data  0.000 ( 0.126)	Loss 1.0602e+01 (1.0664e+01)
Epoch: [143][240/247]	Time  0.072 ( 0.200)	Data  0.000 ( 0.116)	Loss 1.0606e+01 (1.0663e+01)
Epoch: [144][  0/247]	Time 28.056 (28.056)	Data 27.944 (27.944)	Loss 1.0584e+01 (1.0584e+01)
Epoch: [144][ 20/247]	Time  0.092 ( 1.420)	Data  0.000 ( 1.331)	Loss 1.0568e+01 (1.0643e+01)
Epoch: [144][ 40/247]	Time  0.087 ( 0.771)	Data  0.000 ( 0.682)	Loss 1.0719e+01 (1.0652e+01)
Epoch: [144][ 60/247]	Time  0.090 ( 0.547)	Data  0.000 ( 0.458)	Loss 1.0634e+01 (1.0641e+01)
Epoch: [144][ 80/247]	Time  0.081 ( 0.434)	Data  0.000 ( 0.345)	Loss 1.0667e+01 (1.0641e+01)
Epoch: [144][100/247]	Time  0.077 ( 0.365)	Data  0.000 ( 0.277)	Loss 1.0710e+01 (1.0643e+01)
Epoch: [144][120/247]	Time  0.072 ( 0.316)	Data  0.000 ( 0.231)	Loss 1.0805e+01 (1.0645e+01)
Epoch: [144][140/247]	Time  0.082 ( 0.282)	Data  0.000 ( 0.198)	Loss 1.0622e+01 (1.0644e+01)
Epoch: [144][160/247]	Time  0.086 ( 0.257)	Data  0.000 ( 0.174)	Loss 1.0702e+01 (1.0650e+01)
Epoch: [144][180/247]	Time  0.084 ( 0.238)	Data  0.000 ( 0.155)	Loss 1.0658e+01 (1.0653e+01)
Epoch: [144][200/247]	Time  0.085 ( 0.223)	Data  0.000 ( 0.139)	Loss 1.0673e+01 (1.0654e+01)
Epoch: [144][220/247]	Time  0.088 ( 0.211)	Data  0.000 ( 0.127)	Loss 1.0631e+01 (1.0652e+01)
Epoch: [144][240/247]	Time  0.076 ( 0.200)	Data  0.000 ( 0.116)	Loss 1.0788e+01 (1.0656e+01)
Epoch: [145][  0/247]	Time 27.972 (27.972)	Data 27.864 (27.864)	Loss 1.0631e+01 (1.0631e+01)
Epoch: [145][ 20/247]	Time  0.088 ( 1.415)	Data  0.000 ( 1.327)	Loss 1.0672e+01 (1.0642e+01)
Epoch: [145][ 40/247]	Time  0.082 ( 0.769)	Data  0.000 ( 0.680)	Loss 1.0534e+01 (1.0639e+01)
Epoch: [145][ 60/247]	Time  0.090 ( 0.545)	Data  0.000 ( 0.457)	Loss 1.0709e+01 (1.0641e+01)
Epoch: [145][ 80/247]	Time  0.091 ( 0.432)	Data  0.000 ( 0.344)	Loss 1.0655e+01 (1.0636e+01)
Epoch: [145][100/247]	Time  0.087 ( 0.364)	Data  0.000 ( 0.276)	Loss 1.0614e+01 (1.0643e+01)
Epoch: [145][120/247]	Time  0.083 ( 0.318)	Data  0.000 ( 0.231)	Loss 1.0698e+01 (1.0642e+01)
Epoch: [145][140/247]	Time  0.084 ( 0.285)	Data  0.000 ( 0.198)	Loss 1.0604e+01 (1.0644e+01)
Epoch: [145][160/247]	Time  0.086 ( 0.261)	Data  0.000 ( 0.173)	Loss 1.0651e+01 (1.0643e+01)
Epoch: [145][180/247]	Time  0.085 ( 0.242)	Data  0.000 ( 0.154)	Loss 1.0601e+01 (1.0646e+01)
Epoch: [145][200/247]	Time  0.089 ( 0.226)	Data  0.000 ( 0.139)	Loss 1.0698e+01 (1.0649e+01)
Epoch: [145][220/247]	Time  0.083 ( 0.214)	Data  0.000 ( 0.126)	Loss 1.0676e+01 (1.0650e+01)
Epoch: [145][240/247]	Time  0.070 ( 0.203)	Data  0.000 ( 0.116)	Loss 1.0666e+01 (1.0650e+01)
Epoch: [146][  0/247]	Time 27.798 (27.798)	Data 27.676 (27.676)	Loss 1.0780e+01 (1.0780e+01)
Epoch: [146][ 20/247]	Time  0.125 ( 1.411)	Data  0.000 ( 1.318)	Loss 1.0511e+01 (1.0654e+01)
Epoch: [146][ 40/247]	Time  0.084 ( 0.765)	Data  0.000 ( 0.675)	Loss 1.0784e+01 (1.0660e+01)
Epoch: [146][ 60/247]	Time  0.100 ( 0.543)	Data  0.001 ( 0.454)	Loss 1.0667e+01 (1.0663e+01)
Epoch: [146][ 80/247]	Time  0.086 ( 0.431)	Data  0.000 ( 0.342)	Loss 1.0630e+01 (1.0662e+01)
Epoch: [146][100/247]	Time  0.089 ( 0.363)	Data  0.000 ( 0.274)	Loss 1.0462e+01 (1.0659e+01)
Epoch: [146][120/247]	Time  0.091 ( 0.317)	Data  0.000 ( 0.229)	Loss 1.0681e+01 (1.0659e+01)
Epoch: [146][140/247]	Time  0.089 ( 0.285)	Data  0.000 ( 0.197)	Loss 1.0606e+01 (1.0659e+01)
Epoch: [146][160/247]	Time  0.085 ( 0.260)	Data  0.000 ( 0.172)	Loss 1.0802e+01 (1.0657e+01)
Epoch: [146][180/247]	Time  0.087 ( 0.241)	Data  0.000 ( 0.153)	Loss 1.0790e+01 (1.0656e+01)
Epoch: [146][200/247]	Time  0.088 ( 0.226)	Data  0.000 ( 0.138)	Loss 1.0713e+01 (1.0658e+01)
Epoch: [146][220/247]	Time  0.087 ( 0.213)	Data  0.000 ( 0.126)	Loss 1.0707e+01 (1.0656e+01)
Epoch: [146][240/247]	Time  0.074 ( 0.203)	Data  0.000 ( 0.115)	Loss 1.0756e+01 (1.0656e+01)
Epoch: [147][  0/247]	Time 28.049 (28.049)	Data 27.943 (27.943)	Loss 1.0672e+01 (1.0672e+01)
Epoch: [147][ 20/247]	Time  0.088 ( 1.418)	Data  0.000 ( 1.331)	Loss 1.0549e+01 (1.0673e+01)
Epoch: [147][ 40/247]	Time  0.086 ( 0.769)	Data  0.000 ( 0.682)	Loss 1.0593e+01 (1.0669e+01)
Epoch: [147][ 60/247]	Time  0.091 ( 0.545)	Data  0.000 ( 0.458)	Loss 1.0582e+01 (1.0664e+01)
Epoch: [147][ 80/247]	Time  0.090 ( 0.432)	Data  0.000 ( 0.345)	Loss 1.0697e+01 (1.0663e+01)
Epoch: [147][100/247]	Time  0.086 ( 0.364)	Data  0.000 ( 0.277)	Loss 1.0743e+01 (1.0660e+01)
Epoch: [147][120/247]	Time  0.093 ( 0.318)	Data  0.000 ( 0.231)	Loss 1.0749e+01 (1.0662e+01)
Epoch: [147][140/247]	Time  0.093 ( 0.285)	Data  0.000 ( 0.198)	Loss 1.0825e+01 (1.0666e+01)
Epoch: [147][160/247]	Time  0.088 ( 0.261)	Data  0.000 ( 0.174)	Loss 1.0609e+01 (1.0664e+01)
Epoch: [147][180/247]	Time  0.084 ( 0.242)	Data  0.000 ( 0.155)	Loss 1.0707e+01 (1.0662e+01)
Epoch: [147][200/247]	Time  0.085 ( 0.227)	Data  0.000 ( 0.139)	Loss 1.0617e+01 (1.0659e+01)
Epoch: [147][220/247]	Time  0.089 ( 0.214)	Data  0.000 ( 0.127)	Loss 1.0613e+01 (1.0659e+01)
Epoch: [147][240/247]	Time  0.075 ( 0.203)	Data  0.000 ( 0.116)	Loss 1.0610e+01 (1.0658e+01)
Epoch: [148][  0/247]	Time 27.981 (27.981)	Data 27.877 (27.877)	Loss 1.0769e+01 (1.0769e+01)
Epoch: [148][ 20/247]	Time  0.086 ( 1.414)	Data  0.000 ( 1.328)	Loss 1.0617e+01 (1.0624e+01)
Epoch: [148][ 40/247]	Time  0.088 ( 0.767)	Data  0.000 ( 0.680)	Loss 1.0575e+01 (1.0648e+01)
Epoch: [148][ 60/247]	Time  0.089 ( 0.544)	Data  0.000 ( 0.457)	Loss 1.0512e+01 (1.0653e+01)
Epoch: [148][ 80/247]	Time  0.085 ( 0.431)	Data  0.000 ( 0.344)	Loss 1.0553e+01 (1.0651e+01)
Epoch: [148][100/247]	Time  0.084 ( 0.363)	Data  0.000 ( 0.276)	Loss 1.0696e+01 (1.0659e+01)
Epoch: [148][120/247]	Time  0.085 ( 0.317)	Data  0.000 ( 0.231)	Loss 1.0604e+01 (1.0662e+01)
Epoch: [148][140/247]	Time  0.095 ( 0.285)	Data  0.000 ( 0.198)	Loss 1.0703e+01 (1.0663e+01)
Epoch: [148][160/247]	Time  0.082 ( 0.260)	Data  0.000 ( 0.173)	Loss 1.0596e+01 (1.0663e+01)
Epoch: [148][180/247]	Time  0.086 ( 0.241)	Data  0.000 ( 0.154)	Loss 1.0723e+01 (1.0662e+01)
Epoch: [148][200/247]	Time  0.087 ( 0.226)	Data  0.000 ( 0.139)	Loss 1.0723e+01 (1.0666e+01)
Epoch: [148][220/247]	Time  0.087 ( 0.213)	Data  0.000 ( 0.126)	Loss 1.0564e+01 (1.0664e+01)
Epoch: [148][240/247]	Time  0.076 ( 0.203)	Data  0.000 ( 0.116)	Loss 1.0692e+01 (1.0661e+01)
Epoch: [149][  0/247]	Time 27.858 (27.858)	Data 27.763 (27.763)	Loss 1.0626e+01 (1.0626e+01)
Epoch: [149][ 20/247]	Time  0.083 ( 1.412)	Data  0.000 ( 1.323)	Loss 1.0600e+01 (1.0671e+01)
Epoch: [149][ 40/247]	Time  0.084 ( 0.766)	Data  0.000 ( 0.678)	Loss 1.0527e+01 (1.0649e+01)
Epoch: [149][ 60/247]	Time  0.089 ( 0.543)	Data  0.000 ( 0.456)	Loss 1.0628e+01 (1.0659e+01)
Epoch: [149][ 80/247]	Time  0.086 ( 0.431)	Data  0.000 ( 0.343)	Loss 1.0523e+01 (1.0669e+01)
Epoch: [149][100/247]	Time  0.084 ( 0.362)	Data  0.000 ( 0.275)	Loss 1.0605e+01 (1.0666e+01)
Epoch: [149][120/247]	Time  0.082 ( 0.318)	Data  0.000 ( 0.230)	Loss 1.0526e+01 (1.0670e+01)
Epoch: [149][140/247]	Time  0.088 ( 0.285)	Data  0.000 ( 0.197)	Loss 1.0664e+01 (1.0667e+01)
Epoch: [149][160/247]	Time  0.089 ( 0.260)	Data  0.000 ( 0.173)	Loss 1.0604e+01 (1.0662e+01)
Epoch: [149][180/247]	Time  0.086 ( 0.241)	Data  0.000 ( 0.154)	Loss 1.0685e+01 (1.0660e+01)
Epoch: [149][200/247]	Time  0.093 ( 0.226)	Data  0.000 ( 0.139)	Loss 1.0698e+01 (1.0661e+01)
Epoch: [149][220/247]	Time  0.090 ( 0.214)	Data  0.000 ( 0.126)	Loss 1.0489e+01 (1.0662e+01)
Epoch: [149][240/247]	Time  0.088 ( 0.203)	Data  0.000 ( 0.116)	Loss 1.0584e+01 (1.0661e+01)
Epoch: [150][  0/247]	Time 28.051 (28.051)	Data 27.941 (27.941)	Loss 1.0690e+01 (1.0690e+01)
Epoch: [150][ 20/247]	Time  0.087 ( 1.417)	Data  0.000 ( 1.331)	Loss 1.0600e+01 (1.0614e+01)
Epoch: [150][ 40/247]	Time  0.083 ( 0.769)	Data  0.000 ( 0.682)	Loss 1.0672e+01 (1.0640e+01)
Epoch: [150][ 60/247]	Time  0.089 ( 0.546)	Data  0.000 ( 0.458)	Loss 1.0508e+01 (1.0637e+01)
Epoch: [150][ 80/247]	Time  0.092 ( 0.433)	Data  0.000 ( 0.345)	Loss 1.0664e+01 (1.0635e+01)
Epoch: [150][100/247]	Time  0.085 ( 0.364)	Data  0.000 ( 0.277)	Loss 1.0611e+01 (1.0644e+01)
Epoch: [150][120/247]	Time  0.087 ( 0.319)	Data  0.000 ( 0.231)	Loss 1.0632e+01 (1.0652e+01)
Epoch: [150][140/247]	Time  0.085 ( 0.286)	Data  0.000 ( 0.198)	Loss 1.0544e+01 (1.0655e+01)
Epoch: [150][160/247]	Time  0.087 ( 0.262)	Data  0.000 ( 0.174)	Loss 1.0798e+01 (1.0650e+01)
Epoch: [150][180/247]	Time  0.086 ( 0.242)	Data  0.000 ( 0.155)	Loss 1.0796e+01 (1.0653e+01)
Epoch: [150][200/247]	Time  0.088 ( 0.227)	Data  0.000 ( 0.139)	Loss 1.0572e+01 (1.0651e+01)
Epoch: [150][220/247]	Time  0.092 ( 0.215)	Data  0.000 ( 0.127)	Loss 1.0531e+01 (1.0650e+01)
Epoch: [150][240/247]	Time  0.082 ( 0.204)	Data  0.000 ( 0.116)	Loss 1.0615e+01 (1.0651e+01)
Epoch: [151][  0/247]	Time 27.375 (27.375)	Data 27.263 (27.263)	Loss 1.0658e+01 (1.0658e+01)
Epoch: [151][ 20/247]	Time  0.092 ( 1.387)	Data  0.000 ( 1.299)	Loss 1.0644e+01 (1.0598e+01)
Epoch: [151][ 40/247]	Time  0.083 ( 0.752)	Data  0.000 ( 0.665)	Loss 1.0532e+01 (1.0621e+01)
Epoch: [151][ 60/247]	Time  0.084 ( 0.534)	Data  0.000 ( 0.447)	Loss 1.0548e+01 (1.0626e+01)
Epoch: [151][ 80/247]	Time  0.088 ( 0.424)	Data  0.000 ( 0.337)	Loss 1.0632e+01 (1.0631e+01)
Epoch: [151][100/247]	Time  0.084 ( 0.357)	Data  0.000 ( 0.270)	Loss 1.0579e+01 (1.0635e+01)
Epoch: [151][120/247]	Time  0.093 ( 0.312)	Data  0.000 ( 0.226)	Loss 1.0463e+01 (1.0638e+01)
Epoch: [151][140/247]	Time  0.078 ( 0.280)	Data  0.000 ( 0.194)	Loss 1.0726e+01 (1.0639e+01)
Epoch: [151][160/247]	Time  0.097 ( 0.257)	Data  0.000 ( 0.170)	Loss 1.0626e+01 (1.0637e+01)
Epoch: [151][180/247]	Time  0.088 ( 0.238)	Data  0.000 ( 0.151)	Loss 1.0524e+01 (1.0636e+01)
Epoch: [151][200/247]	Time  0.091 ( 0.223)	Data  0.000 ( 0.136)	Loss 1.0559e+01 (1.0634e+01)
Epoch: [151][220/247]	Time  0.088 ( 0.210)	Data  0.000 ( 0.124)	Loss 1.0774e+01 (1.0634e+01)
Epoch: [151][240/247]	Time  0.075 ( 0.200)	Data  0.000 ( 0.113)	Loss 1.0699e+01 (1.0636e+01)
Epoch: [152][  0/247]	Time 27.211 (27.211)	Data 27.110 (27.110)	Loss 1.0490e+01 (1.0490e+01)
Epoch: [152][ 20/247]	Time  0.080 ( 1.375)	Data  0.000 ( 1.291)	Loss 1.0687e+01 (1.0626e+01)
Epoch: [152][ 40/247]	Time  0.084 ( 0.747)	Data  0.000 ( 0.661)	Loss 1.0550e+01 (1.0626e+01)
Epoch: [152][ 60/247]	Time  0.088 ( 0.530)	Data  0.000 ( 0.445)	Loss 1.0611e+01 (1.0628e+01)
Epoch: [152][ 80/247]	Time  0.084 ( 0.421)	Data  0.000 ( 0.335)	Loss 1.0616e+01 (1.0644e+01)
Epoch: [152][100/247]	Time  0.086 ( 0.355)	Data  0.000 ( 0.269)	Loss 1.0708e+01 (1.0648e+01)
Epoch: [152][120/247]	Time  0.083 ( 0.311)	Data  0.001 ( 0.224)	Loss 1.0631e+01 (1.0641e+01)
Epoch: [152][140/247]	Time  0.084 ( 0.279)	Data  0.000 ( 0.193)	Loss 1.0593e+01 (1.0638e+01)
Epoch: [152][160/247]	Time  0.081 ( 0.255)	Data  0.000 ( 0.169)	Loss 1.0611e+01 (1.0636e+01)
Epoch: [152][180/247]	Time  0.088 ( 0.237)	Data  0.000 ( 0.150)	Loss 1.0721e+01 (1.0639e+01)
Epoch: [152][200/247]	Time  0.085 ( 0.222)	Data  0.000 ( 0.135)	Loss 1.0636e+01 (1.0640e+01)
Epoch: [152][220/247]	Time  0.110 ( 0.210)	Data  0.000 ( 0.123)	Loss 1.0547e+01 (1.0641e+01)
Epoch: [152][240/247]	Time  0.087 ( 0.199)	Data  0.000 ( 0.113)	Loss 1.0667e+01 (1.0646e+01)
Epoch: [153][  0/247]	Time 27.195 (27.195)	Data 27.097 (27.097)	Loss 1.0556e+01 (1.0556e+01)
Epoch: [153][ 20/247]	Time  0.069 ( 1.373)	Data  0.000 ( 1.291)	Loss 1.0652e+01 (1.0671e+01)
Epoch: [153][ 40/247]	Time  0.089 ( 0.742)	Data  0.000 ( 0.661)	Loss 1.0621e+01 (1.0676e+01)
Epoch: [153][ 60/247]	Time  0.092 ( 0.526)	Data  0.000 ( 0.445)	Loss 1.0691e+01 (1.0664e+01)
Epoch: [153][ 80/247]	Time  0.083 ( 0.417)	Data  0.000 ( 0.335)	Loss 1.0641e+01 (1.0664e+01)
Epoch: [153][100/247]	Time  0.092 ( 0.352)	Data  0.000 ( 0.269)	Loss 1.0598e+01 (1.0659e+01)
Epoch: [153][120/247]	Time  0.089 ( 0.307)	Data  0.000 ( 0.224)	Loss 1.0704e+01 (1.0656e+01)
Epoch: [153][140/247]	Time  0.086 ( 0.276)	Data  0.000 ( 0.192)	Loss 1.0566e+01 (1.0655e+01)
Epoch: [153][160/247]	Time  0.086 ( 0.253)	Data  0.000 ( 0.169)	Loss 1.0582e+01 (1.0651e+01)
Epoch: [153][180/247]	Time  0.089 ( 0.234)	Data  0.000 ( 0.150)	Loss 1.0673e+01 (1.0651e+01)
Epoch: [153][200/247]	Time  0.092 ( 0.220)	Data  0.000 ( 0.135)	Loss 1.0655e+01 (1.0649e+01)
Epoch: [153][220/247]	Time  0.090 ( 0.208)	Data  0.000 ( 0.123)	Loss 1.0684e+01 (1.0649e+01)
Epoch: [153][240/247]	Time  0.079 ( 0.197)	Data  0.000 ( 0.113)	Loss 1.0568e+01 (1.0647e+01)
Epoch: [154][  0/247]	Time 27.275 (27.275)	Data 27.161 (27.161)	Loss 1.0542e+01 (1.0542e+01)
Epoch: [154][ 20/247]	Time  0.103 ( 1.384)	Data  0.000 ( 1.294)	Loss 1.0592e+01 (1.0660e+01)
Epoch: [154][ 40/247]	Time  0.079 ( 0.755)	Data  0.000 ( 0.663)	Loss 1.0672e+01 (1.0649e+01)
Epoch: [154][ 60/247]	Time  0.089 ( 0.536)	Data  0.000 ( 0.446)	Loss 1.0622e+01 (1.0648e+01)
Epoch: [154][ 80/247]	Time  0.087 ( 0.425)	Data  0.000 ( 0.336)	Loss 1.0542e+01 (1.0638e+01)
Epoch: [154][100/247]	Time  0.093 ( 0.358)	Data  0.000 ( 0.269)	Loss 1.0750e+01 (1.0647e+01)
Epoch: [154][120/247]	Time  0.086 ( 0.313)	Data  0.000 ( 0.225)	Loss 1.0460e+01 (1.0639e+01)
Epoch: [154][140/247]	Time  0.088 ( 0.281)	Data  0.000 ( 0.193)	Loss 1.0749e+01 (1.0640e+01)
Epoch: [154][160/247]	Time  0.088 ( 0.258)	Data  0.000 ( 0.169)	Loss 1.0720e+01 (1.0645e+01)
Epoch: [154][180/247]	Time  0.085 ( 0.239)	Data  0.000 ( 0.150)	Loss 1.0602e+01 (1.0642e+01)
Epoch: [154][200/247]	Time  0.083 ( 0.224)	Data  0.000 ( 0.135)	Loss 1.0619e+01 (1.0640e+01)
Epoch: [154][220/247]	Time  0.093 ( 0.211)	Data  0.000 ( 0.123)	Loss 1.0728e+01 (1.0645e+01)
Epoch: [154][240/247]	Time  0.075 ( 0.201)	Data  0.000 ( 0.113)	Loss 1.0787e+01 (1.0646e+01)
Epoch: [155][  0/247]	Time 27.451 (27.451)	Data 27.332 (27.332)	Loss 1.0705e+01 (1.0705e+01)
Epoch: [155][ 20/247]	Time  0.067 ( 1.381)	Data  0.000 ( 1.302)	Loss 1.0636e+01 (1.0634e+01)
Epoch: [155][ 40/247]	Time  0.084 ( 0.750)	Data  0.000 ( 0.668)	Loss 1.0687e+01 (1.0646e+01)
Epoch: [155][ 60/247]	Time  0.090 ( 0.532)	Data  0.000 ( 0.449)	Loss 1.0714e+01 (1.0642e+01)
Epoch: [155][ 80/247]	Time  0.082 ( 0.421)	Data  0.000 ( 0.338)	Loss 1.0705e+01 (1.0641e+01)
Epoch: [155][100/247]	Time  0.086 ( 0.354)	Data  0.000 ( 0.271)	Loss 1.0481e+01 (1.0643e+01)
Epoch: [155][120/247]	Time  0.087 ( 0.310)	Data  0.000 ( 0.227)	Loss 1.0624e+01 (1.0644e+01)
Epoch: [155][140/247]	Time  0.087 ( 0.278)	Data  0.000 ( 0.194)	Loss 1.0806e+01 (1.0641e+01)
Epoch: [155][160/247]	Time  0.080 ( 0.254)	Data  0.000 ( 0.170)	Loss 1.0559e+01 (1.0648e+01)
Epoch: [155][180/247]	Time  0.083 ( 0.235)	Data  0.000 ( 0.152)	Loss 1.0581e+01 (1.0647e+01)
Epoch: [155][200/247]	Time  0.082 ( 0.220)	Data  0.000 ( 0.136)	Loss 1.0599e+01 (1.0646e+01)
Epoch: [155][220/247]	Time  0.084 ( 0.208)	Data  0.000 ( 0.124)	Loss 1.0706e+01 (1.0644e+01)
Epoch: [155][240/247]	Time  0.074 ( 0.198)	Data  0.000 ( 0.114)	Loss 1.0614e+01 (1.0642e+01)
Epoch: [156][  0/247]	Time 27.831 (27.831)	Data 27.722 (27.722)	Loss 1.0731e+01 (1.0731e+01)
Epoch: [156][ 20/247]	Time  0.086 ( 1.408)	Data  0.000 ( 1.320)	Loss 1.0480e+01 (1.0622e+01)
Epoch: [156][ 40/247]	Time  0.082 ( 0.763)	Data  0.000 ( 0.676)	Loss 1.0593e+01 (1.0636e+01)
Epoch: [156][ 60/247]	Time  0.085 ( 0.541)	Data  0.000 ( 0.455)	Loss 1.0671e+01 (1.0641e+01)
Epoch: [156][ 80/247]	Time  0.086 ( 0.428)	Data  0.000 ( 0.343)	Loss 1.0657e+01 (1.0642e+01)
Epoch: [156][100/247]	Time  0.087 ( 0.361)	Data  0.000 ( 0.275)	Loss 1.0699e+01 (1.0644e+01)
Epoch: [156][120/247]	Time  0.084 ( 0.316)	Data  0.000 ( 0.229)	Loss 1.0588e+01 (1.0642e+01)
Epoch: [156][140/247]	Time  0.085 ( 0.283)	Data  0.000 ( 0.197)	Loss 1.0705e+01 (1.0642e+01)
Epoch: [156][160/247]	Time  0.083 ( 0.259)	Data  0.000 ( 0.172)	Loss 1.0697e+01 (1.0643e+01)
Epoch: [156][180/247]	Time  0.085 ( 0.240)	Data  0.000 ( 0.153)	Loss 1.0659e+01 (1.0646e+01)
Epoch: [156][200/247]	Time  0.091 ( 0.225)	Data  0.000 ( 0.138)	Loss 1.0580e+01 (1.0641e+01)
Epoch: [156][220/247]	Time  0.085 ( 0.212)	Data  0.000 ( 0.126)	Loss 1.0673e+01 (1.0643e+01)
Epoch: [156][240/247]	Time  0.074 ( 0.201)	Data  0.000 ( 0.115)	Loss 1.0472e+01 (1.0642e+01)
Epoch: [157][  0/247]	Time 28.185 (28.185)	Data 28.060 (28.060)	Loss 1.0730e+01 (1.0730e+01)
Epoch: [157][ 20/247]	Time  0.067 ( 1.413)	Data  0.000 ( 1.336)	Loss 1.0701e+01 (1.0631e+01)
Epoch: [157][ 40/247]	Time  0.166 ( 0.762)	Data  0.078 ( 0.689)	Loss 1.0705e+01 (1.0643e+01)
Epoch: [157][ 60/247]	Time  0.067 ( 0.538)	Data  0.000 ( 0.464)	Loss 1.0643e+01 (1.0643e+01)
Epoch: [157][ 80/247]	Time  0.074 ( 0.425)	Data  0.000 ( 0.352)	Loss 1.0504e+01 (1.0634e+01)
Epoch: [157][100/247]	Time  0.067 ( 0.357)	Data  0.000 ( 0.284)	Loss 1.0616e+01 (1.0636e+01)
Epoch: [157][120/247]	Time  0.068 ( 0.311)	Data  0.000 ( 0.238)	Loss 1.0695e+01 (1.0636e+01)
Epoch: [157][140/247]	Time  0.067 ( 0.278)	Data  0.000 ( 0.205)	Loss 1.0813e+01 (1.0637e+01)
Epoch: [157][160/247]	Time  0.067 ( 0.253)	Data  0.000 ( 0.181)	Loss 1.0628e+01 (1.0638e+01)
Epoch: [157][180/247]	Time  0.068 ( 0.234)	Data  0.000 ( 0.163)	Loss 1.0486e+01 (1.0637e+01)
Epoch: [157][200/247]	Time  0.068 ( 0.219)	Data  0.000 ( 0.147)	Loss 1.0569e+01 (1.0642e+01)
Epoch: [157][220/247]	Time  0.073 ( 0.206)	Data  0.000 ( 0.135)	Loss 1.0418e+01 (1.0642e+01)
Epoch: [157][240/247]	Time  0.069 ( 0.196)	Data  0.000 ( 0.124)	Loss 1.0634e+01 (1.0643e+01)
Epoch: [158][  0/247]	Time 27.896 (27.896)	Data 27.785 (27.785)	Loss 1.0685e+01 (1.0685e+01)
Epoch: [158][ 20/247]	Time  0.091 ( 1.413)	Data  0.000 ( 1.323)	Loss 1.0761e+01 (1.0662e+01)
Epoch: [158][ 40/247]	Time  0.084 ( 0.765)	Data  0.000 ( 0.678)	Loss 1.0519e+01 (1.0649e+01)
Epoch: [158][ 60/247]	Time  0.090 ( 0.543)	Data  0.000 ( 0.456)	Loss 1.0537e+01 (1.0646e+01)
Epoch: [158][ 80/247]	Time  0.083 ( 0.430)	Data  0.000 ( 0.343)	Loss 1.0672e+01 (1.0650e+01)
Epoch: [158][100/247]	Time  0.090 ( 0.362)	Data  0.000 ( 0.275)	Loss 1.0462e+01 (1.0644e+01)
Epoch: [158][120/247]	Time  0.083 ( 0.317)	Data  0.000 ( 0.230)	Loss 1.0683e+01 (1.0642e+01)
Epoch: [158][140/247]	Time  0.088 ( 0.284)	Data  0.000 ( 0.197)	Loss 1.0658e+01 (1.0643e+01)
Epoch: [158][160/247]	Time  0.083 ( 0.260)	Data  0.000 ( 0.173)	Loss 1.0563e+01 (1.0644e+01)
Epoch: [158][180/247]	Time  0.091 ( 0.240)	Data  0.000 ( 0.154)	Loss 1.0637e+01 (1.0645e+01)
Epoch: [158][200/247]	Time  0.084 ( 0.225)	Data  0.000 ( 0.139)	Loss 1.0526e+01 (1.0642e+01)
Epoch: [158][220/247]	Time  0.083 ( 0.212)	Data  0.000 ( 0.126)	Loss 1.0658e+01 (1.0644e+01)
Epoch: [158][240/247]	Time  0.074 ( 0.202)	Data  0.000 ( 0.116)	Loss 1.0598e+01 (1.0645e+01)
Epoch: [159][  0/247]	Time 28.128 (28.128)	Data 28.023 (28.023)	Loss 1.0725e+01 (1.0725e+01)
Epoch: [159][ 20/247]	Time  0.093 ( 1.425)	Data  0.000 ( 1.335)	Loss 1.0512e+01 (1.0657e+01)
Epoch: [159][ 40/247]	Time  0.084 ( 0.770)	Data  0.000 ( 0.684)	Loss 1.0737e+01 (1.0668e+01)
Epoch: [159][ 60/247]	Time  0.095 ( 0.546)	Data  0.000 ( 0.460)	Loss 1.0577e+01 (1.0655e+01)
Epoch: [159][ 80/247]	Time  0.085 ( 0.433)	Data  0.000 ( 0.346)	Loss 1.0625e+01 (1.0650e+01)
Epoch: [159][100/247]	Time  0.082 ( 0.364)	Data  0.000 ( 0.278)	Loss 1.0641e+01 (1.0652e+01)
Epoch: [159][120/247]	Time  0.085 ( 0.318)	Data  0.000 ( 0.232)	Loss 1.0775e+01 (1.0656e+01)
Epoch: [159][140/247]	Time  0.088 ( 0.285)	Data  0.000 ( 0.199)	Loss 1.0651e+01 (1.0655e+01)
Epoch: [159][160/247]	Time  0.090 ( 0.260)	Data  0.000 ( 0.174)	Loss 1.0636e+01 (1.0659e+01)
Epoch: [159][180/247]	Time  0.084 ( 0.241)	Data  0.000 ( 0.155)	Loss 1.0639e+01 (1.0655e+01)
Epoch: [159][200/247]	Time  0.079 ( 0.226)	Data  0.000 ( 0.140)	Loss 1.0480e+01 (1.0651e+01)
Epoch: [159][220/247]	Time  0.085 ( 0.213)	Data  0.000 ( 0.127)	Loss 1.0627e+01 (1.0652e+01)
Epoch: [159][240/247]	Time  0.074 ( 0.202)	Data  0.000 ( 0.117)	Loss 1.0826e+01 (1.0652e+01)
Epoch: [160][  0/247]	Time 28.046 (28.046)	Data 27.936 (27.936)	Loss 1.0656e+01 (1.0656e+01)
Epoch: [160][ 20/247]	Time  0.082 ( 1.418)	Data  0.000 ( 1.331)	Loss 1.0638e+01 (1.0649e+01)
Epoch: [160][ 40/247]	Time  0.076 ( 0.767)	Data  0.000 ( 0.682)	Loss 1.0525e+01 (1.0652e+01)
Epoch: [160][ 60/247]	Time  0.085 ( 0.543)	Data  0.000 ( 0.458)	Loss 1.0448e+01 (1.0646e+01)
Epoch: [160][ 80/247]	Time  0.083 ( 0.429)	Data  0.000 ( 0.345)	Loss 1.0804e+01 (1.0650e+01)
Epoch: [160][100/247]	Time  0.092 ( 0.362)	Data  0.000 ( 0.277)	Loss 1.0608e+01 (1.0644e+01)
Epoch: [160][120/247]	Time  0.089 ( 0.316)	Data  0.000 ( 0.231)	Loss 1.0571e+01 (1.0644e+01)
Epoch: [160][140/247]	Time  0.087 ( 0.283)	Data  0.001 ( 0.198)	Loss 1.0592e+01 (1.0645e+01)
Epoch: [160][160/247]	Time  0.085 ( 0.259)	Data  0.000 ( 0.174)	Loss 1.0588e+01 (1.0649e+01)
Epoch: [160][180/247]	Time  0.081 ( 0.239)	Data  0.000 ( 0.155)	Loss 1.0739e+01 (1.0650e+01)
Epoch: [160][200/247]	Time  0.076 ( 0.223)	Data  0.000 ( 0.139)	Loss 1.0562e+01 (1.0652e+01)
Epoch: [160][220/247]	Time  0.075 ( 0.210)	Data  0.000 ( 0.127)	Loss 1.0740e+01 (1.0652e+01)
Epoch: [160][240/247]	Time  0.067 ( 0.199)	Data  0.000 ( 0.116)	Loss 1.0695e+01 (1.0652e+01)
Epoch: [161][  0/247]	Time 28.020 (28.020)	Data 27.906 (27.906)	Loss 1.0589e+01 (1.0589e+01)
Epoch: [161][ 20/247]	Time  0.084 ( 1.417)	Data  0.000 ( 1.330)	Loss 1.0752e+01 (1.0671e+01)
Epoch: [161][ 40/247]	Time  0.081 ( 0.767)	Data  0.000 ( 0.682)	Loss 1.0569e+01 (1.0658e+01)
Epoch: [161][ 60/247]	Time  0.083 ( 0.544)	Data  0.000 ( 0.458)	Loss 1.0843e+01 (1.0656e+01)
Epoch: [161][ 80/247]	Time  0.085 ( 0.431)	Data  0.000 ( 0.345)	Loss 1.0803e+01 (1.0661e+01)
Epoch: [161][100/247]	Time  0.084 ( 0.363)	Data  0.000 ( 0.277)	Loss 1.0594e+01 (1.0655e+01)
Epoch: [161][120/247]	Time  0.084 ( 0.317)	Data  0.000 ( 0.231)	Loss 1.0719e+01 (1.0655e+01)
Epoch: [161][140/247]	Time  0.090 ( 0.284)	Data  0.000 ( 0.198)	Loss 1.0726e+01 (1.0654e+01)
Epoch: [161][160/247]	Time  0.083 ( 0.260)	Data  0.000 ( 0.174)	Loss 1.0622e+01 (1.0653e+01)
Epoch: [161][180/247]	Time  0.087 ( 0.240)	Data  0.000 ( 0.155)	Loss 1.0557e+01 (1.0655e+01)
Epoch: [161][200/247]	Time  0.093 ( 0.225)	Data  0.000 ( 0.139)	Loss 1.0566e+01 (1.0653e+01)
Epoch: [161][220/247]	Time  0.167 ( 0.214)	Data  0.000 ( 0.127)	Loss 1.0589e+01 (1.0652e+01)
Epoch: [161][240/247]	Time  0.077 ( 0.203)	Data  0.000 ( 0.116)	Loss 1.0784e+01 (1.0654e+01)
Epoch: [162][  0/247]	Time 27.976 (27.976)	Data 27.854 (27.854)	Loss 1.0690e+01 (1.0690e+01)
Epoch: [162][ 20/247]	Time  0.087 ( 1.417)	Data  0.000 ( 1.327)	Loss 1.0747e+01 (1.0643e+01)
Epoch: [162][ 40/247]	Time  0.083 ( 0.768)	Data  0.000 ( 0.680)	Loss 1.0741e+01 (1.0652e+01)
Epoch: [162][ 60/247]	Time  0.085 ( 0.544)	Data  0.000 ( 0.457)	Loss 1.0737e+01 (1.0664e+01)
Epoch: [162][ 80/247]	Time  0.086 ( 0.431)	Data  0.000 ( 0.344)	Loss 1.0510e+01 (1.0662e+01)
Epoch: [162][100/247]	Time  0.093 ( 0.363)	Data  0.000 ( 0.276)	Loss 1.0705e+01 (1.0662e+01)
Epoch: [162][120/247]	Time  0.085 ( 0.317)	Data  0.000 ( 0.230)	Loss 1.0619e+01 (1.0658e+01)
Epoch: [162][140/247]	Time  0.086 ( 0.285)	Data  0.000 ( 0.198)	Loss 1.0706e+01 (1.0655e+01)
Epoch: [162][160/247]	Time  0.084 ( 0.260)	Data  0.000 ( 0.173)	Loss 1.0677e+01 (1.0653e+01)
Epoch: [162][180/247]	Time  0.091 ( 0.241)	Data  0.000 ( 0.154)	Loss 1.0689e+01 (1.0653e+01)
Epoch: [162][200/247]	Time  0.085 ( 0.225)	Data  0.000 ( 0.139)	Loss 1.0743e+01 (1.0656e+01)
Epoch: [162][220/247]	Time  0.084 ( 0.213)	Data  0.000 ( 0.126)	Loss 1.0571e+01 (1.0654e+01)
Epoch: [162][240/247]	Time  0.077 ( 0.202)	Data  0.000 ( 0.116)	Loss 1.0607e+01 (1.0652e+01)
Epoch: [163][  0/247]	Time 28.186 (28.186)	Data 28.059 (28.059)	Loss 1.0629e+01 (1.0629e+01)
Epoch: [163][ 20/247]	Time  0.092 ( 1.425)	Data  0.000 ( 1.336)	Loss 1.0555e+01 (1.0650e+01)
Epoch: [163][ 40/247]	Time  0.080 ( 0.772)	Data  0.000 ( 0.685)	Loss 1.0622e+01 (1.0649e+01)
Epoch: [163][ 60/247]	Time  0.086 ( 0.547)	Data  0.000 ( 0.460)	Loss 1.0630e+01 (1.0649e+01)
Epoch: [163][ 80/247]	Time  0.085 ( 0.433)	Data  0.000 ( 0.347)	Loss 1.0683e+01 (1.0654e+01)
Epoch: [163][100/247]	Time  0.085 ( 0.364)	Data  0.000 ( 0.278)	Loss 1.0579e+01 (1.0648e+01)
Epoch: [163][120/247]	Time  0.081 ( 0.319)	Data  0.000 ( 0.232)	Loss 1.0601e+01 (1.0648e+01)
Epoch: [163][140/247]	Time  0.088 ( 0.286)	Data  0.000 ( 0.199)	Loss 1.0596e+01 (1.0651e+01)
Epoch: [163][160/247]	Time  0.086 ( 0.261)	Data  0.000 ( 0.175)	Loss 1.0579e+01 (1.0652e+01)
Epoch: [163][180/247]	Time  0.086 ( 0.242)	Data  0.000 ( 0.155)	Loss 1.0659e+01 (1.0653e+01)
Epoch: [163][200/247]	Time  0.088 ( 0.226)	Data  0.000 ( 0.140)	Loss 1.0754e+01 (1.0654e+01)
Epoch: [163][220/247]	Time  0.090 ( 0.214)	Data  0.000 ( 0.127)	Loss 1.0532e+01 (1.0656e+01)
Epoch: [163][240/247]	Time  0.074 ( 0.203)	Data  0.000 ( 0.117)	Loss 1.0571e+01 (1.0652e+01)
Epoch: [164][  0/247]	Time 27.912 (27.912)	Data 27.783 (27.783)	Loss 1.0584e+01 (1.0584e+01)
Epoch: [164][ 20/247]	Time  0.084 ( 1.412)	Data  0.000 ( 1.323)	Loss 1.0669e+01 (1.0651e+01)
Epoch: [164][ 40/247]	Time  0.082 ( 0.766)	Data  0.000 ( 0.678)	Loss 1.0625e+01 (1.0655e+01)
Epoch: [164][ 60/247]	Time  0.089 ( 0.543)	Data  0.000 ( 0.456)	Loss 1.0765e+01 (1.0645e+01)
Epoch: [164][ 80/247]	Time  0.089 ( 0.431)	Data  0.000 ( 0.343)	Loss 1.0656e+01 (1.0647e+01)
Epoch: [164][100/247]	Time  0.090 ( 0.363)	Data  0.000 ( 0.275)	Loss 1.0561e+01 (1.0649e+01)
Epoch: [164][120/247]	Time  0.085 ( 0.317)	Data  0.000 ( 0.230)	Loss 1.0619e+01 (1.0653e+01)
Epoch: [164][140/247]	Time  0.085 ( 0.284)	Data  0.000 ( 0.197)	Loss 1.0684e+01 (1.0654e+01)
Epoch: [164][160/247]	Time  0.084 ( 0.260)	Data  0.000 ( 0.173)	Loss 1.0604e+01 (1.0653e+01)
Epoch: [164][180/247]	Time  0.090 ( 0.241)	Data  0.000 ( 0.154)	Loss 1.0735e+01 (1.0656e+01)
Epoch: [164][200/247]	Time  0.085 ( 0.225)	Data  0.000 ( 0.139)	Loss 1.0605e+01 (1.0656e+01)
Epoch: [164][220/247]	Time  0.089 ( 0.213)	Data  0.000 ( 0.126)	Loss 1.0530e+01 (1.0655e+01)
Epoch: [164][240/247]	Time  0.075 ( 0.202)	Data  0.000 ( 0.116)	Loss 1.0621e+01 (1.0655e+01)
Epoch: [165][  0/247]	Time 28.182 (28.182)	Data 28.070 (28.070)	Loss 1.0688e+01 (1.0688e+01)
Epoch: [165][ 20/247]	Time  0.125 ( 1.428)	Data  0.000 ( 1.337)	Loss 1.0683e+01 (1.0663e+01)
Epoch: [165][ 40/247]	Time  0.083 ( 0.775)	Data  0.000 ( 0.685)	Loss 1.0706e+01 (1.0645e+01)
Epoch: [165][ 60/247]	Time  0.086 ( 0.549)	Data  0.000 ( 0.460)	Loss 1.0568e+01 (1.0651e+01)
Epoch: [165][ 80/247]	Time  0.083 ( 0.435)	Data  0.000 ( 0.347)	Loss 1.0681e+01 (1.0642e+01)
Epoch: [165][100/247]	Time  0.092 ( 0.366)	Data  0.000 ( 0.278)	Loss 1.0598e+01 (1.0643e+01)
Epoch: [165][120/247]	Time  0.089 ( 0.320)	Data  0.000 ( 0.232)	Loss 1.0648e+01 (1.0642e+01)
Epoch: [165][140/247]	Time  0.084 ( 0.287)	Data  0.000 ( 0.199)	Loss 1.0645e+01 (1.0637e+01)
Epoch: [165][160/247]	Time  0.081 ( 0.262)	Data  0.000 ( 0.175)	Loss 1.0529e+01 (1.0637e+01)
Epoch: [165][180/247]	Time  0.084 ( 0.242)	Data  0.000 ( 0.155)	Loss 1.0782e+01 (1.0635e+01)
Epoch: [165][200/247]	Time  0.086 ( 0.227)	Data  0.000 ( 0.140)	Loss 1.0655e+01 (1.0637e+01)
Epoch: [165][220/247]	Time  0.088 ( 0.214)	Data  0.000 ( 0.127)	Loss 1.0606e+01 (1.0638e+01)
Epoch: [165][240/247]	Time  0.075 ( 0.203)	Data  0.000 ( 0.117)	Loss 1.0596e+01 (1.0639e+01)
Epoch: [166][  0/247]	Time 27.860 (27.860)	Data 27.749 (27.749)	Loss 1.0601e+01 (1.0601e+01)
Epoch: [166][ 20/247]	Time  0.081 ( 1.408)	Data  0.000 ( 1.322)	Loss 1.0756e+01 (1.0660e+01)
Epoch: [166][ 40/247]	Time  0.082 ( 0.763)	Data  0.000 ( 0.677)	Loss 1.0609e+01 (1.0642e+01)
Epoch: [166][ 60/247]	Time  0.088 ( 0.541)	Data  0.000 ( 0.455)	Loss 1.0606e+01 (1.0645e+01)
Epoch: [166][ 80/247]	Time  0.084 ( 0.429)	Data  0.000 ( 0.343)	Loss 1.0740e+01 (1.0650e+01)
Epoch: [166][100/247]	Time  0.088 ( 0.361)	Data  0.000 ( 0.275)	Loss 1.0658e+01 (1.0651e+01)
Epoch: [166][120/247]	Time  0.091 ( 0.316)	Data  0.000 ( 0.230)	Loss 1.0712e+01 (1.0651e+01)
Epoch: [166][140/247]	Time  0.080 ( 0.283)	Data  0.000 ( 0.197)	Loss 1.0507e+01 (1.0652e+01)
Epoch: [166][160/247]	Time  0.088 ( 0.259)	Data  0.000 ( 0.173)	Loss 1.0668e+01 (1.0653e+01)
Epoch: [166][180/247]	Time  0.090 ( 0.239)	Data  0.000 ( 0.154)	Loss 1.0708e+01 (1.0649e+01)
Epoch: [166][200/247]	Time  0.086 ( 0.225)	Data  0.000 ( 0.138)	Loss 1.0684e+01 (1.0651e+01)
Epoch: [166][220/247]	Time  0.103 ( 0.212)	Data  0.000 ( 0.126)	Loss 1.0657e+01 (1.0650e+01)
Epoch: [166][240/247]	Time  0.075 ( 0.201)	Data  0.000 ( 0.115)	Loss 1.0570e+01 (1.0650e+01)
Epoch: [167][  0/247]	Time 27.274 (27.274)	Data 27.142 (27.142)	Loss 1.0595e+01 (1.0595e+01)
Epoch: [167][ 20/247]	Time  0.096 ( 1.385)	Data  0.000 ( 1.293)	Loss 1.0706e+01 (1.0659e+01)
Epoch: [167][ 40/247]	Time  0.081 ( 0.751)	Data  0.000 ( 0.662)	Loss 1.0637e+01 (1.0667e+01)
Epoch: [167][ 60/247]	Time  0.121 ( 0.533)	Data  0.000 ( 0.445)	Loss 1.0723e+01 (1.0667e+01)
Epoch: [167][ 80/247]	Time  0.099 ( 0.424)	Data  0.000 ( 0.335)	Loss 1.0632e+01 (1.0660e+01)
Epoch: [167][100/247]	Time  0.085 ( 0.357)	Data  0.000 ( 0.269)	Loss 1.0817e+01 (1.0664e+01)
Epoch: [167][120/247]	Time  0.074 ( 0.312)	Data  0.000 ( 0.225)	Loss 1.0644e+01 (1.0664e+01)
Epoch: [167][140/247]	Time  0.086 ( 0.280)	Data  0.000 ( 0.193)	Loss 1.0612e+01 (1.0659e+01)
Epoch: [167][160/247]	Time  0.083 ( 0.256)	Data  0.000 ( 0.169)	Loss 1.0563e+01 (1.0659e+01)
Epoch: [167][180/247]	Time  0.086 ( 0.237)	Data  0.000 ( 0.150)	Loss 1.0738e+01 (1.0658e+01)
Epoch: [167][200/247]	Time  0.084 ( 0.221)	Data  0.000 ( 0.135)	Loss 1.0696e+01 (1.0656e+01)
Epoch: [167][220/247]	Time  0.085 ( 0.209)	Data  0.000 ( 0.123)	Loss 1.0595e+01 (1.0655e+01)
Epoch: [167][240/247]	Time  0.076 ( 0.199)	Data  0.000 ( 0.113)	Loss 1.0606e+01 (1.0654e+01)
Epoch: [168][  0/247]	Time 27.932 (27.932)	Data 27.823 (27.823)	Loss 1.0633e+01 (1.0633e+01)
Epoch: [168][ 20/247]	Time  0.084 ( 1.413)	Data  0.000 ( 1.325)	Loss 1.0484e+01 (1.0636e+01)
Epoch: [168][ 40/247]	Time  0.086 ( 0.768)	Data  0.000 ( 0.679)	Loss 1.0709e+01 (1.0640e+01)
Epoch: [168][ 60/247]	Time  0.083 ( 0.544)	Data  0.000 ( 0.456)	Loss 1.0628e+01 (1.0644e+01)
Epoch: [168][ 80/247]	Time  0.088 ( 0.431)	Data  0.000 ( 0.344)	Loss 1.0593e+01 (1.0647e+01)
Epoch: [168][100/247]	Time  0.085 ( 0.363)	Data  0.000 ( 0.276)	Loss 1.0554e+01 (1.0642e+01)
Epoch: [168][120/247]	Time  0.089 ( 0.317)	Data  0.000 ( 0.230)	Loss 1.0403e+01 (1.0640e+01)
Epoch: [168][140/247]	Time  0.090 ( 0.285)	Data  0.000 ( 0.198)	Loss 1.0664e+01 (1.0642e+01)
Epoch: [168][160/247]	Time  0.091 ( 0.260)	Data  0.000 ( 0.173)	Loss 1.0711e+01 (1.0643e+01)
Epoch: [168][180/247]	Time  0.085 ( 0.241)	Data  0.000 ( 0.154)	Loss 1.0651e+01 (1.0645e+01)
Epoch: [168][200/247]	Time  0.084 ( 0.225)	Data  0.000 ( 0.139)	Loss 1.0705e+01 (1.0647e+01)
Epoch: [168][220/247]	Time  0.077 ( 0.213)	Data  0.000 ( 0.126)	Loss 1.0662e+01 (1.0648e+01)
Epoch: [168][240/247]	Time  0.074 ( 0.202)	Data  0.000 ( 0.116)	Loss 1.0656e+01 (1.0647e+01)
Epoch: [169][  0/247]	Time 27.982 (27.982)	Data 27.873 (27.873)	Loss 1.0613e+01 (1.0613e+01)
Epoch: [169][ 20/247]	Time  0.068 ( 1.403)	Data  0.000 ( 1.329)	Loss 1.0686e+01 (1.0658e+01)
Epoch: [169][ 40/247]	Time  0.148 ( 0.758)	Data  0.064 ( 0.685)	Loss 1.0632e+01 (1.0646e+01)
Epoch: [169][ 60/247]	Time  0.088 ( 0.536)	Data  0.000 ( 0.463)	Loss 1.0572e+01 (1.0644e+01)
Epoch: [169][ 80/247]	Time  0.082 ( 0.426)	Data  0.000 ( 0.349)	Loss 1.0506e+01 (1.0650e+01)
Epoch: [169][100/247]	Time  0.079 ( 0.357)	Data  0.000 ( 0.280)	Loss 1.0659e+01 (1.0647e+01)
Epoch: [169][120/247]	Time  0.078 ( 0.311)	Data  0.000 ( 0.233)	Loss 1.0639e+01 (1.0652e+01)
Epoch: [169][140/247]	Time  0.076 ( 0.278)	Data  0.000 ( 0.200)	Loss 1.0492e+01 (1.0651e+01)
Epoch: [169][160/247]	Time  0.079 ( 0.254)	Data  0.000 ( 0.176)	Loss 1.0633e+01 (1.0653e+01)
Epoch: [169][180/247]	Time  0.095 ( 0.235)	Data  0.000 ( 0.157)	Loss 1.0712e+01 (1.0650e+01)
Epoch: [169][200/247]	Time  0.083 ( 0.220)	Data  0.000 ( 0.142)	Loss 1.0726e+01 (1.0649e+01)
Epoch: [169][220/247]	Time  0.090 ( 0.208)	Data  0.000 ( 0.129)	Loss 1.0590e+01 (1.0649e+01)
Epoch: [169][240/247]	Time  0.077 ( 0.198)	Data  0.000 ( 0.118)	Loss 1.0619e+01 (1.0648e+01)
Epoch: [170][  0/247]	Time 28.001 (28.001)	Data 27.893 (27.893)	Loss 1.0662e+01 (1.0662e+01)
Epoch: [170][ 20/247]	Time  0.066 ( 1.405)	Data  0.000 ( 1.332)	Loss 1.0514e+01 (1.0644e+01)
Epoch: [170][ 40/247]	Time  0.163 ( 0.759)	Data  0.077 ( 0.687)	Loss 1.0657e+01 (1.0638e+01)
Epoch: [170][ 60/247]	Time  0.066 ( 0.535)	Data  0.000 ( 0.465)	Loss 1.0678e+01 (1.0641e+01)
Epoch: [170][ 80/247]	Time  0.170 ( 0.424)	Data  0.087 ( 0.353)	Loss 1.0470e+01 (1.0639e+01)
Epoch: [170][100/247]	Time  0.069 ( 0.355)	Data  0.000 ( 0.285)	Loss 1.0694e+01 (1.0640e+01)
Epoch: [170][120/247]	Time  0.131 ( 0.310)	Data  0.056 ( 0.240)	Loss 1.0588e+01 (1.0643e+01)
Epoch: [170][140/247]	Time  0.088 ( 0.278)	Data  0.000 ( 0.206)	Loss 1.0668e+01 (1.0642e+01)
Epoch: [170][160/247]	Time  0.066 ( 0.253)	Data  0.000 ( 0.181)	Loss 1.0586e+01 (1.0644e+01)
Epoch: [170][180/247]	Time  0.067 ( 0.233)	Data  0.000 ( 0.161)	Loss 1.0639e+01 (1.0643e+01)
Epoch: [170][200/247]	Time  0.090 ( 0.218)	Data  0.018 ( 0.146)	Loss 1.0620e+01 (1.0648e+01)
Epoch: [170][220/247]	Time  0.067 ( 0.205)	Data  0.000 ( 0.133)	Loss 1.0629e+01 (1.0645e+01)
Epoch: [170][240/247]	Time  0.155 ( 0.195)	Data  0.073 ( 0.123)	Loss 1.0695e+01 (1.0648e+01)
Epoch: [171][  0/247]	Time 28.039 (28.039)	Data 27.922 (27.922)	Loss 1.0748e+01 (1.0748e+01)
Epoch: [171][ 20/247]	Time  0.082 ( 1.414)	Data  0.000 ( 1.330)	Loss 1.0517e+01 (1.0598e+01)
Epoch: [171][ 40/247]	Time  0.080 ( 0.766)	Data  0.000 ( 0.681)	Loss 1.0672e+01 (1.0629e+01)
Epoch: [171][ 60/247]	Time  0.072 ( 0.542)	Data  0.000 ( 0.458)	Loss 1.0810e+01 (1.0642e+01)
Epoch: [171][ 80/247]	Time  0.085 ( 0.429)	Data  0.000 ( 0.345)	Loss 1.0597e+01 (1.0644e+01)
Epoch: [171][100/247]	Time  0.085 ( 0.361)	Data  0.000 ( 0.277)	Loss 1.0625e+01 (1.0640e+01)
Epoch: [171][120/247]	Time  0.085 ( 0.315)	Data  0.000 ( 0.231)	Loss 1.0692e+01 (1.0645e+01)
Epoch: [171][140/247]	Time  0.070 ( 0.281)	Data  0.000 ( 0.198)	Loss 1.0691e+01 (1.0649e+01)
Epoch: [171][160/247]	Time  0.066 ( 0.255)	Data  0.000 ( 0.174)	Loss 1.0586e+01 (1.0650e+01)
Epoch: [171][180/247]	Time  0.097 ( 0.236)	Data  0.000 ( 0.156)	Loss 1.0549e+01 (1.0651e+01)
Epoch: [171][200/247]	Time  0.092 ( 0.222)	Data  0.000 ( 0.140)	Loss 1.0593e+01 (1.0652e+01)
Epoch: [171][220/247]	Time  0.092 ( 0.211)	Data  0.000 ( 0.128)	Loss 1.0701e+01 (1.0653e+01)
Epoch: [171][240/247]	Time  0.076 ( 0.200)	Data  0.000 ( 0.117)	Loss 1.0671e+01 (1.0652e+01)
Epoch: [172][  0/247]	Time 27.869 (27.869)	Data 27.733 (27.733)	Loss 1.0491e+01 (1.0491e+01)
Epoch: [172][ 20/247]	Time  0.090 ( 1.409)	Data  0.000 ( 1.322)	Loss 1.0617e+01 (1.0657e+01)
Epoch: [172][ 40/247]	Time  0.078 ( 0.764)	Data  0.000 ( 0.677)	Loss 1.0563e+01 (1.0658e+01)
Epoch: [172][ 60/247]	Time  0.068 ( 0.537)	Data  0.000 ( 0.455)	Loss 1.0785e+01 (1.0654e+01)
Epoch: [172][ 80/247]	Time  0.085 ( 0.426)	Data  0.000 ( 0.343)	Loss 1.0701e+01 (1.0654e+01)
Epoch: [172][100/247]	Time  0.092 ( 0.359)	Data  0.000 ( 0.275)	Loss 1.0804e+01 (1.0656e+01)
Epoch: [172][120/247]	Time  0.093 ( 0.314)	Data  0.000 ( 0.230)	Loss 1.0750e+01 (1.0654e+01)
Epoch: [172][140/247]	Time  0.084 ( 0.282)	Data  0.000 ( 0.197)	Loss 1.0644e+01 (1.0648e+01)
Epoch: [172][160/247]	Time  0.086 ( 0.258)	Data  0.000 ( 0.173)	Loss 1.0669e+01 (1.0648e+01)
Epoch: [172][180/247]	Time  0.087 ( 0.239)	Data  0.000 ( 0.154)	Loss 1.0677e+01 (1.0650e+01)
Epoch: [172][200/247]	Time  0.095 ( 0.225)	Data  0.000 ( 0.138)	Loss 1.0632e+01 (1.0653e+01)
Epoch: [172][220/247]	Time  0.084 ( 0.212)	Data  0.000 ( 0.126)	Loss 1.0601e+01 (1.0651e+01)
Epoch: [172][240/247]	Time  0.076 ( 0.202)	Data  0.000 ( 0.115)	Loss 1.0525e+01 (1.0648e+01)
Epoch: [173][  0/247]	Time 27.904 (27.904)	Data 27.797 (27.797)	Loss 1.0684e+01 (1.0684e+01)
Epoch: [173][ 20/247]	Time  0.082 ( 1.409)	Data  0.000 ( 1.324)	Loss 1.0856e+01 (1.0658e+01)
Epoch: [173][ 40/247]	Time  0.079 ( 0.763)	Data  0.000 ( 0.678)	Loss 1.0781e+01 (1.0674e+01)
Epoch: [173][ 60/247]	Time  0.093 ( 0.541)	Data  0.000 ( 0.456)	Loss 1.0730e+01 (1.0662e+01)
Epoch: [173][ 80/247]	Time  0.083 ( 0.429)	Data  0.000 ( 0.343)	Loss 1.0503e+01 (1.0661e+01)
Epoch: [173][100/247]	Time  0.083 ( 0.361)	Data  0.000 ( 0.275)	Loss 1.0702e+01 (1.0663e+01)
Epoch: [173][120/247]	Time  0.088 ( 0.315)	Data  0.000 ( 0.230)	Loss 1.0720e+01 (1.0663e+01)
Epoch: [173][140/247]	Time  0.087 ( 0.283)	Data  0.000 ( 0.197)	Loss 1.0569e+01 (1.0658e+01)
Epoch: [173][160/247]	Time  0.085 ( 0.258)	Data  0.000 ( 0.173)	Loss 1.0779e+01 (1.0658e+01)
Epoch: [173][180/247]	Time  0.084 ( 0.239)	Data  0.000 ( 0.154)	Loss 1.0597e+01 (1.0655e+01)
Epoch: [173][200/247]	Time  0.084 ( 0.224)	Data  0.000 ( 0.139)	Loss 1.0571e+01 (1.0658e+01)
Epoch: [173][220/247]	Time  0.086 ( 0.211)	Data  0.000 ( 0.126)	Loss 1.0590e+01 (1.0658e+01)
Epoch: [173][240/247]	Time  0.074 ( 0.200)	Data  0.000 ( 0.116)	Loss 1.0420e+01 (1.0657e+01)
Epoch: [174][  0/247]	Time 28.005 (28.005)	Data 27.897 (27.897)	Loss 1.0676e+01 (1.0676e+01)
Epoch: [174][ 20/247]	Time  0.085 ( 1.414)	Data  0.000 ( 1.329)	Loss 1.0530e+01 (1.0641e+01)
Epoch: [174][ 40/247]	Time  0.080 ( 0.765)	Data  0.000 ( 0.681)	Loss 1.0741e+01 (1.0663e+01)
Epoch: [174][ 60/247]	Time  0.082 ( 0.542)	Data  0.000 ( 0.458)	Loss 1.0586e+01 (1.0664e+01)
Epoch: [174][ 80/247]	Time  0.085 ( 0.429)	Data  0.000 ( 0.345)	Loss 1.0493e+01 (1.0661e+01)
Epoch: [174][100/247]	Time  0.085 ( 0.361)	Data  0.000 ( 0.276)	Loss 1.0468e+01 (1.0656e+01)
Epoch: [174][120/247]	Time  0.084 ( 0.317)	Data  0.000 ( 0.231)	Loss 1.0575e+01 (1.0655e+01)
Epoch: [174][140/247]	Time  0.085 ( 0.284)	Data  0.000 ( 0.198)	Loss 1.0577e+01 (1.0655e+01)
Epoch: [174][160/247]	Time  0.084 ( 0.259)	Data  0.000 ( 0.174)	Loss 1.0784e+01 (1.0658e+01)
Epoch: [174][180/247]	Time  0.083 ( 0.240)	Data  0.000 ( 0.154)	Loss 1.0603e+01 (1.0661e+01)
Epoch: [174][200/247]	Time  0.083 ( 0.224)	Data  0.000 ( 0.139)	Loss 1.0567e+01 (1.0658e+01)
Epoch: [174][220/247]	Time  0.083 ( 0.212)	Data  0.000 ( 0.127)	Loss 1.0617e+01 (1.0655e+01)
Epoch: [174][240/247]	Time  0.076 ( 0.201)	Data  0.000 ( 0.116)	Loss 1.0704e+01 (1.0655e+01)
Epoch: [175][  0/247]	Time 27.944 (27.944)	Data 27.822 (27.822)	Loss 1.0586e+01 (1.0586e+01)
Epoch: [175][ 20/247]	Time  0.088 ( 1.412)	Data  0.000 ( 1.325)	Loss 1.0698e+01 (1.0664e+01)
Epoch: [175][ 40/247]	Time  0.081 ( 0.763)	Data  0.000 ( 0.679)	Loss 1.0780e+01 (1.0661e+01)
Epoch: [175][ 60/247]	Time  0.088 ( 0.541)	Data  0.000 ( 0.456)	Loss 1.0528e+01 (1.0657e+01)
Epoch: [175][ 80/247]	Time  0.083 ( 0.428)	Data  0.000 ( 0.344)	Loss 1.0735e+01 (1.0658e+01)
Epoch: [175][100/247]	Time  0.085 ( 0.360)	Data  0.000 ( 0.276)	Loss 1.0619e+01 (1.0658e+01)
Epoch: [175][120/247]	Time  0.082 ( 0.315)	Data  0.000 ( 0.230)	Loss 1.0585e+01 (1.0653e+01)
Epoch: [175][140/247]	Time  0.089 ( 0.282)	Data  0.000 ( 0.198)	Loss 1.0568e+01 (1.0649e+01)
Epoch: [175][160/247]	Time  0.087 ( 0.258)	Data  0.000 ( 0.173)	Loss 1.0523e+01 (1.0650e+01)
Epoch: [175][180/247]	Time  0.083 ( 0.239)	Data  0.000 ( 0.154)	Loss 1.0782e+01 (1.0648e+01)
Epoch: [175][200/247]	Time  0.082 ( 0.224)	Data  0.000 ( 0.139)	Loss 1.0741e+01 (1.0651e+01)
Epoch: [175][220/247]	Time  0.082 ( 0.211)	Data  0.000 ( 0.126)	Loss 1.0642e+01 (1.0651e+01)
Epoch: [175][240/247]	Time  0.069 ( 0.201)	Data  0.000 ( 0.116)	Loss 1.0699e+01 (1.0651e+01)
Epoch: [176][  0/247]	Time 27.935 (27.935)	Data 27.828 (27.828)	Loss 1.0676e+01 (1.0676e+01)
Epoch: [176][ 20/247]	Time  0.099 ( 1.410)	Data  0.001 ( 1.325)	Loss 1.0473e+01 (1.0675e+01)
Epoch: [176][ 40/247]	Time  0.081 ( 0.766)	Data  0.000 ( 0.679)	Loss 1.0679e+01 (1.0664e+01)
Epoch: [176][ 60/247]	Time  0.088 ( 0.542)	Data  0.000 ( 0.456)	Loss 1.0523e+01 (1.0661e+01)
Epoch: [176][ 80/247]	Time  0.084 ( 0.429)	Data  0.000 ( 0.344)	Loss 1.0635e+01 (1.0653e+01)
Epoch: [176][100/247]	Time  0.084 ( 0.362)	Data  0.000 ( 0.276)	Loss 1.0646e+01 (1.0654e+01)
Epoch: [176][120/247]	Time  0.084 ( 0.316)	Data  0.000 ( 0.230)	Loss 1.0638e+01 (1.0654e+01)
Epoch: [176][140/247]	Time  0.084 ( 0.283)	Data  0.000 ( 0.198)	Loss 1.0615e+01 (1.0650e+01)
Epoch: [176][160/247]	Time  0.086 ( 0.259)	Data  0.000 ( 0.173)	Loss 1.0482e+01 (1.0650e+01)
Epoch: [176][180/247]	Time  0.083 ( 0.240)	Data  0.000 ( 0.154)	Loss 1.0852e+01 (1.0655e+01)
Epoch: [176][200/247]	Time  0.082 ( 0.224)	Data  0.000 ( 0.139)	Loss 1.0587e+01 (1.0656e+01)
Epoch: [176][220/247]	Time  0.085 ( 0.212)	Data  0.000 ( 0.126)	Loss 1.0759e+01 (1.0656e+01)
Epoch: [176][240/247]	Time  0.074 ( 0.201)	Data  0.000 ( 0.116)	Loss 1.0619e+01 (1.0655e+01)
Epoch: [177][  0/247]	Time 28.159 (28.159)	Data 28.031 (28.031)	Loss 1.0601e+01 (1.0601e+01)
Epoch: [177][ 20/247]	Time  0.087 ( 1.423)	Data  0.000 ( 1.335)	Loss 1.0636e+01 (1.0666e+01)
Epoch: [177][ 40/247]	Time  0.079 ( 0.771)	Data  0.000 ( 0.684)	Loss 1.0648e+01 (1.0662e+01)
Epoch: [177][ 60/247]	Time  0.077 ( 0.544)	Data  0.000 ( 0.460)	Loss 1.0698e+01 (1.0662e+01)
Epoch: [177][ 80/247]	Time  0.090 ( 0.430)	Data  0.000 ( 0.346)	Loss 1.0710e+01 (1.0654e+01)
Epoch: [177][100/247]	Time  0.087 ( 0.362)	Data  0.000 ( 0.278)	Loss 1.0630e+01 (1.0653e+01)
Epoch: [177][120/247]	Time  0.086 ( 0.316)	Data  0.000 ( 0.232)	Loss 1.0800e+01 (1.0653e+01)
Epoch: [177][140/247]	Time  0.088 ( 0.284)	Data  0.000 ( 0.199)	Loss 1.0637e+01 (1.0649e+01)
Epoch: [177][160/247]	Time  0.085 ( 0.259)	Data  0.000 ( 0.174)	Loss 1.0615e+01 (1.0653e+01)
Epoch: [177][180/247]	Time  0.083 ( 0.240)	Data  0.000 ( 0.155)	Loss 1.0686e+01 (1.0656e+01)
Epoch: [177][200/247]	Time  0.085 ( 0.225)	Data  0.000 ( 0.140)	Loss 1.0665e+01 (1.0654e+01)
Epoch: [177][220/247]	Time  0.086 ( 0.212)	Data  0.000 ( 0.127)	Loss 1.0745e+01 (1.0656e+01)
Epoch: [177][240/247]	Time  0.074 ( 0.202)	Data  0.000 ( 0.117)	Loss 1.0856e+01 (1.0658e+01)
Epoch: [178][  0/247]	Time 27.948 (27.948)	Data 27.829 (27.829)	Loss 1.0562e+01 (1.0562e+01)
Epoch: [178][ 20/247]	Time  0.085 ( 1.412)	Data  0.000 ( 1.325)	Loss 1.0714e+01 (1.0619e+01)
Epoch: [178][ 40/247]	Time  0.082 ( 0.763)	Data  0.000 ( 0.679)	Loss 1.0734e+01 (1.0642e+01)
Epoch: [178][ 60/247]	Time  0.085 ( 0.541)	Data  0.000 ( 0.457)	Loss 1.0713e+01 (1.0642e+01)
Epoch: [178][ 80/247]	Time  0.082 ( 0.429)	Data  0.000 ( 0.344)	Loss 1.0593e+01 (1.0642e+01)
Epoch: [178][100/247]	Time  0.088 ( 0.361)	Data  0.000 ( 0.276)	Loss 1.0722e+01 (1.0646e+01)
Epoch: [178][120/247]	Time  0.083 ( 0.316)	Data  0.000 ( 0.230)	Loss 1.0635e+01 (1.0648e+01)
Epoch: [178][140/247]	Time  0.085 ( 0.283)	Data  0.000 ( 0.198)	Loss 1.0617e+01 (1.0648e+01)
Epoch: [178][160/247]	Time  0.087 ( 0.258)	Data  0.000 ( 0.173)	Loss 1.0594e+01 (1.0652e+01)
Epoch: [178][180/247]	Time  0.083 ( 0.239)	Data  0.000 ( 0.154)	Loss 1.0743e+01 (1.0656e+01)
Epoch: [178][200/247]	Time  0.088 ( 0.224)	Data  0.000 ( 0.139)	Loss 1.0569e+01 (1.0655e+01)
Epoch: [178][220/247]	Time  0.088 ( 0.211)	Data  0.000 ( 0.126)	Loss 1.0640e+01 (1.0654e+01)
Epoch: [178][240/247]	Time  0.075 ( 0.201)	Data  0.000 ( 0.116)	Loss 1.0586e+01 (1.0653e+01)
Epoch: [179][  0/247]	Time 28.105 (28.105)	Data 27.984 (27.984)	Loss 1.0739e+01 (1.0739e+01)
Epoch: [179][ 20/247]	Time  0.086 ( 1.420)	Data  0.000 ( 1.333)	Loss 1.0619e+01 (1.0630e+01)
Epoch: [179][ 40/247]	Time  0.082 ( 0.766)	Data  0.000 ( 0.683)	Loss 1.0772e+01 (1.0651e+01)
Epoch: [179][ 60/247]	Time  0.086 ( 0.542)	Data  0.000 ( 0.459)	Loss 1.0576e+01 (1.0632e+01)
Epoch: [179][ 80/247]	Time  0.085 ( 0.429)	Data  0.000 ( 0.346)	Loss 1.0695e+01 (1.0637e+01)
Epoch: [179][100/247]	Time  0.087 ( 0.362)	Data  0.000 ( 0.277)	Loss 1.0493e+01 (1.0635e+01)
Epoch: [179][120/247]	Time  0.086 ( 0.316)	Data  0.000 ( 0.232)	Loss 1.0683e+01 (1.0646e+01)
Epoch: [179][140/247]	Time  0.078 ( 0.284)	Data  0.000 ( 0.199)	Loss 1.0721e+01 (1.0649e+01)
Epoch: [179][160/247]	Time  0.083 ( 0.259)	Data  0.000 ( 0.174)	Loss 1.0655e+01 (1.0650e+01)
Epoch: [179][180/247]	Time  0.082 ( 0.240)	Data  0.000 ( 0.155)	Loss 1.0620e+01 (1.0655e+01)
Epoch: [179][200/247]	Time  0.088 ( 0.225)	Data  0.000 ( 0.140)	Loss 1.0550e+01 (1.0655e+01)
Epoch: [179][220/247]	Time  0.085 ( 0.212)	Data  0.000 ( 0.127)	Loss 1.0520e+01 (1.0653e+01)
Epoch: [179][240/247]	Time  0.076 ( 0.202)	Data  0.000 ( 0.116)	Loss 1.0691e+01 (1.0654e+01)
Epoch: [180][  0/247]	Time 27.931 (27.931)	Data 27.817 (27.817)	Loss 1.0712e+01 (1.0712e+01)
Epoch: [180][ 20/247]	Time  0.080 ( 1.406)	Data  0.000 ( 1.325)	Loss 1.0656e+01 (1.0673e+01)
Epoch: [180][ 40/247]	Time  0.080 ( 0.762)	Data  0.000 ( 0.679)	Loss 1.0668e+01 (1.0644e+01)
Epoch: [180][ 60/247]	Time  0.091 ( 0.540)	Data  0.000 ( 0.456)	Loss 1.0723e+01 (1.0646e+01)
Epoch: [180][ 80/247]	Time  0.083 ( 0.428)	Data  0.000 ( 0.344)	Loss 1.0585e+01 (1.0652e+01)
Epoch: [180][100/247]	Time  0.087 ( 0.360)	Data  0.000 ( 0.276)	Loss 1.0727e+01 (1.0647e+01)
Epoch: [180][120/247]	Time  0.086 ( 0.315)	Data  0.000 ( 0.230)	Loss 1.0814e+01 (1.0651e+01)
Epoch: [180][140/247]	Time  0.090 ( 0.283)	Data  0.000 ( 0.198)	Loss 1.0750e+01 (1.0660e+01)
Epoch: [180][160/247]	Time  0.086 ( 0.258)	Data  0.000 ( 0.173)	Loss 1.0554e+01 (1.0658e+01)
Epoch: [180][180/247]	Time  0.084 ( 0.239)	Data  0.000 ( 0.154)	Loss 1.0682e+01 (1.0659e+01)
Epoch: [180][200/247]	Time  0.084 ( 0.224)	Data  0.000 ( 0.139)	Loss 1.0451e+01 (1.0657e+01)
Epoch: [180][220/247]	Time  0.089 ( 0.212)	Data  0.000 ( 0.126)	Loss 1.0622e+01 (1.0655e+01)
Epoch: [180][240/247]	Time  0.080 ( 0.201)	Data  0.000 ( 0.116)	Loss 1.0736e+01 (1.0656e+01)
Epoch: [181][  0/247]	Time 28.045 (28.045)	Data 27.946 (27.946)	Loss 1.0667e+01 (1.0667e+01)
Epoch: [181][ 20/247]	Time  0.082 ( 1.415)	Data  0.000 ( 1.331)	Loss 1.0665e+01 (1.0676e+01)
Epoch: [181][ 40/247]	Time  0.080 ( 0.766)	Data  0.000 ( 0.682)	Loss 1.0620e+01 (1.0666e+01)
Epoch: [181][ 60/247]	Time  0.087 ( 0.543)	Data  0.000 ( 0.458)	Loss 1.0709e+01 (1.0662e+01)
Epoch: [181][ 80/247]	Time  0.086 ( 0.430)	Data  0.000 ( 0.345)	Loss 1.0595e+01 (1.0656e+01)
Epoch: [181][100/247]	Time  0.090 ( 0.363)	Data  0.000 ( 0.277)	Loss 1.0501e+01 (1.0656e+01)
Epoch: [181][120/247]	Time  0.084 ( 0.317)	Data  0.000 ( 0.231)	Loss 1.0703e+01 (1.0659e+01)
Epoch: [181][140/247]	Time  0.085 ( 0.284)	Data  0.000 ( 0.198)	Loss 1.0827e+01 (1.0664e+01)
Epoch: [181][160/247]	Time  0.092 ( 0.260)	Data  0.000 ( 0.174)	Loss 1.0750e+01 (1.0665e+01)
Epoch: [181][180/247]	Time  0.085 ( 0.241)	Data  0.000 ( 0.155)	Loss 1.0730e+01 (1.0662e+01)
Epoch: [181][200/247]	Time  0.087 ( 0.225)	Data  0.000 ( 0.139)	Loss 1.0673e+01 (1.0662e+01)
Epoch: [181][220/247]	Time  0.087 ( 0.213)	Data  0.000 ( 0.127)	Loss 1.0680e+01 (1.0664e+01)
Epoch: [181][240/247]	Time  0.074 ( 0.202)	Data  0.000 ( 0.116)	Loss 1.0728e+01 (1.0665e+01)
Epoch: [182][  0/247]	Time 27.701 (27.701)	Data 27.597 (27.597)	Loss 1.0675e+01 (1.0675e+01)
Epoch: [182][ 20/247]	Time  0.083 ( 1.403)	Data  0.000 ( 1.315)	Loss 1.0611e+01 (1.0617e+01)
Epoch: [182][ 40/247]	Time  0.080 ( 0.760)	Data  0.000 ( 0.674)	Loss 1.0764e+01 (1.0655e+01)
Epoch: [182][ 60/247]	Time  0.088 ( 0.539)	Data  0.000 ( 0.453)	Loss 1.0569e+01 (1.0665e+01)
Epoch: [182][ 80/247]	Time  0.083 ( 0.427)	Data  0.000 ( 0.341)	Loss 1.0676e+01 (1.0655e+01)
Epoch: [182][100/247]	Time  0.084 ( 0.359)	Data  0.000 ( 0.274)	Loss 1.0570e+01 (1.0655e+01)
Epoch: [182][120/247]	Time  0.087 ( 0.314)	Data  0.000 ( 0.229)	Loss 1.0714e+01 (1.0655e+01)
Epoch: [182][140/247]	Time  0.086 ( 0.282)	Data  0.000 ( 0.196)	Loss 1.0684e+01 (1.0651e+01)
Epoch: [182][160/247]	Time  0.085 ( 0.258)	Data  0.000 ( 0.172)	Loss 1.0621e+01 (1.0650e+01)
Epoch: [182][180/247]	Time  0.082 ( 0.239)	Data  0.000 ( 0.153)	Loss 1.0663e+01 (1.0652e+01)
Epoch: [182][200/247]	Time  0.084 ( 0.223)	Data  0.000 ( 0.138)	Loss 1.0758e+01 (1.0657e+01)
Epoch: [182][220/247]	Time  0.088 ( 0.211)	Data  0.000 ( 0.125)	Loss 1.0530e+01 (1.0657e+01)
Epoch: [182][240/247]	Time  0.078 ( 0.201)	Data  0.000 ( 0.115)	Loss 1.0732e+01 (1.0659e+01)
Epoch: [183][  0/247]	Time 27.841 (27.841)	Data 27.722 (27.722)	Loss 1.0600e+01 (1.0600e+01)
Epoch: [183][ 20/247]	Time  0.089 ( 1.408)	Data  0.000 ( 1.320)	Loss 1.0649e+01 (1.0641e+01)
Epoch: [183][ 40/247]	Time  0.086 ( 0.764)	Data  0.000 ( 0.676)	Loss 1.0614e+01 (1.0634e+01)
Epoch: [183][ 60/247]	Time  0.086 ( 0.542)	Data  0.000 ( 0.455)	Loss 1.0619e+01 (1.0652e+01)
Epoch: [183][ 80/247]	Time  0.090 ( 0.429)	Data  0.000 ( 0.343)	Loss 1.0506e+01 (1.0653e+01)
Epoch: [183][100/247]	Time  0.083 ( 0.361)	Data  0.000 ( 0.275)	Loss 1.0654e+01 (1.0657e+01)
Epoch: [183][120/247]	Time  0.086 ( 0.316)	Data  0.000 ( 0.229)	Loss 1.0640e+01 (1.0654e+01)
Epoch: [183][140/247]	Time  0.084 ( 0.283)	Data  0.000 ( 0.197)	Loss 1.0871e+01 (1.0653e+01)
Epoch: [183][160/247]	Time  0.087 ( 0.259)	Data  0.000 ( 0.172)	Loss 1.0678e+01 (1.0654e+01)
Epoch: [183][180/247]	Time  0.083 ( 0.240)	Data  0.000 ( 0.153)	Loss 1.0651e+01 (1.0661e+01)
Epoch: [183][200/247]	Time  0.085 ( 0.224)	Data  0.000 ( 0.138)	Loss 1.0558e+01 (1.0661e+01)
Epoch: [183][220/247]	Time  0.091 ( 0.212)	Data  0.000 ( 0.126)	Loss 1.0690e+01 (1.0663e+01)
Epoch: [183][240/247]	Time  0.074 ( 0.201)	Data  0.000 ( 0.115)	Loss 1.0771e+01 (1.0664e+01)
Epoch: [184][  0/247]	Time 28.022 (28.022)	Data 27.914 (27.914)	Loss 1.0564e+01 (1.0564e+01)
Epoch: [184][ 20/247]	Time  0.086 ( 1.416)	Data  0.000 ( 1.330)	Loss 1.0700e+01 (1.0673e+01)
Epoch: [184][ 40/247]	Time  0.082 ( 0.767)	Data  0.000 ( 0.681)	Loss 1.0693e+01 (1.0665e+01)
Epoch: [184][ 60/247]	Time  0.085 ( 0.544)	Data  0.000 ( 0.458)	Loss 1.0693e+01 (1.0680e+01)
Epoch: [184][ 80/247]	Time  0.084 ( 0.431)	Data  0.000 ( 0.345)	Loss 1.0819e+01 (1.0673e+01)
Epoch: [184][100/247]	Time  0.086 ( 0.362)	Data  0.000 ( 0.277)	Loss 1.0611e+01 (1.0675e+01)
Epoch: [184][120/247]	Time  0.087 ( 0.317)	Data  0.000 ( 0.231)	Loss 1.0722e+01 (1.0676e+01)
Epoch: [184][140/247]	Time  0.086 ( 0.284)	Data  0.000 ( 0.198)	Loss 1.0709e+01 (1.0670e+01)
Epoch: [184][160/247]	Time  0.087 ( 0.259)	Data  0.000 ( 0.174)	Loss 1.0661e+01 (1.0667e+01)
Epoch: [184][180/247]	Time  0.093 ( 0.240)	Data  0.000 ( 0.155)	Loss 1.0573e+01 (1.0666e+01)
Epoch: [184][200/247]	Time  0.084 ( 0.224)	Data  0.000 ( 0.139)	Loss 1.0672e+01 (1.0667e+01)
Epoch: [184][220/247]	Time  0.082 ( 0.212)	Data  0.000 ( 0.127)	Loss 1.0631e+01 (1.0667e+01)
Epoch: [184][240/247]	Time  0.076 ( 0.201)	Data  0.000 ( 0.116)	Loss 1.0853e+01 (1.0672e+01)
Epoch: [185][  0/247]	Time 27.980 (27.980)	Data 27.867 (27.867)	Loss 1.0795e+01 (1.0795e+01)
Epoch: [185][ 20/247]	Time  0.098 ( 1.414)	Data  0.000 ( 1.327)	Loss 1.0751e+01 (1.0738e+01)
Epoch: [185][ 40/247]	Time  0.082 ( 0.766)	Data  0.000 ( 0.680)	Loss 1.0721e+01 (1.0688e+01)
Epoch: [185][ 60/247]	Time  0.084 ( 0.543)	Data  0.000 ( 0.457)	Loss 1.0777e+01 (1.0686e+01)
Epoch: [185][ 80/247]	Time  0.085 ( 0.431)	Data  0.000 ( 0.344)	Loss 1.0730e+01 (1.0686e+01)
Epoch: [185][100/247]	Time  0.084 ( 0.362)	Data  0.000 ( 0.276)	Loss 1.0689e+01 (1.0687e+01)
Epoch: [185][120/247]	Time  0.088 ( 0.317)	Data  0.000 ( 0.231)	Loss 1.0609e+01 (1.0687e+01)
Epoch: [185][140/247]	Time  0.085 ( 0.284)	Data  0.000 ( 0.198)	Loss 1.0646e+01 (1.0685e+01)
Epoch: [185][160/247]	Time  0.083 ( 0.260)	Data  0.000 ( 0.173)	Loss 1.0826e+01 (1.0682e+01)
Epoch: [185][180/247]	Time  0.087 ( 0.240)	Data  0.000 ( 0.154)	Loss 1.0817e+01 (1.0680e+01)
Epoch: [185][200/247]	Time  0.092 ( 0.225)	Data  0.000 ( 0.139)	Loss 1.0722e+01 (1.0679e+01)
Epoch: [185][220/247]	Time  0.088 ( 0.213)	Data  0.000 ( 0.126)	Loss 1.0775e+01 (1.0680e+01)
Epoch: [185][240/247]	Time  0.076 ( 0.202)	Data  0.000 ( 0.116)	Loss 1.0703e+01 (1.0680e+01)
Epoch: [186][  0/247]	Time 27.982 (27.982)	Data 27.892 (27.892)	Loss 1.0559e+01 (1.0559e+01)
Epoch: [186][ 20/247]	Time  0.084 ( 1.414)	Data  0.000 ( 1.328)	Loss 1.0675e+01 (1.0674e+01)
Epoch: [186][ 40/247]	Time  0.081 ( 0.766)	Data  0.000 ( 0.681)	Loss 1.0750e+01 (1.0676e+01)
Epoch: [186][ 60/247]	Time  0.091 ( 0.543)	Data  0.000 ( 0.458)	Loss 1.0583e+01 (1.0687e+01)
Epoch: [186][ 80/247]	Time  0.081 ( 0.430)	Data  0.000 ( 0.345)	Loss 1.0699e+01 (1.0693e+01)
Epoch: [186][100/247]	Time  0.090 ( 0.361)	Data  0.000 ( 0.276)	Loss 1.0727e+01 (1.0693e+01)
Epoch: [186][120/247]	Time  0.082 ( 0.316)	Data  0.000 ( 0.231)	Loss 1.0572e+01 (1.0692e+01)
Epoch: [186][140/247]	Time  0.090 ( 0.284)	Data  0.000 ( 0.198)	Loss 1.0571e+01 (1.0687e+01)
Epoch: [186][160/247]	Time  0.098 ( 0.259)	Data  0.001 ( 0.174)	Loss 1.0776e+01 (1.0686e+01)
Epoch: [186][180/247]	Time  0.085 ( 0.240)	Data  0.000 ( 0.154)	Loss 1.0515e+01 (1.0680e+01)
Epoch: [186][200/247]	Time  0.086 ( 0.225)	Data  0.000 ( 0.139)	Loss 1.0712e+01 (1.0682e+01)
Epoch: [186][220/247]	Time  0.083 ( 0.212)	Data  0.000 ( 0.127)	Loss 1.0686e+01 (1.0682e+01)
Epoch: [186][240/247]	Time  0.076 ( 0.201)	Data  0.000 ( 0.116)	Loss 1.0588e+01 (1.0681e+01)
Epoch: [187][  0/247]	Time 27.928 (27.928)	Data 27.811 (27.811)	Loss 1.0601e+01 (1.0601e+01)
Epoch: [187][ 20/247]	Time  0.085 ( 1.422)	Data  0.000 ( 1.325)	Loss 1.0821e+01 (1.0670e+01)
Epoch: [187][ 40/247]	Time  0.081 ( 0.770)	Data  0.000 ( 0.679)	Loss 1.0714e+01 (1.0677e+01)
Epoch: [187][ 60/247]	Time  0.079 ( 0.545)	Data  0.000 ( 0.456)	Loss 1.0720e+01 (1.0681e+01)
Epoch: [187][ 80/247]	Time  0.087 ( 0.430)	Data  0.000 ( 0.344)	Loss 1.0644e+01 (1.0676e+01)
Epoch: [187][100/247]	Time  0.076 ( 0.362)	Data  0.000 ( 0.276)	Loss 1.0743e+01 (1.0680e+01)
Epoch: [187][120/247]	Time  0.095 ( 0.315)	Data  0.000 ( 0.230)	Loss 1.0533e+01 (1.0680e+01)
Epoch: [187][140/247]	Time  0.089 ( 0.283)	Data  0.000 ( 0.198)	Loss 1.0846e+01 (1.0680e+01)
Epoch: [187][160/247]	Time  0.088 ( 0.258)	Data  0.000 ( 0.173)	Loss 1.0638e+01 (1.0681e+01)
Epoch: [187][180/247]	Time  0.085 ( 0.239)	Data  0.000 ( 0.154)	Loss 1.0861e+01 (1.0683e+01)
Epoch: [187][200/247]	Time  0.086 ( 0.224)	Data  0.000 ( 0.139)	Loss 1.0474e+01 (1.0687e+01)
Epoch: [187][220/247]	Time  0.089 ( 0.211)	Data  0.000 ( 0.126)	Loss 1.0723e+01 (1.0687e+01)
Epoch: [187][240/247]	Time  0.076 ( 0.201)	Data  0.000 ( 0.116)	Loss 1.0616e+01 (1.0685e+01)
Epoch: [188][  0/247]	Time 28.075 (28.075)	Data 27.953 (27.953)	Loss 1.0754e+01 (1.0754e+01)
Epoch: [188][ 20/247]	Time  0.091 ( 1.424)	Data  0.000 ( 1.331)	Loss 1.0716e+01 (1.0691e+01)
Epoch: [188][ 40/247]	Time  0.091 ( 0.772)	Data  0.000 ( 0.682)	Loss 1.0660e+01 (1.0689e+01)
Epoch: [188][ 60/247]	Time  0.086 ( 0.547)	Data  0.000 ( 0.459)	Loss 1.0644e+01 (1.0693e+01)
Epoch: [188][ 80/247]	Time  0.084 ( 0.433)	Data  0.000 ( 0.345)	Loss 1.0668e+01 (1.0693e+01)
Epoch: [188][100/247]	Time  0.088 ( 0.364)	Data  0.000 ( 0.277)	Loss 1.0739e+01 (1.0698e+01)
Epoch: [188][120/247]	Time  0.086 ( 0.318)	Data  0.000 ( 0.231)	Loss 1.0703e+01 (1.0701e+01)
Epoch: [188][140/247]	Time  0.086 ( 0.285)	Data  0.000 ( 0.199)	Loss 1.0731e+01 (1.0697e+01)
Epoch: [188][160/247]	Time  0.089 ( 0.260)	Data  0.000 ( 0.174)	Loss 1.0549e+01 (1.0696e+01)
Epoch: [188][180/247]	Time  0.082 ( 0.241)	Data  0.000 ( 0.155)	Loss 1.0660e+01 (1.0691e+01)
Epoch: [188][200/247]	Time  0.077 ( 0.225)	Data  0.000 ( 0.139)	Loss 1.0719e+01 (1.0693e+01)
Epoch: [188][220/247]	Time  0.091 ( 0.212)	Data  0.000 ( 0.127)	Loss 1.0702e+01 (1.0692e+01)
Epoch: [188][240/247]	Time  0.076 ( 0.202)	Data  0.000 ( 0.116)	Loss 1.0611e+01 (1.0693e+01)
Epoch: [189][  0/247]	Time 27.934 (27.934)	Data 27.834 (27.834)	Loss 1.0713e+01 (1.0713e+01)
Epoch: [189][ 20/247]	Time  0.077 ( 1.406)	Data  0.000 ( 1.326)	Loss 1.0716e+01 (1.0681e+01)
Epoch: [189][ 40/247]	Time  0.082 ( 0.761)	Data  0.000 ( 0.679)	Loss 1.0647e+01 (1.0683e+01)
Epoch: [189][ 60/247]	Time  0.086 ( 0.540)	Data  0.000 ( 0.457)	Loss 1.0429e+01 (1.0690e+01)
Epoch: [189][ 80/247]	Time  0.082 ( 0.429)	Data  0.000 ( 0.344)	Loss 1.0778e+01 (1.0689e+01)
Epoch: [189][100/247]	Time  0.083 ( 0.361)	Data  0.000 ( 0.276)	Loss 1.0573e+01 (1.0687e+01)
Epoch: [189][120/247]	Time  0.086 ( 0.315)	Data  0.000 ( 0.230)	Loss 1.0617e+01 (1.0688e+01)
Epoch: [189][140/247]	Time  0.092 ( 0.283)	Data  0.000 ( 0.198)	Loss 1.0774e+01 (1.0691e+01)
Epoch: [189][160/247]	Time  0.084 ( 0.258)	Data  0.000 ( 0.173)	Loss 1.0770e+01 (1.0694e+01)
Epoch: [189][180/247]	Time  0.090 ( 0.239)	Data  0.000 ( 0.154)	Loss 1.0688e+01 (1.0693e+01)
Epoch: [189][200/247]	Time  0.085 ( 0.224)	Data  0.000 ( 0.139)	Loss 1.0702e+01 (1.0688e+01)
Epoch: [189][220/247]	Time  0.086 ( 0.212)	Data  0.000 ( 0.126)	Loss 1.0761e+01 (1.0689e+01)
Epoch: [189][240/247]	Time  0.076 ( 0.201)	Data  0.000 ( 0.116)	Loss 1.0618e+01 (1.0688e+01)
Epoch: [190][  0/247]	Time 27.954 (27.954)	Data 27.853 (27.853)	Loss 1.0812e+01 (1.0812e+01)
Epoch: [190][ 20/247]	Time  0.084 ( 1.412)	Data  0.000 ( 1.327)	Loss 1.0840e+01 (1.0691e+01)
Epoch: [190][ 40/247]	Time  0.082 ( 0.765)	Data  0.000 ( 0.680)	Loss 1.0672e+01 (1.0682e+01)
Epoch: [190][ 60/247]	Time  0.086 ( 0.544)	Data  0.000 ( 0.457)	Loss 1.0712e+01 (1.0696e+01)
Epoch: [190][ 80/247]	Time  0.092 ( 0.431)	Data  0.000 ( 0.344)	Loss 1.0733e+01 (1.0700e+01)
Epoch: [190][100/247]	Time  0.085 ( 0.362)	Data  0.000 ( 0.276)	Loss 1.0673e+01 (1.0698e+01)
Epoch: [190][120/247]	Time  0.083 ( 0.316)	Data  0.000 ( 0.230)	Loss 1.0846e+01 (1.0696e+01)
Epoch: [190][140/247]	Time  0.085 ( 0.283)	Data  0.000 ( 0.198)	Loss 1.0566e+01 (1.0698e+01)
Epoch: [190][160/247]	Time  0.091 ( 0.259)	Data  0.000 ( 0.173)	Loss 1.0692e+01 (1.0699e+01)
Epoch: [190][180/247]	Time  0.076 ( 0.239)	Data  0.000 ( 0.154)	Loss 1.0722e+01 (1.0702e+01)
Epoch: [190][200/247]	Time  0.084 ( 0.223)	Data  0.000 ( 0.139)	Loss 1.0755e+01 (1.0701e+01)
Epoch: [190][220/247]	Time  0.085 ( 0.211)	Data  0.000 ( 0.126)	Loss 1.0577e+01 (1.0702e+01)
Epoch: [190][240/247]	Time  0.074 ( 0.200)	Data  0.000 ( 0.116)	Loss 1.0617e+01 (1.0701e+01)
Epoch: [191][  0/247]	Time 27.951 (27.951)	Data 27.842 (27.842)	Loss 1.0732e+01 (1.0732e+01)
Epoch: [191][ 20/247]	Time  0.086 ( 1.414)	Data  0.000 ( 1.326)	Loss 1.0704e+01 (1.0738e+01)
Epoch: [191][ 40/247]	Time  0.082 ( 0.769)	Data  0.000 ( 0.679)	Loss 1.0566e+01 (1.0709e+01)
Epoch: [191][ 60/247]	Time  0.090 ( 0.545)	Data  0.000 ( 0.457)	Loss 1.0571e+01 (1.0708e+01)
Epoch: [191][ 80/247]	Time  0.088 ( 0.432)	Data  0.000 ( 0.344)	Loss 1.0663e+01 (1.0704e+01)
Epoch: [191][100/247]	Time  0.083 ( 0.364)	Data  0.000 ( 0.276)	Loss 1.0689e+01 (1.0708e+01)
Epoch: [191][120/247]	Time  0.093 ( 0.318)	Data  0.000 ( 0.230)	Loss 1.0676e+01 (1.0706e+01)
Epoch: [191][140/247]	Time  0.081 ( 0.285)	Data  0.000 ( 0.198)	Loss 1.0758e+01 (1.0706e+01)
Epoch: [191][160/247]	Time  0.090 ( 0.259)	Data  0.000 ( 0.173)	Loss 1.0725e+01 (1.0703e+01)
Epoch: [191][180/247]	Time  0.090 ( 0.240)	Data  0.000 ( 0.154)	Loss 1.0729e+01 (1.0702e+01)
Epoch: [191][200/247]	Time  0.088 ( 0.225)	Data  0.000 ( 0.139)	Loss 1.0571e+01 (1.0704e+01)
Epoch: [191][220/247]	Time  0.083 ( 0.213)	Data  0.000 ( 0.126)	Loss 1.0708e+01 (1.0704e+01)
Epoch: [191][240/247]	Time  0.074 ( 0.202)	Data  0.000 ( 0.116)	Loss 1.0723e+01 (1.0702e+01)
Epoch: [192][  0/247]	Time 27.901 (27.901)	Data 27.794 (27.794)	Loss 1.0645e+01 (1.0645e+01)
Epoch: [192][ 20/247]	Time  0.079 ( 1.406)	Data  0.000 ( 1.324)	Loss 1.0799e+01 (1.0703e+01)
Epoch: [192][ 40/247]	Time  0.083 ( 0.762)	Data  0.000 ( 0.678)	Loss 1.0634e+01 (1.0686e+01)
Epoch: [192][ 60/247]	Time  0.090 ( 0.541)	Data  0.000 ( 0.456)	Loss 1.0615e+01 (1.0691e+01)
Epoch: [192][ 80/247]	Time  0.086 ( 0.429)	Data  0.000 ( 0.343)	Loss 1.0640e+01 (1.0693e+01)
Epoch: [192][100/247]	Time  0.090 ( 0.361)	Data  0.000 ( 0.275)	Loss 1.0678e+01 (1.0695e+01)
Epoch: [192][120/247]	Time  0.085 ( 0.316)	Data  0.000 ( 0.230)	Loss 1.0542e+01 (1.0696e+01)
Epoch: [192][140/247]	Time  0.085 ( 0.283)	Data  0.000 ( 0.197)	Loss 1.0680e+01 (1.0694e+01)
Epoch: [192][160/247]	Time  0.085 ( 0.259)	Data  0.000 ( 0.173)	Loss 1.0887e+01 (1.0698e+01)
Epoch: [192][180/247]	Time  0.085 ( 0.240)	Data  0.000 ( 0.154)	Loss 1.0563e+01 (1.0704e+01)
Epoch: [192][200/247]	Time  0.085 ( 0.224)	Data  0.000 ( 0.139)	Loss 1.0615e+01 (1.0702e+01)
Epoch: [192][220/247]	Time  0.084 ( 0.212)	Data  0.000 ( 0.126)	Loss 1.0809e+01 (1.0704e+01)
Epoch: [192][240/247]	Time  0.074 ( 0.201)	Data  0.000 ( 0.116)	Loss 1.0798e+01 (1.0704e+01)
Epoch: [193][  0/247]	Time 28.076 (28.076)	Data 27.943 (27.943)	Loss 1.0884e+01 (1.0884e+01)
Epoch: [193][ 20/247]	Time  0.087 ( 1.420)	Data  0.000 ( 1.331)	Loss 1.0770e+01 (1.0731e+01)
Epoch: [193][ 40/247]	Time  0.082 ( 0.769)	Data  0.000 ( 0.682)	Loss 1.0575e+01 (1.0714e+01)
Epoch: [193][ 60/247]	Time  0.086 ( 0.546)	Data  0.000 ( 0.458)	Loss 1.0948e+01 (1.0717e+01)
Epoch: [193][ 80/247]	Time  0.084 ( 0.432)	Data  0.000 ( 0.345)	Loss 1.0661e+01 (1.0719e+01)
Epoch: [193][100/247]	Time  0.084 ( 0.364)	Data  0.000 ( 0.277)	Loss 1.0602e+01 (1.0717e+01)
Epoch: [193][120/247]	Time  0.085 ( 0.319)	Data  0.000 ( 0.231)	Loss 1.0535e+01 (1.0714e+01)
Epoch: [193][140/247]	Time  0.089 ( 0.286)	Data  0.000 ( 0.198)	Loss 1.0624e+01 (1.0715e+01)
Epoch: [193][160/247]	Time  0.086 ( 0.261)	Data  0.000 ( 0.174)	Loss 1.0845e+01 (1.0716e+01)
Epoch: [193][180/247]	Time  0.087 ( 0.242)	Data  0.000 ( 0.155)	Loss 1.0744e+01 (1.0714e+01)
Epoch: [193][200/247]	Time  0.086 ( 0.226)	Data  0.000 ( 0.139)	Loss 1.0750e+01 (1.0714e+01)
Epoch: [193][220/247]	Time  0.089 ( 0.213)	Data  0.000 ( 0.127)	Loss 1.0587e+01 (1.0714e+01)
Epoch: [193][240/247]	Time  0.073 ( 0.202)	Data  0.000 ( 0.116)	Loss 1.0744e+01 (1.0711e+01)
Epoch: [194][  0/247]	Time 28.020 (28.020)	Data 27.905 (27.905)	Loss 1.0748e+01 (1.0748e+01)
Epoch: [194][ 20/247]	Time  0.093 ( 1.435)	Data  0.000 ( 1.329)	Loss 1.0580e+01 (1.0684e+01)
Epoch: [194][ 40/247]	Time  0.084 ( 0.777)	Data  0.000 ( 0.681)	Loss 1.0719e+01 (1.0713e+01)
Epoch: [194][ 60/247]	Time  0.084 ( 0.551)	Data  0.000 ( 0.458)	Loss 1.0739e+01 (1.0710e+01)
Epoch: [194][ 80/247]	Time  0.085 ( 0.436)	Data  0.000 ( 0.345)	Loss 1.0736e+01 (1.0713e+01)
Epoch: [194][100/247]	Time  0.083 ( 0.367)	Data  0.000 ( 0.277)	Loss 1.0623e+01 (1.0712e+01)
Epoch: [194][120/247]	Time  0.084 ( 0.320)	Data  0.000 ( 0.231)	Loss 1.0672e+01 (1.0717e+01)
Epoch: [194][140/247]	Time  0.085 ( 0.287)	Data  0.000 ( 0.198)	Loss 1.0734e+01 (1.0718e+01)
Epoch: [194][160/247]	Time  0.081 ( 0.262)	Data  0.000 ( 0.174)	Loss 1.0681e+01 (1.0717e+01)
Epoch: [194][180/247]	Time  0.091 ( 0.242)	Data  0.000 ( 0.154)	Loss 1.0606e+01 (1.0716e+01)
Epoch: [194][200/247]	Time  0.085 ( 0.227)	Data  0.000 ( 0.139)	Loss 1.0843e+01 (1.0717e+01)
Epoch: [194][220/247]	Time  0.084 ( 0.214)	Data  0.000 ( 0.127)	Loss 1.0730e+01 (1.0716e+01)
Epoch: [194][240/247]	Time  0.074 ( 0.203)	Data  0.000 ( 0.116)	Loss 1.0700e+01 (1.0716e+01)
Epoch: [195][  0/247]	Time 27.826 (27.826)	Data 27.710 (27.710)	Loss 1.0832e+01 (1.0832e+01)
Epoch: [195][ 20/247]	Time  0.081 ( 1.406)	Data  0.000 ( 1.320)	Loss 1.0657e+01 (1.0730e+01)
Epoch: [195][ 40/247]	Time  0.075 ( 0.758)	Data  0.000 ( 0.676)	Loss 1.0659e+01 (1.0722e+01)
Epoch: [195][ 60/247]	Time  0.082 ( 0.537)	Data  0.000 ( 0.455)	Loss 1.0806e+01 (1.0720e+01)
Epoch: [195][ 80/247]	Time  0.084 ( 0.425)	Data  0.000 ( 0.343)	Loss 1.0737e+01 (1.0712e+01)
Epoch: [195][100/247]	Time  0.086 ( 0.358)	Data  0.000 ( 0.276)	Loss 1.0663e+01 (1.0710e+01)
Epoch: [195][120/247]	Time  0.076 ( 0.312)	Data  0.000 ( 0.231)	Loss 1.0882e+01 (1.0714e+01)
Epoch: [195][140/247]	Time  0.082 ( 0.280)	Data  0.000 ( 0.199)	Loss 1.0559e+01 (1.0719e+01)
Epoch: [195][160/247]	Time  0.079 ( 0.256)	Data  0.000 ( 0.175)	Loss 1.0675e+01 (1.0719e+01)
Epoch: [195][180/247]	Time  0.075 ( 0.236)	Data  0.000 ( 0.156)	Loss 1.0677e+01 (1.0720e+01)
Epoch: [195][200/247]	Time  0.100 ( 0.221)	Data  0.000 ( 0.141)	Loss 1.0800e+01 (1.0720e+01)
Epoch: [195][220/247]	Time  0.085 ( 0.209)	Data  0.000 ( 0.128)	Loss 1.0635e+01 (1.0721e+01)
Epoch: [195][240/247]	Time  0.076 ( 0.198)	Data  0.000 ( 0.117)	Loss 1.0860e+01 (1.0720e+01)
Epoch: [196][  0/247]	Time 28.200 (28.200)	Data 28.086 (28.086)	Loss 1.0674e+01 (1.0674e+01)
Epoch: [196][ 20/247]	Time  0.097 ( 1.432)	Data  0.000 ( 1.338)	Loss 1.0747e+01 (1.0737e+01)
Epoch: [196][ 40/247]	Time  0.088 ( 0.774)	Data  0.000 ( 0.685)	Loss 1.0698e+01 (1.0726e+01)
Epoch: [196][ 60/247]	Time  0.087 ( 0.549)	Data  0.000 ( 0.461)	Loss 1.0592e+01 (1.0715e+01)
Epoch: [196][ 80/247]	Time  0.084 ( 0.435)	Data  0.000 ( 0.347)	Loss 1.0674e+01 (1.0721e+01)
Epoch: [196][100/247]	Time  0.082 ( 0.365)	Data  0.000 ( 0.278)	Loss 1.0721e+01 (1.0727e+01)
Epoch: [196][120/247]	Time  0.088 ( 0.319)	Data  0.000 ( 0.232)	Loss 1.0770e+01 (1.0727e+01)
Epoch: [196][140/247]	Time  0.085 ( 0.286)	Data  0.000 ( 0.199)	Loss 1.0906e+01 (1.0729e+01)
Epoch: [196][160/247]	Time  0.082 ( 0.261)	Data  0.000 ( 0.175)	Loss 1.0889e+01 (1.0728e+01)
Epoch: [196][180/247]	Time  0.086 ( 0.242)	Data  0.000 ( 0.155)	Loss 1.0705e+01 (1.0727e+01)
Epoch: [196][200/247]	Time  0.083 ( 0.226)	Data  0.000 ( 0.140)	Loss 1.0690e+01 (1.0726e+01)
Epoch: [196][220/247]	Time  0.084 ( 0.214)	Data  0.000 ( 0.127)	Loss 1.0685e+01 (1.0726e+01)
Epoch: [196][240/247]	Time  0.076 ( 0.203)	Data  0.000 ( 0.117)	Loss 1.0724e+01 (1.0724e+01)
Epoch: [197][  0/247]	Time 27.791 (27.791)	Data 27.685 (27.685)	Loss 1.0515e+01 (1.0515e+01)
Epoch: [197][ 20/247]	Time  0.086 ( 1.411)	Data  0.000 ( 1.321)	Loss 1.0824e+01 (1.0692e+01)
Epoch: [197][ 40/247]	Time  0.082 ( 0.764)	Data  0.000 ( 0.677)	Loss 1.0787e+01 (1.0726e+01)
Epoch: [197][ 60/247]	Time  0.089 ( 0.542)	Data  0.000 ( 0.455)	Loss 1.0756e+01 (1.0728e+01)
Epoch: [197][ 80/247]	Time  0.084 ( 0.429)	Data  0.000 ( 0.343)	Loss 1.0887e+01 (1.0732e+01)
Epoch: [197][100/247]	Time  0.086 ( 0.361)	Data  0.000 ( 0.275)	Loss 1.0956e+01 (1.0736e+01)
Epoch: [197][120/247]	Time  0.088 ( 0.316)	Data  0.000 ( 0.230)	Loss 1.0660e+01 (1.0737e+01)
Epoch: [197][140/247]	Time  0.086 ( 0.283)	Data  0.000 ( 0.197)	Loss 1.0595e+01 (1.0735e+01)
Epoch: [197][160/247]	Time  0.085 ( 0.259)	Data  0.000 ( 0.173)	Loss 1.0697e+01 (1.0731e+01)
Epoch: [197][180/247]	Time  0.085 ( 0.240)	Data  0.000 ( 0.154)	Loss 1.0711e+01 (1.0731e+01)
Epoch: [197][200/247]	Time  0.084 ( 0.224)	Data  0.000 ( 0.138)	Loss 1.0702e+01 (1.0728e+01)
Epoch: [197][220/247]	Time  0.085 ( 0.212)	Data  0.000 ( 0.126)	Loss 1.0598e+01 (1.0728e+01)
Epoch: [197][240/247]	Time  0.074 ( 0.201)	Data  0.000 ( 0.115)	Loss 1.0820e+01 (1.0732e+01)
Epoch: [198][  0/247]	Time 27.952 (27.952)	Data 27.827 (27.827)	Loss 1.0697e+01 (1.0697e+01)
Epoch: [198][ 20/247]	Time  0.088 ( 1.419)	Data  0.000 ( 1.325)	Loss 1.0720e+01 (1.0743e+01)
Epoch: [198][ 40/247]	Time  0.085 ( 0.769)	Data  0.000 ( 0.679)	Loss 1.0679e+01 (1.0751e+01)
Epoch: [198][ 60/247]	Time  0.087 ( 0.545)	Data  0.000 ( 0.456)	Loss 1.0816e+01 (1.0753e+01)
Epoch: [198][ 80/247]	Time  0.084 ( 0.432)	Data  0.000 ( 0.344)	Loss 1.0757e+01 (1.0744e+01)
Epoch: [198][100/247]	Time  0.091 ( 0.364)	Data  0.001 ( 0.276)	Loss 1.0641e+01 (1.0740e+01)
Epoch: [198][120/247]	Time  0.090 ( 0.318)	Data  0.000 ( 0.230)	Loss 1.0742e+01 (1.0739e+01)
Epoch: [198][140/247]	Time  0.082 ( 0.286)	Data  0.000 ( 0.198)	Loss 1.0772e+01 (1.0737e+01)
Epoch: [198][160/247]	Time  0.081 ( 0.261)	Data  0.000 ( 0.173)	Loss 1.0753e+01 (1.0740e+01)
Epoch: [198][180/247]	Time  0.080 ( 0.241)	Data  0.000 ( 0.154)	Loss 1.0699e+01 (1.0740e+01)
Epoch: [198][200/247]	Time  0.080 ( 0.226)	Data  0.000 ( 0.139)	Loss 1.0770e+01 (1.0738e+01)
Epoch: [198][220/247]	Time  0.094 ( 0.213)	Data  0.000 ( 0.126)	Loss 1.0874e+01 (1.0739e+01)
Epoch: [198][240/247]	Time  0.076 ( 0.202)	Data  0.000 ( 0.116)	Loss 1.0754e+01 (1.0739e+01)
Epoch: [199][  0/247]	Time 27.755 (27.755)	Data 27.662 (27.662)	Loss 1.0613e+01 (1.0613e+01)
Epoch: [199][ 20/247]	Time  0.081 ( 1.404)	Data  0.000 ( 1.318)	Loss 1.0751e+01 (1.0738e+01)
Epoch: [199][ 40/247]	Time  0.086 ( 0.761)	Data  0.000 ( 0.675)	Loss 1.0672e+01 (1.0742e+01)
Epoch: [199][ 60/247]	Time  0.087 ( 0.539)	Data  0.000 ( 0.454)	Loss 1.0825e+01 (1.0742e+01)
Epoch: [199][ 80/247]	Time  0.083 ( 0.427)	Data  0.000 ( 0.342)	Loss 1.0679e+01 (1.0741e+01)
Epoch: [199][100/247]	Time  0.086 ( 0.359)	Data  0.000 ( 0.274)	Loss 1.0738e+01 (1.0742e+01)
Epoch: [199][120/247]	Time  0.089 ( 0.314)	Data  0.000 ( 0.229)	Loss 1.0630e+01 (1.0740e+01)
Epoch: [199][140/247]	Time  0.094 ( 0.282)	Data  0.000 ( 0.196)	Loss 1.0672e+01 (1.0741e+01)
Epoch: [199][160/247]	Time  0.085 ( 0.257)	Data  0.000 ( 0.172)	Loss 1.0761e+01 (1.0740e+01)
Epoch: [199][180/247]	Time  0.082 ( 0.238)	Data  0.000 ( 0.153)	Loss 1.0690e+01 (1.0734e+01)
Epoch: [199][200/247]	Time  0.086 ( 0.223)	Data  0.000 ( 0.138)	Loss 1.0901e+01 (1.0740e+01)
Epoch: [199][220/247]	Time  0.086 ( 0.211)	Data  0.000 ( 0.125)	Loss 1.0743e+01 (1.0739e+01)
Epoch: [199][240/247]	Time  0.076 ( 0.200)	Data  0.000 ( 0.115)	Loss 1.0680e+01 (1.0741e+01)
cluster_proccess
tensor([0, 0, 0, 0, 0, 0, 0, 0, 0, 0, 0, 0, 0, 0, 0, 0, 0, 0, 0, 0, 0, 0, 0, 0,
        0, 0, 0, 0, 0, 0, 0, 0], device='cuda:0')
tensor([0, 0, 0, 0, 0, 0, 0, 0, 0, 0, 0, 0, 0, 0, 0, 0, 0, 0, 0, 0, 0, 0, 0, 0,
        0, 0, 0, 0, 0, 0, 0, 0], device='cuda:0')
tensor([1, 1, 1, 1, 1, 1, 1, 1, 1, 1, 1, 1, 1, 1, 1, 1, 1, 1, 1, 1, 1, 1, 1, 1,
        1, 1, 1, 1, 1, 1, 1, 1], device='cuda:0')
[rank0]:[W1001 13:44:25.342330857 ProcessGroupNCCL.cpp:1250] Warning: WARNING: process group has NOT been destroyed before we destruct ProcessGroupNCCL. On normal program exit, the application should call destroy_process_group to ensure that any pending NCCL operations have finished in this process. In rare cases this process can exit before this point and block the progress of another member of the process group. This constraint has always been present,  but this warning has only been added since PyTorch 2.4 (function operator())
Traceback (most recent call last):
  File "/home/linux/7T/lzw/projects/IDDCNF_baseline/IDDCNF_baseline_SBCL/moco/main.py", line 419, in <module>
    main()
  File "/home/linux/7T/lzw/projects/IDDCNF_baseline/IDDCNF_baseline_SBCL/moco/main.py", line 132, in main
    mp.spawn(main_worker, nprocs=ngpus_per_node, args=(ngpus_per_node, args))
  File "/home/linux/7T/lzw/projects/IDDCNF_baseline/IDDCNF_baseline_SBCL/.venv/lib/python3.10/site-packages/torch/multiprocessing/spawn.py", line 328, in spawn
    return start_processes(fn, args, nprocs, join, daemon, start_method="spawn")
  File "/home/linux/7T/lzw/projects/IDDCNF_baseline/IDDCNF_baseline_SBCL/.venv/lib/python3.10/site-packages/torch/multiprocessing/spawn.py", line 284, in start_processes
    while not context.join():
  File "/home/linux/7T/lzw/projects/IDDCNF_baseline/IDDCNF_baseline_SBCL/.venv/lib/python3.10/site-packages/torch/multiprocessing/spawn.py", line 203, in join
    raise ProcessRaisedException(msg, error_index, failed_process.pid)
torch.multiprocessing.spawn.ProcessRaisedException: 

-- Process 0 terminated with the following error:
Traceback (most recent call last):
  File "/home/linux/7T/lzw/projects/IDDCNF_baseline/IDDCNF_baseline_SBCL/.venv/lib/python3.10/site-packages/torch/multiprocessing/spawn.py", line 90, in _wrap
    fn(i, *args)
  File "/home/linux/7T/lzw/projects/IDDCNF_baseline/IDDCNF_baseline_SBCL/moco/main.py", line 303, in main_worker
    targets=cluster(train_loader_cluster,model,cluster_number,args)
  File "/home/linux/7T/lzw/projects/IDDCNF_baseline/IDDCNF_baseline_SBCL/moco/main.py", line 340, in cluster
    cluster_ids_x, cluster_centers = kmeans(X=features[i], num_clusters=cluster_number[i], distance='cosine', tol=1e-3, iter_limit=35, device=torch.device("cuda"))
TypeError: 'module' object is not callable

